taxid,group_id,description,recommendation,penalty,type,disposition
941300,1,01.MADE COMPUTER INQUIRIES UNRELATED TO OFFICIAL DEPARTMENT BUSINESS.,CHARGES AND SPECIFICATIONS,"B - COMMAND DISCIPLINE, VACATION DAYS (2 day(s) )",allegation,
971298,1,01.Body-worn camera violation.,A-CD,"A - COMMAND DISCIPLINE, FORFEITURE OF TIME/LEAVE BALANCES",allegation,
957311,1,01.Failed to prepare required reports.,B-CD,"B - COMMAND DISCIPLINE, VACATION DAYS (5 day(s) )",allegation,
960115,1,"WHILE OFF- DUTY, ENGAGED IN A PHYSICAL ALTERCATION WITH A PERSON KNOWN TO THE DEPARTMENT",,"COUNSELING, DISMISSAL PROBATION (12 month(s) ), ORDERED BREATH TESTING, PRE-TRIAL SUSPENSION DAYS (32 day(s) )",charge,GUILTY
960115,1,CONSUMED AN INTOXICANT TO THE EXTENT THAT SHE WAS UNFIT FOR DUTY,,"COUNSELING, DISMISSAL PROBATION (12 month(s) ), ORDERED BREATH TESTING, PRE-TRIAL SUSPENSION DAYS (32 day(s) )",charge,GUILTY
956362,1,01.Violated patrol rules.,B-CD,,allegation,
956362,1,01.Wrongfully frisked an individual known to the Department.,B-CD,,allegation,
955701,1,01.Violated patrol rules.,B-CD,,allegation,
955701,1,02.Wrongfully searched an individual known to the Department.,B-CD,,allegation,
955701,2,01.Failed to activate their body worn camera.,OTHER,,allegation,
955701,2,02.Failed to make required entries in Department Logs.,OTHER,,allegation,
955701,2,03.Failed to prepare required reports.,OTHER,,allegation,
948580,1,"WHILE ON-DUTY, ABUSED HIS AUTHORITY WHEN HE REFUSED TO PROVIDE HIS NAME AND SHIELD NUMBER UPON A PERSON KNOWN TO THE DEPARTMENT's REQUEST.",,VACATION DAYS (5 day(s) ),charge,GUILTY
948580,1,"WHILE ON-DUTY, WRONGFULLY ISSUED A PERSON KNOWN TO THE DEPARTMENT A SUMMONS WITHOUT SUFFICIENT LEGAL AUTHORITY.",,VACATION DAYS (5 day(s) ),charge,GUILTY
948580,2,Wrongfully issued a summons to an individual known to the Department.,,VACATION DAYS (10 day(s) ),charge,GUILTY
965915,1,01.Wrongfully discourteous to an individual known to the Department.,B-CD,,allegation,
965915,2,01.Failed to activate body-worn camera.,CHARGES AND SPECIFICATIONS,"B - COMMAND DISCIPLINE, VACATION DAYS (3 day(s) )",allegation,
942923,1,WHILE ON DUTY WAS DISCOURTEOUS TO A PERSON KNOWN TO THE DEPARTMENT.,,VACATION DAYS (4 day(s) ),charge,GUILTY
942923,1,WHILE ON DUTY THREATENED TO ARREST A PERSON KNOWN TO THE DEPARTMENT WITHOUT SUFFICIENT LEGAL AUTHORITY.,,VACATION DAYS (4 day(s) ),charge,GUILTY
942924,1,WRONGFULLY OPERATED A VEHICLE WHILE UNDER THE INFLUENCE OF AN INTOXICANT.,,"COUNSELING, DISMISSAL PROBATION (12 month(s) ), ORDERED BREATH TESTING, PRE-TRIAL SUSPENSION DAYS (30 day(s) ), VACATION DAYS (10 day(s) )",charge,GUILTY
942924,1,OPERATED A VEHICLE WHILE IMPAIRED BY AN INTOXICANT.,,"COUNSELING, DISMISSAL PROBATION (12 month(s) ), ORDERED BREATH TESTING, PRE-TRIAL SUSPENSION DAYS (30 day(s) ), VACATION DAYS (10 day(s) )",charge,GUILTY
942924,1,UNFIT FOR DUTY .,,"COUNSELING, DISMISSAL PROBATION (12 month(s) ), ORDERED BREATH TESTING, PRE-TRIAL SUSPENSION DAYS (30 day(s) ), VACATION DAYS (10 day(s) )",charge,GUILTY
937932,1,01.Made computer inquiries unrelated to official Department business.,B-CD,"C - COMMAND DISCIPLINE, VACATION DAYS (4 day(s) )",allegation,
965131,1,01.Wrongful entry of a premises.,B-CD,,allegation,
965131,1,02.Wrongful search of a premises.,B-CD,,allegation,
965917,1,01.Wrongfully searched a vehicle.,CHARGES AND SPECIFICATIONS,,allegation,
965917,1,02.Wrongfully unholstered/displayed a firearm.,CHARGES AND SPECIFICATIONS,,allegation,
965917,2,01.Failed to take police action/render police services.,CHARGES AND SPECIFICATIONS,,allegation,
965917,2,01.Wrongful entry of a premises.,CHARGES AND SPECIFICATIONS,,allegation,
965917,2,02.Violated patrol rules.,CHARGES AND SPECIFICATIONS,,allegation,
965917,2,02.Wrongful search of a premises.,CHARGES AND SPECIFICATIONS,,allegation,
940184,1,01.Violated patrol rules.,B-CD,"B - COMMAND DISCIPLINE, VACATION DAYS (5 day(s) )",allegation,
940184,1,02.Wrongful search of a premises.,B-CD,"B - COMMAND DISCIPLINE, VACATION DAYS (5 day(s) )",allegation,
949954,1,DID KNOWINGLY ASSOCIATE WITH A PERSON ENGAGED IN CRIMINAL ACTIVITIES.,,VACATION DAYS (20 day(s) ),charge,GUILTY
949954,1,DID MAKE INQUIRIES ON A DEPARTMENT COMPUTER THAT DID NOT RELATE TO THE OFFICIAL BUSINESS OF THE DEPARTMENT.,,VACATION DAYS (20 day(s) ),charge,GUILTY
949954,1,POSTED PHOTOGRAPHS AND VIDEOS OF HERSELF IN UNIFORM ON INTERNET SITES WITHOUT AUTHORIZATION FROM THE DEPARTMENT.,,VACATION DAYS (20 day(s) ),charge,GUILTY
949957,1,"WHILE OFF-DUTY, FAILED TO SAFEGUARD HIS OFF-DUTY FIREARM RESULTING IN THE ACCIDENTAL DISCHARGE OF SAID FIREARM BY AN INDIVIDUAL KNOWN TO THE DEPARTMENT.",,VACATION DAYS (20 day(s) ),charge,GUILTY
949957,1,"WHILE OFF-DUTY, FAILED TO SAFEGUARD HIS OFF-DUTY FIREARM.",,VACATION DAYS (20 day(s) ),charge,GUILTY
949957,1,01.Wrongfully discourteous to an individual known to the Department.,CHARGES AND SPECIFICATIONS,,allegation,
949957,1,02.Wrongfully used offensive language.,CHARGES AND SPECIFICATIONS,,allegation,
952380,1,01.Wrongfully deactivated their body-worn camera.,OTHER,,allegation,
934975,1,01.Failure to notify.,B-CD,INSTRUCTIONS,allegation,
937937,1,FAILED AND NEGLECTED TO PROPERLY SAFEGUARD HIS FIREARM RESULTING IN THE LOSS OF SAID FIREARM.,,"PRE-TRIAL SUSPENSION DAYS (31 day(s) ), VACATION DAYS (10 day(s) )",charge,PLEADED GUILTY
937937,1,"FAILED TO IMMEDIATELY NOTIFY THE DEPARTMENT THAT HE LOST HIS SERVICE WEAPON, CANISTER OF O.C. SPRAY, DEPARTMENT RADIO, AND TWO MAGAZINES.",,"PRE-TRIAL SUSPENSION DAYS (31 day(s) ), VACATION DAYS (10 day(s) )",charge,PLEADED GUILTY
937937,1,"FAILED AND NEGLECTED TO SAFEGUARD DEPARTMENT PROPERTY IN THAT SAID OFFICER LOST HIS CANISTER OF O.C. SPRAY, DEPARTMENT RADIO, AND TWO MAGAZINES.",,"PRE-TRIAL SUSPENSION DAYS (31 day(s) ), VACATION DAYS (10 day(s) )",charge,PLEADED GUILTY
954459,1,01.Failed to activate their body worn camera.,OTHER,TRAINING,allegation,
951479,1,01.Violated patrol rules.,A-CD,,allegation,
956367,1,Left the scene of an accident.,,"DISMISSAL PROBATION (12 month(s) ), PRE-TRIAL SUSPENSION DAYS (30 day(s) ), VACATION DAYS (5 day(s) )",charge,PLEADED GUILTY
956367,1,Refused to submit to a breathalyzer/coordination test.,,"DISMISSAL PROBATION (12 month(s) ), PRE-TRIAL SUSPENSION DAYS (30 day(s) ), VACATION DAYS (5 day(s) )",charge,PLEADED GUILTY
968913,1,01.Wrongfully discourteous to an individual known to the Department.,B-CD,"B - COMMAND DISCIPLINE, VACATION DAYS (2 day(s) )",allegation,
968913,1,02.Wrongfully used offensive language.,B-CD,"B - COMMAND DISCIPLINE, VACATION DAYS (2 day(s) )",allegation,
968913,2,01.Violated patrol rules.,B-CD,"B - COMMAND DISCIPLINE, TRAINING, VACATION DAYS (1 day(s) )",allegation,
968913,2,01.Wrongfully searched a vehicle.,B-CD,"B - COMMAND DISCIPLINE, TRAINING, VACATION DAYS (1 day(s) )",allegation,
945455,1,Discharged a firearm outside Department guidelines.,,VACATION DAYS (20 day(s) ),charge,PLEADED GUILTY
966923,1,01.Wrongful entry of a premises.,B-CD,,allegation,
955705,1,Improper vehicle pursuit.,,VACATION DAYS (15 day(s) ),charge,GUILTY
955705,1,Improper vehicle pursuit.,,VACATION DAYS (15 day(s) ),charge,GUILTY
955705,1,Improper vehicle pursuit.,,VACATION DAYS (15 day(s) ),charge,GUILTY
955705,1,Failed to activate his body-worn camera.,,VACATION DAYS (15 day(s) ),charge,GUILTY
955705,2,Failed to conduct an investigation.,,"PRE-TRIAL SUSPENSION DAYS (12 day(s) ), VACATION DAYS (13 day(s) )",charge,GUILTY
960128,1,01.Failed to activate their body worn camera.,TRAINING,TRAINING,allegation,
960128,1,02.Failed to make required entries in Department Logs.,TRAINING,TRAINING,allegation,
960128,1,03.Failed to prepare required reports.,TRAINING,TRAINING,allegation,
960128,1,04.Violated patrol rules.,TRAINING,TRAINING,allegation,
966924,1,01.Violated patrol rules.,A-CD,,allegation,
966924,2,01.Violated patrol rules.,B-CD,"B - COMMAND DISCIPLINE, VACATION DAYS (3 day(s) )",allegation,
966924,2,02.Wrongfully frisked an individual.,B-CD,"B - COMMAND DISCIPLINE, VACATION DAYS (3 day(s) )",allegation,
966924,3,01.Failed to activate their body worn camera,A-CD,,allegation,
969453,1,01.Failure to safeguard firearm,C-CD,,allegation,
933593,1,SENT THREATENING TEXT MESSAGES TO A PERSON KNOWN TO THE DEPARTMENT.,,VACATION DAYS (10 day(s) ),charge,GUILTY
933593,1,CAUSED UNAUTHORIZED DEPARTMENT COMPUTER INQUIRIES TO BE MADE THAT WERE NOT RELATED TO OFFICIAL DEPARTMENT BUSINESS.,,VACATION DAYS (10 day(s) ),charge,GUILTY
955706,1,01.Failed to timely activate body worn camera.,OTHER,,allegation,
958214,1,Failed to activate body-worn camera.,,VACATION DAYS (35 day(s) ),charge,PLEADED GUILTY
958214,1,Failure to notify.,,VACATION DAYS (35 day(s) ),charge,PLEADED GUILTY
958214,1,Failed to make proper notifications to Patrol Supervisor.,,VACATION DAYS (35 day(s) ),charge,PLEADED GUILTY
958214,1,Improper Vehicle Pursuit,,VACATION DAYS (35 day(s) ),charge,PLEADED GUILTY
958214,1,01.Failed to timely activate their body worn camera.,OTHER,,allegation,
958214,2,01.Violated patrol rules.,CHARGES AND SPECIFICATIONS,,allegation,
958214,2,01.Wrongfully frisked an individual known to the Department.,CHARGES AND SPECIFICATIONS,,allegation,
958214,2,02.Wrongfully searched a vehicle.,CHARGES AND SPECIFICATIONS,,allegation,
958214,3,01.Failed to make required entries in Department Logs.,OTHER,,allegation,
958214,3,02.Failed to prepare required reports.,OTHER,,allegation,
936668,1,"WHILE OFF-DUTY, FAILED TO PROMPTLY NOTIFY OPERATIONS UNIT AFTER WITNESSING A POLICE INCIDENT .",,VACATION DAYS (30 day(s) ),charge,GUILTY
936668,1,RESPONDENT DID LEAVE HER OFF-DUTY FIREARM INSIDE OF AN UNATTENDED VEHICLE.,,VACATION DAYS (30 day(s) ),charge,GUILTY
964862,1,01.Attempted to Impede an investigation.,CHARGES AND SPECIFICATIONS,,allegation,
964862,1,02.Made false or misleading statements to ADA.,CHARGES AND SPECIFICATIONS,,allegation,
966925,1,01.Violated patrol rules - failed to provide a business card,A-CD,A - COMMAND DISCIPLINE,allegation,
942927,1,01.Harassment.,CHARGES AND SPECIFICATIONS,RESTORATION OF SUSPENSION DAYS (30 day(s) ),allegation,
953617,1,01.Violated patrol rules.,B-CD,"B - COMMAND DISCIPLINE, VACATION DAYS (1 day(s) )",allegation,
945457,1,01.Failed to make required entries in Department Logs.,OTHER,TRAINING,allegation,
945457,1,01.Violated patrol rules.,TRAINING,TRAINING,allegation,
945457,1,02.Failed to prepare required reports.,OTHER,TRAINING,allegation,
934370,1,Wrongfully stopped an individual known to the Department.,,"SUSPENDED W/O PAY (10 day(s) ), VACATION DAYS (25 day(s) )",charge,PLEADED GUILTY
934370,1,Wrongfully used physical force.,,"SUSPENDED W/O PAY (10 day(s) ), VACATION DAYS (25 day(s) )",charge,PLEADED GUILTY
934370,1,01.Wrongfully frisked an individual known to the Department.,CHARGES AND SPECIFICATIONS,TRAINING,allegation,
934370,1,02.Wrongfully stopped an individual known to the Department.,CHARGES AND SPECIFICATIONS,TRAINING,allegation,
934370,2,01.Wrongfully used physical force.,TRAINING,TRAINING,allegation,
965920,1,01.Wrongfully used physical force.,NO DISCIPLINARY ACTION,,allegation,
965920,2,01.Wrongful entry of a premises.,B-CD,"B - COMMAND DISCIPLINE, TRAINING, VACATION DAYS (5 day(s) )",allegation,
968918,1,01.Said Police Officer used a prohibited tactic during a vehicle pursuit.,C-CD,"C - COMMAND DISCIPLINE, VACATION DAYS (3 day(s) )",allegation,
929653,1,FAILURE TO SUPERVISE.,,VACATION DAYS (20 day(s) ),charge,NOLO CONTENDRE
929653,1,FAILURE TO SUPERVISE.,,VACATION DAYS (20 day(s) ),charge,NOLO CONTENDRE
929653,1,FAILURE TO TAKE POLICE ACTION.,,VACATION DAYS (20 day(s) ),charge,NOLO CONTENDRE
929653,1,FAILURE TO TAKE POLICE ACTION.,,VACATION DAYS (20 day(s) ),charge,NOLO CONTENDRE
949969,1,"WHILE ON-DUTY, SAID POLICE OFFICER IMPROPERLY POINTED A FIREARM AT A PERSON KNOWN TO THE DEPARTMENT",,VACATION DAYS (15 day(s) ),charge,GUILTY
953619,1,False/misleading statements.,,"DISMISSAL PROBATION (12 month(s) ), VACATION DAYS (30 day(s) )",charge,PLEADED GUILTY
953619,1,False written statement.,,"DISMISSAL PROBATION (12 month(s) ), VACATION DAYS (30 day(s) )",charge,PLEADED GUILTY
953619,1,Failed to make entries in activity log.,,"DISMISSAL PROBATION (12 month(s) ), VACATION DAYS (30 day(s) )",charge,PLEADED GUILTY
953619,1,False/misleading statements.,,"DISMISSAL PROBATION (12 month(s) ), VACATION DAYS (30 day(s) )",charge,PLEADED GUILTY
955072,1,"WHILE ON-DUTY, WRONGFULLY USED FORCE AGAINST A PERSON KNOWN TO THE DEPARTMENT.",,VACATION DAYS (7 day(s) ),charge,GUILTY
957315,1,01.Wrongful entry of a premises.,A-CD,,allegation,
968919,1,01.Failed to activate BWC in a timely manner,C-CD,"C - COMMAND DISCIPLINE, VACATION DAYS (9 day(s) )",allegation,
968919,1,02.Failed to terminate a vehicle pursuit,C-CD,"C - COMMAND DISCIPLINE, VACATION DAYS (9 day(s) )",allegation,
961596,1,Failed to notify the radio dispatcher about a vehicle pursuit.,,VACATION DAYS (45 day(s) ),charge,GUILTY
961596,1,Failed to make required entries in Activity Log.,,VACATION DAYS (45 day(s) ),charge,GUILTY
961596,1,Failed to activate body-worn camera.,,VACATION DAYS (45 day(s) ),charge,GUILTY
961596,1,Made inaccurate statements during an official Department interview.,,VACATION DAYS (45 day(s) ),charge,GUILTY
961596,1,Failed to notify a radio dispatcher regarding the termination of a vehicle pursuit.,,VACATION DAYS (45 day(s) ),charge,GUILTY
961597,1,Operated a motor vehicle while under the influence of an intoxicant.,,"COUNSELING, DISMISSAL PROBATION (12 month(s) ), ORDERED BREATH TESTING, PRE-TRIAL SUSPENSION DAYS (30 day(s) ), VACATION DAYS (30 day(s) )",charge,PLEADED GUILTY
961597,1,Operated a motor vehicle while their ability was impaired.,,"COUNSELING, DISMISSAL PROBATION (12 month(s) ), ORDERED BREATH TESTING, PRE-TRIAL SUSPENSION DAYS (30 day(s) ), VACATION DAYS (30 day(s) )",charge,PLEADED GUILTY
961597,1,Refused to submit to a breathalyzer test.,,"COUNSELING, DISMISSAL PROBATION (12 month(s) ), ORDERED BREATH TESTING, PRE-TRIAL SUSPENSION DAYS (30 day(s) ), VACATION DAYS (30 day(s) )",charge,PLEADED GUILTY
961597,1,Unfit for Duty,,"COUNSELING, DISMISSAL PROBATION (12 month(s) ), ORDERED BREATH TESTING, PRE-TRIAL SUSPENSION DAYS (30 day(s) ), VACATION DAYS (30 day(s) )",charge,PLEADED GUILTY
941319,1,FAILED TO SUPERVISE HIS SUBORDINATES AND ENSURE THAT A COMPLAINT REPORT WAS PREPARED FOR AN ALLEGED ASSAULT.,,VACATION DAYS (20 day(s) ),charge,GUILTY
941319,1,FAILED TO NOTIFY PLATOON COMMANDER/DESK OFFICER OF ALLEGED ASSAULT OR REFER ASSAULT TO PRECINCT DETECTIVE SQUAD FOR FURTHER INVESTIGATION.,,VACATION DAYS (20 day(s) ),charge,GUILTY
941319,1,01.Violated patrol rules - failed to provide a business card,B-CD,TRAINING,allegation,
941319,1,02.Wrongful threat of force.,B-CD,TRAINING,allegation,
941319,2,01.Wrongfully frisked an individual an individual known to the Department.,"A-CD,                                                                                                                                                                                                             TRAINING","A - COMMAND DISCIPLINE, TRAINING",allegation,
941319,3,01.Failed to activate their body worn camera.,B-CD,"B - COMMAND DISCIPLINE, VACATION DAYS (3 day(s) )",allegation,
941319,3,02.Violated patrol rules - failed to provide a business card,B-CD,"B - COMMAND DISCIPLINE, VACATION DAYS (3 day(s) )",allegation,
941319,3,03.Wrongful search of a person.,B-CD,"B - COMMAND DISCIPLINE, VACATION DAYS (3 day(s) )",allegation,
934373,1,"WHILE OFF-DUTY, DID WRONGFULLY OPERATE A MOTOR VEHICLE WHILE UNDER THE INFLUENCE OF AN INTOXICANT.",,"COUNSELING, DISMISSAL PROBATION (12 month(s) ), ORDERED BREATH TESTING, PRE-TRIAL SUSPENSION DAYS (31 day(s) ), VACATION DAYS (19 day(s) )",charge,GUILTY
934373,1,"WHILE OFF-DUTY, DID WRONGFULLY OPERATE A MOTOR VEHICLE WHILE HIS ABILITY WAS IMPAIRED BY AN INTOXICANT.",,"COUNSELING, DISMISSAL PROBATION (12 month(s) ), ORDERED BREATH TESTING, PRE-TRIAL SUSPENSION DAYS (31 day(s) ), VACATION DAYS (19 day(s) )",charge,GUILTY
934373,1,"WHILE OFF-DUTY, REFUSED TO SUBMIT TO A CHEMICAL BREATH TEST.",,"COUNSELING, DISMISSAL PROBATION (12 month(s) ), ORDERED BREATH TESTING, PRE-TRIAL SUSPENSION DAYS (31 day(s) ), VACATION DAYS (19 day(s) )",charge,GUILTY
934373,1,"WHILE OFF-DUTY, DID CONSUME AN INTOXICANT TO THE EXTENT THAT HE WAS UNFIT FOR DUTY.",,"COUNSELING, DISMISSAL PROBATION (12 month(s) ), ORDERED BREATH TESTING, PRE-TRIAL SUSPENSION DAYS (31 day(s) ), VACATION DAYS (19 day(s) )",charge,GUILTY
934373,1,"WHILE OFF-DUTY, DID CONSUME AN INTOXICANT TO THE EXTENT THAT HE WAS UNFIT FOR DUTY WHILE ARMED.",,"COUNSELING, DISMISSAL PROBATION (12 month(s) ), ORDERED BREATH TESTING, PRE-TRIAL SUSPENSION DAYS (31 day(s) ), VACATION DAYS (19 day(s) )",charge,GUILTY
934373,1,"WHILE OFF-DUTY, IMPROPERLY CARRIED AN UNAUTHORIZED FIREARM.",,"COUNSELING, DISMISSAL PROBATION (12 month(s) ), ORDERED BREATH TESTING, PRE-TRIAL SUSPENSION DAYS (31 day(s) ), VACATION DAYS (19 day(s) )",charge,GUILTY
962913,1,Wrongful entry of a premises.,,VACATION DAYS (15 day(s) ),charge,PLEADED GUILTY
962913,1,Wrongful search of a premises.,,VACATION DAYS (15 day(s) ),charge,PLEADED GUILTY
962913,1,Wrongful entry of a premises.,,VACATION DAYS (15 day(s) ),charge,PLEADED GUILTY
962913,1,Wrongful search of a premises.,,VACATION DAYS (15 day(s) ),charge,PLEADED GUILTY
962913,1,Wrongful entry of a premises.,,VACATION DAYS (15 day(s) ),charge,PLEADED GUILTY
962913,1,Wrongful entry of a premises.,,VACATION DAYS (15 day(s) ),charge,PLEADED GUILTY
962913,1,Wrongful search of a premises.,,VACATION DAYS (15 day(s) ),charge,PLEADED GUILTY
962913,1,Wrongful entry of a premises.,,VACATION DAYS (15 day(s) ),charge,PLEADED GUILTY
962913,1,Wrongful search of a premises.,,VACATION DAYS (15 day(s) ),charge,PLEADED GUILTY
962913,1,Wrongful entry of a premises.,,VACATION DAYS (15 day(s) ),charge,PLEADED GUILTY
962913,1,Wrongful search of a premises.,,VACATION DAYS (15 day(s) ),charge,PLEADED GUILTY
962913,1,01.Wrongful entry of a premises.,B-CD,,allegation,
965647,1,01.Made an inaccurate entry in Department records.,C-CD,"C - COMMAND DISCIPLINE, VACATION DAYS (5 day(s) )",allegation,
965647,1,02.Violated Paid Detail guidelines.,C-CD,"C - COMMAND DISCIPLINE, VACATION DAYS (5 day(s) )",allegation,
948593,1,01.Wrongfully threatened to remove an individual to the hospital.,B-CD,"B - COMMAND DISCIPLINE, VACATION DAYS (5 day(s) )",allegation,
956371,1,01.Made inappropriate comments.,CHARGES AND SPECIFICATIONS,,allegation,
956371,1,02.Wrongfully deactivated their body-worn camera.,CHARGES AND SPECIFICATIONS,,allegation,
956371,1,03.Wrongfully stopped a vehicle.,CHARGES AND SPECIFICATIONS,,allegation,
967741,1,01.Said police officer made unauthorized inquiries in Department databases.,CHARGES AND SPECIFICATIONS,"B - COMMAND DISCIPLINE, VACATION DAYS (10 day(s) )",allegation,
939846,1,01.Failed to prepare required reports.,B-CD,,allegation,
969460,1,01.Wrongfully searched a vehicle,TRAINING,TRAINING,allegation,
970372,1,01.Failed to conduct an investigation,CHARGES AND SPECIFICATIONS,,allegation,
970372,1,02.Failed to make required entries in Department Logs (Activity Log).,CHARGES AND SPECIFICATIONS,,allegation,
968213,1,01.Failed to make required entries in Department Logs.,B-CD,"B - COMMAND DISCIPLINE, VACATION DAYS (5 day(s) )",allegation,
968213,1,02.Failed to notify supervisor.,B-CD,"B - COMMAND DISCIPLINE, VACATION DAYS (5 day(s) )",allegation,
968213,1,03.Failure to render medical aid,B-CD,"B - COMMAND DISCIPLINE, VACATION DAYS (5 day(s) )",allegation,
948457,1,01.Made computer inquiries unrelated to official Department business.,C-CD,"C - COMMAND DISCIPLINE, VACATION DAYS (10 day(s) )",allegation,
964865,1,01.Failed to timely activate body worn camera.,B-CD,,allegation,
964865,1,02.Wrongfully discourteous to an individual known to the Department.,B-CD,,allegation,
949973,1,"WHILE ON-DUTY, ENGAGED IN PROHIBITED CONDUCT RESULTING IN INJURY.",,VACATION DAYS (25 day(s) ),charge,PLEADED GUILTY
949973,1,01.Wrongfully threatened to arrest an individual known to the Department.,B-CD,,allegation,
954468,1,"AFTER BECOMING AWARE OF ALLEGATIONS OF A CRIMINAL NATURE AGAINST HIM, FAILED TO NOTIFY THE INTERNAL AFFAIRS BUREAU.",,VACATION DAYS (10 day(s) ),charge,GUILTY
954468,1,WRONGFULLY UTILIZED A DEPARTMENT COMPUTER DATABASE TO MAKE AN INQUIRY UNRELATED TO THE OFFICIAL BUSINESS OF THE DEPARTMENT.,,VACATION DAYS (10 day(s) ),charge,GUILTY
967409,1,01.Fail to activate BWC.,B-CD,"B - COMMAND DISCIPLINE, VACATION DAYS (1 day(s) )",allegation,
967409,1,02.Fail to notify IAB.,B-CD,"B - COMMAND DISCIPLINE, VACATION DAYS (1 day(s) )",allegation,
967409,1,03.Fail to notify.,B-CD,"B - COMMAND DISCIPLINE, VACATION DAYS (1 day(s) )",allegation,
967409,1,04.Fail to take police action.,CHARGES AND SPECIFICATIONS,"B - COMMAND DISCIPLINE, VACATION DAYS (1 day(s) )",allegation,
967409,1,05.Improper Activity Log.,B-CD,"B - COMMAND DISCIPLINE, VACATION DAYS (1 day(s) )",allegation,
967409,1,06.Improper transport.,B-CD,"B - COMMAND DISCIPLINE, VACATION DAYS (1 day(s) )",allegation,
967409,1,07.Inaccurate Department records.,CHARGES AND SPECIFICATIONS,"B - COMMAND DISCIPLINE, VACATION DAYS (1 day(s) )",allegation,
967409,1,08.Inaccurate statements.,NO DISCIPLINARY ACTION,"B - COMMAND DISCIPLINE, VACATION DAYS (1 day(s) )",allegation,
967409,1,09.Required equipment.,B-CD,"B - COMMAND DISCIPLINE, VACATION DAYS (1 day(s) )",allegation,
948594,1,Made inappropriate comments.,,"TRAINING, VACATION DAYS (20 day(s) )",charge,PLEADED GUILTY
948594,1,Made inappropriate comments.,,"TRAINING, VACATION DAYS (20 day(s) )",charge,PLEADED GUILTY
959447,1,Failed to activate body-worn camera while on duty.,,VACATION DAYS (5 day(s) ),charge,GUILTY
959447,1,Failed to maintain activity log while on duty.,,VACATION DAYS (5 day(s) ),charge,PLEADED GUILTY
959447,1,01.Failed to maintain activity log while on duty.,B-CD,"C - COMMAND DISCIPLINE, VACATION DAYS (18 day(s) )",allegation,
959447,1,02.Failed to notify the radio dispatcher about a vehicle pursuit.,B-CD,"C - COMMAND DISCIPLINE, VACATION DAYS (18 day(s) )",allegation,
959447,1,03.Improper vehicle pursuit while on duty.,B-CD,"C - COMMAND DISCIPLINE, VACATION DAYS (18 day(s) )",allegation,
959447,2,01.Wrongfully frisked an individual.,CHARGES AND SPECIFICATIONS,"B - COMMAND DISCIPLINE, VACATION DAYS (10 day(s) )",allegation,
959447,2,01.Wrongfully used physical force.,CHARGES AND SPECIFICATIONS,"B - COMMAND DISCIPLINE, VACATION DAYS (10 day(s) )",allegation,
959447,3,01.Failed to activate their body worn camera.,OTHER,,allegation,
959447,4,01.Made false statements during a Civilian Complaint Review Board interview.,CHARGES AND SPECIFICATIONS,,allegation,
959447,4,02.Wrongfully frisked an individual known to the Department.,CHARGES AND SPECIFICATIONS,,allegation,
959447,4,03.Wrongfully stopped an individual known to the Department.,CHARGES AND SPECIFICATIONS,,allegation,
959447,4,04.Wrongfully used physical force.,CHARGES AND SPECIFICATIONS,,allegation,
966421,1,01.Violated patrol rules - failed to provide a business card,A-CD,"B - COMMAND DISCIPLINE, VACATION DAYS (2 day(s) )",allegation,
966421,1,02.Wrongfully stopped an individual known to the Department.,NO DISCIPLINARY ACTION,"B - COMMAND DISCIPLINE, VACATION DAYS (2 day(s) )",allegation,
946723,1,"ON APPROXIMATELY SIX (6) OCCASIONS, WRONGFULLY CONDUCTED PERSONAL BUSINESS AND WRONGFULLY USED DEPARTMENT EQUIPMENT, TO WIT: A DEPARTMENT VEHICLE, FOR A NON-DEPARTMENT PURPOSE OR NON-CITY PURPOSE DURING HIS SCHEDULED TOUR.",,"DEDUCTION OF PENSIONABLE TIME, FORFEITURE OF TIME/LEAVE BALANCES, RESTITUTION ($343), VACATION DAYS (20 day(s) )",charge,GUILTY
946723,1,"ON APPROXIMATELY SIX (6) OCCASIONS, WHILE ON DUTY, INCLUDING DURING OVERTIME PERIODS, WAS ABSENT FROM HIS ASSIGNMENT WITHOUT PERMISSION OR POLICE NECESSITY.",,"DEDUCTION OF PENSIONABLE TIME, FORFEITURE OF TIME/LEAVE BALANCES, RESTITUTION ($343), VACATION DAYS (20 day(s) )",charge,GUILTY
946723,1,"ON APPROXIMATELY SIX (6) OCCASIONS, WHILE ON-DUTY, FAILED TO MAKE REQUIRED ENTRIES IN THE COMMAND/MOVEMENT LOG AS TO HIS MOVEMENTS DURING HIS TOURS.",,"DEDUCTION OF PENSIONABLE TIME, FORFEITURE OF TIME/LEAVE BALANCES, RESTITUTION ($343), VACATION DAYS (20 day(s) )",charge,GUILTY
946723,1,"ON APPROXIMATELY FOUR (4) OCCASIONS, WHILE ON-DUTY OPERATED A DEPARTMENT VEHICLE WITH ITS TURRET LIGHTS ACTIVATED WITHOUT POLICE NECESSITY.",,"DEDUCTION OF PENSIONABLE TIME, FORFEITURE OF TIME/LEAVE BALANCES, RESTITUTION ($343), VACATION DAYS (20 day(s) )",charge,GUILTY
946723,1,"ON APPROXIMATELY TWO (2) OCCASIONS, WRONGFULLY MADE OR CAUSED TO BE MADE INACCURATE ENTRIES IN DEPARTMENT RECORDS.",,"DEDUCTION OF PENSIONABLE TIME, FORFEITURE OF TIME/LEAVE BALANCES, RESTITUTION ($343), VACATION DAYS (20 day(s) )",charge,GUILTY
946723,1,"ON APPROXIMATELY FOUR (4) OCCASIONS, WRONGFULLY TRANSPORTED A CIVILIAN IN A DEPARTMENT CAR WITHOUT SUPERVISORY PERMISSION.",,"DEDUCTION OF PENSIONABLE TIME, FORFEITURE OF TIME/LEAVE BALANCES, RESTITUTION ($343), VACATION DAYS (20 day(s) )",charge,GUILTY
946723,2,Off-duty employment without permission.,,VACATION DAYS (30 day(s) ),charge,PLEADED GUILTY
946723,2,"Made computer inquiries unrelated to official Department business.
Misused Department electronics (email, MDT, cellphone, radio, computer).",,VACATION DAYS (30 day(s) ),charge,PLEADED GUILTY
946723,3,Driving a Vehicle with a Suspended Registration,,VACATION DAYS (30 day(s) ),charge,PLEADED GUILTY
946723,3,Made misleading or inaccurate statements during an official Department interview.,,VACATION DAYS (30 day(s) ),charge,GUILTY
939850,1,01.Wrongful removal to a hospital.,A-CD,,allegation,
942931,1,01.Violated patrol rules.,A-CD,,allegation,
958226,1,01.Failed to make required entries in Department Logs.,OTHER,,allegation,
929498,1,COMPUTER MISUSE,,VACATION DAYS (30 day(s) ),charge,GUILTY
929498,1,CRIMINAL ASSOCIATION,,VACATION DAYS (30 day(s) ),charge,GUILTY
929498,1,WRONGFULLY ENGAGED IN A TELEPHONE CONVERSATION WITH A PERSON INCARCERATED ADVISING  OPTIONS AND RIGHTS REGARDING LEGAL REPRESENTATION AS WELL AS THE POSSIBLE METHODS OF IDENTIFYING HIM AS THE PERPETRATOR.,,VACATION DAYS (30 day(s) ),charge,GUILTY
966929,1,01.Wrongful threat of force.,B-CD,,allegation,
966929,2,01.Failed to activate their body worn camera.,B-CD,"B - COMMAND DISCIPLINE, VACATION DAYS (3 day(s) )",allegation,
966929,2,02.Violated patrol rules.,B-CD,"B - COMMAND DISCIPLINE, VACATION DAYS (3 day(s) )",allegation,
966929,2,03.Wrongfully stopped an individual known to the Department.,B-CD,"B - COMMAND DISCIPLINE, VACATION DAYS (3 day(s) )",allegation,
962207,1,Misused Department electronics.,,"COUNSELING, DISMISSAL PROBATION (12 month(s) ), SUSPENDED W/O PAY (30 day(s) ), VACATION DAYS (30 day(s) )",charge,PLEADED GUILTY
962207,1,"Misused Department electronics.
Made improper contact/communications.",,"COUNSELING, DISMISSAL PROBATION (12 month(s) ), SUSPENDED W/O PAY (30 day(s) ), VACATION DAYS (30 day(s) )",charge,PLEADED GUILTY
962207,1,Involved in a physical altercation.,,"COUNSELING, DISMISSAL PROBATION (12 month(s) ), SUSPENDED W/O PAY (30 day(s) ), VACATION DAYS (30 day(s) )",charge,PLEADED GUILTY
962207,1,Failed to make proper notifications.,,"COUNSELING, DISMISSAL PROBATION (12 month(s) ), SUSPENDED W/O PAY (30 day(s) ), VACATION DAYS (30 day(s) )",charge,PLEADED GUILTY
962207,1,Involved in a physical altercation.,,"COUNSELING, DISMISSAL PROBATION (12 month(s) ), SUSPENDED W/O PAY (30 day(s) ), VACATION DAYS (30 day(s) )",charge,PLEADED GUILTY
962207,1,"Failed to make proper notifications.
Failed to identify themselves as a police officer.",,"COUNSELING, DISMISSAL PROBATION (12 month(s) ), SUSPENDED W/O PAY (30 day(s) ), VACATION DAYS (30 day(s) )",charge,PLEADED GUILTY
962207,1,Involved in a physical altercation.,,"COUNSELING, DISMISSAL PROBATION (12 month(s) ), SUSPENDED W/O PAY (30 day(s) ), VACATION DAYS (30 day(s) )",charge,PLEADED GUILTY
962207,1,Failed to make proper notifications.,,"COUNSELING, DISMISSAL PROBATION (12 month(s) ), SUSPENDED W/O PAY (30 day(s) ), VACATION DAYS (30 day(s) )",charge,PLEADED GUILTY
962207,2,Failed to properly safeguard Department issued MetroCard.,,"COUNSELING, DISMISSAL PROBATION (12 month(s) ), SUSPENDED W/O PAY (30 day(s) ), VACATION DAYS (30 day(s) )",charge,PLEADED GUILTY
962207,2,Made misleading or inaccurate statements during an official Department interview.,,"COUNSELING, DISMISSAL PROBATION (12 month(s) ), SUSPENDED W/O PAY (30 day(s) ), VACATION DAYS (30 day(s) )",charge,PLEADED GUILTY
962207,1,01.Violates Patrol Rules by using unauthorized cellphone.,B-CD,"B - COMMAND DISCIPLINE, VACATION DAYS (9 day(s) )",allegation,
964868,1,Involved in a physical altercation.,,"COUNSELING, DISMISSAL PROBATION (12 month(s) ), PRE-TRIAL SUSPENSION DAYS (30 day(s) ), VACATION DAYS (20 day(s) )",charge,PLEADED GUILTY
964868,1,Failed to remain at the scene of an off-duty incident.,,"COUNSELING, DISMISSAL PROBATION (12 month(s) ), PRE-TRIAL SUSPENSION DAYS (30 day(s) ), VACATION DAYS (20 day(s) )",charge,PLEADED GUILTY
964868,1,Failed to make proper notifications (Operations Unit).,,"COUNSELING, DISMISSAL PROBATION (12 month(s) ), PRE-TRIAL SUSPENSION DAYS (30 day(s) ), VACATION DAYS (20 day(s) )",charge,PLEADED GUILTY
964868,1,Failed to cooperate in an investigation.,,"COUNSELING, DISMISSAL PROBATION (12 month(s) ), PRE-TRIAL SUSPENSION DAYS (30 day(s) ), VACATION DAYS (20 day(s) )",charge,PLEADED GUILTY
964868,1,Possessed an unauthorized duplicate shield.,,"COUNSELING, DISMISSAL PROBATION (12 month(s) ), PRE-TRIAL SUSPENSION DAYS (30 day(s) ), VACATION DAYS (20 day(s) )",charge,PLEADED GUILTY
963359,1,01.Improper removal to the hospital,INSTRUCTIONS,"INSTRUCTIONS, TRAINING",allegation,
963359,1,02.improper threat of force,TRAINING,"INSTRUCTIONS, TRAINING",allegation,
949977,1,01.failed to provide his shield number,A-CD,"A - COMMAND DISCIPLINE, VACATION DAYS (3 day(s) )",allegation,
949977,1,02.failed to provide his shield number.,A-CD,"A - COMMAND DISCIPLINE, VACATION DAYS (3 day(s) )",allegation,
949977,2,01.Failed to activate body-worn camera.,NO DISCIPLINARY ACTION,,allegation,
949977,3,01.Wrongful entry of a premises.,A-CD,,allegation,
949977,3,01.Wrongful search of a person’s property.,A-CD,,allegation,
970377,1,01.Failed to activate their body-worn-camera.,B-CD,"B - COMMAND DISCIPLINE, VACATION DAYS (5 day(s) )",allegation,
970377,1,02.Failed to make required entries in Department Activity Logs.,B-CD,"B - COMMAND DISCIPLINE, VACATION DAYS (5 day(s) )",allegation,
970377,1,03.Failed to prepare a required report.,B-CD,"B - COMMAND DISCIPLINE, VACATION DAYS (5 day(s) )",allegation,
970377,1,04.Made false statements during an official Department interview.,NO DISCIPLINARY ACTION,"B - COMMAND DISCIPLINE, VACATION DAYS (5 day(s) )",allegation,
970377,1,05.Wrongfully used a chokehold.,NO DISCIPLINARY ACTION,"B - COMMAND DISCIPLINE, VACATION DAYS (5 day(s) )",allegation,
963842,1,01.Wrongful threat of force.,B-CD,,allegation,
966932,1,01.Wrongfully discourteous to an individual known to the Department.,A-CD,A - COMMAND DISCIPLINE,allegation,
963843,1,01.Wrongful entry of a premises.,TRAINING,TRAINING,allegation,
963843,1,02.Wrongfully deactivated their body worn camera.,OTHER,TRAINING,allegation,
948597,1,01.Wrongful search of a premises.,TRAINING,TRAINING,allegation,
954471,1,Made computer inquiries unrelated to official Department business.,,VACATION DAYS (20 day(s) ),charge,PLEADED GUILTY
954471,1,Made computer inquiries unrelated to official Department business.,,VACATION DAYS (20 day(s) ),charge,PLEADED GUILTY
953624,1,01.Made misleading or inaccurate statements during a Civilian Complaint Review Board interview.,CHARGES AND SPECIFICATIONS,VACATION DAYS (5 day(s) ),allegation,
953624,1,01.Wrongfully used physical force.,CHARGES AND SPECIFICATIONS,VACATION DAYS (5 day(s) ),allegation,
953624,1,02.Wrongfully discourteous to an individual known to the Department.,CHARGES AND SPECIFICATIONS,VACATION DAYS (5 day(s) ),allegation,
953624,1,03.Wrongfully discourteous.,CHARGES AND SPECIFICATIONS,VACATION DAYS (5 day(s) ),allegation,
952390,1,Failed to safeguard a prisoner resulting is loss,,"PRE-TRIAL SUSPENSION DAYS (11 day(s) ), VACATION DAYS (12 day(s) )",charge,GUILTY
952390,1,Failed to activate their body-worn camera.,,"PRE-TRIAL SUSPENSION DAYS (11 day(s) ), VACATION DAYS (12 day(s) )",charge,GUILTY
952390,1,01.Wrongfully threatened to remove an individual to the hospital.,NO DISCIPLINARY ACTION,,allegation,
953625,1,Unfit for duty.,,"COUNSELING, DISMISSAL PROBATION (12 month(s) ), ORDERED BREATH TESTING, PRE-TRIAL SUSPENSION DAYS (30 day(s) )",charge,GUILTY
953625,1,Possessed an unauthorized duplicate shield.,,"COUNSELING, DISMISSAL PROBATION (12 month(s) ), ORDERED BREATH TESTING, PRE-TRIAL SUSPENSION DAYS (30 day(s) )",charge,GUILTY
953625,1,Failed to safeguard Department property (shield).,,"COUNSELING, DISMISSAL PROBATION (12 month(s) ), ORDERED BREATH TESTING, PRE-TRIAL SUSPENSION DAYS (30 day(s) )",charge,GUILTY
940924,1,WHILE ON-DUTY WRONGFULLY USED UNJUSTIFIED FORCE AGAINST A PERSON KNOWN TO THE DEPARTMENT.,,VACATION DAYS (10 day(s) ),charge,GUILTY
940924,1,WHILE ON-DUTY FAILED TO RENDER REASONABLE AID TO A SICK OR INJURED PERSON.,,VACATION DAYS (10 day(s) ),charge,GUILTY
940924,2,FAILED TO FOLLOW DEPARTMENT PROCEDURES IN THE HANDLING OF POTENTIAL EVIDENCE FOR A SEX CRIME INVESTIGATION.,,VACATION DAYS (15 day(s) ),charge,GUILTY
940924,2,"HAVING BECOME AWARE OF AN ALLEGATION OF MISCONDUCT, WRONGFULLY FAILED TO REPORT SAID ALLEGATION TO THE INTERNAL AFFAIRS BUREAU AS REQUIRED.",,VACATION DAYS (15 day(s) ),charge,GUILTY
940924,3,Made computer inquiries unrelated to official Department business.,,VACATION DAYS (20 day(s) ),charge,GUILTY
964870,1,Made computer inquiries unrelated to official Department business.,,VACATION DAYS (30 day(s) ),charge,PLEADED GUILTY
964870,1,Made misleading or inaccurate statements during an official Department interview.,,VACATION DAYS (30 day(s) ),charge,PLEADED GUILTY
954472,1,"ON DUTY,  ABUSED HIS AUTHORITY AS A MEMBER OF THE NEW YORK CITY POLICE DEPARTMENT, IN THAT HE DID NOT OBTAIN MEDICAL TREATMENT FOR A PERSON KNOWN TO THE DEPARTMENT WITHOUT SUFFICIENT LEGAL AUTHORITY.",,"DISMISSAL PROBATION (12 month(s) ), VACATION DAYS (25 day(s) )",charge,GUILTY
954472,1,"ON DUTY, WRONGFULLY USED FORCE, IN THAT HE USED PHYSICAL FORCE, NAMELY STRUCK A PERSON KNOWN TO THE DEPARTMENT ABOUT THE FACE, WITHOUT POLICE NECESSITY",,"DISMISSAL PROBATION (12 month(s) ), VACATION DAYS (25 day(s) )",charge,GUILTY
949983,1,DID WRONGFULLY FAIL TO MAKE REQUIRED ACTIVITY LOG ENTRIES REGARDING HER WHEREABOUTS AND ACTIVITIES DURING SCHEDULED TOUR OF DUTY.,,VACATION DAYS (20 day(s) ),charge,GUILTY
949983,1,DID WRONGFULLY CREATE AND SEND AN OFFICIAL DOCUMENT SHE MISREPRESENTED TO CCRB WHICH WAS INACCURATE.,,VACATION DAYS (20 day(s) ),charge,GUILTY
948599,1,01.Violated patrol rules - failed to provide business card,A-CD,A - COMMAND DISCIPLINE,allegation,
939773,1,WHILE OFF DUTY FAILED TO REPORT SAID INCIDENT TO MEMBER'S COMMANDING OFFICER .,,REPRIMAND,charge,GUILTY
937958,1,Made computer inquiries unrelated to official Department business.,,VACATION DAYS (30 day(s) ),charge,GUILTY
937958,1,Wrongfully disseminated confidential Department information.,,VACATION DAYS (30 day(s) ),charge,GUILTY
937958,1,Made computer inquiries unrelated to official Department business.,,VACATION DAYS (30 day(s) ),charge,GUILTY
937958,2,Wrongfully discourteous to a person known to the department.,,VACATION DAYS (10 day(s) ),charge,PLEADED GUILTY
937958,2,Wrongfully discourteous to a person known to the department.,,VACATION DAYS (10 day(s) ),charge,PLEADED GUILTY
937958,2,Wrongfully discourteous to a person known to the department.,,VACATION DAYS (10 day(s) ),charge,PLEADED GUILTY
937958,2,Wrongfully used force against a person known to the department.,,VACATION DAYS (10 day(s) ),charge,PLEADED GUILTY
937958,1,01.Wrongfully used physical force.,CHARGES AND SPECIFICATIONS,,allegation,
937856,1,"WHILE ON-DUTY, WAS INVOLVED IN A PHYSICAL ALTERCATION WITH ANOTHER MEMBER OF THE SERVICE.",,"DISMISSAL PROBATION (12 month(s) ), VACATION DAYS (30 day(s) )",charge,GUILTY
937856,1,WRONGFULLY FAILED TO REPORT ALLEGATION OF MISCONDUCT TO THE INTERNAL AFFAIRS BUREAU.,,"DISMISSAL PROBATION (12 month(s) ), VACATION DAYS (30 day(s) )",charge,GUILTY
937856,1,MADE INACCURATE ENTRIES IN A DEPARTMENT RECORD RELATING TO AN INJURY TO A MEMBER OF THE SERVICE.,,"DISMISSAL PROBATION (12 month(s) ), VACATION DAYS (30 day(s) )",charge,GUILTY
937856,1,"PROVIDED INACCURATE, INCOMPLETE, OR MISLEADING STATEMENTS TO A SUPERVISING MEMBER OF THE SERVICE.",,"DISMISSAL PROBATION (12 month(s) ), VACATION DAYS (30 day(s) )",charge,GUILTY
951488,1,01.Wrongfully used physical force.,B-CD,,allegation,
942937,1,Wrongful used physical force.,,"DISMISSAL PROBATION (12 month(s) ), VACATION DAYS (45 day(s) )",charge,PLEADED GUILTY
942937,1,Insubordination (failure to obey orders/directions after having been instructed).,,"DISMISSAL PROBATION (12 month(s) ), VACATION DAYS (45 day(s) )",charge,PLEADED GUILTY
942937,1,Failed to make required entries in Department Logs.,,"DISMISSAL PROBATION (12 month(s) ), VACATION DAYS (45 day(s) )",charge,PLEADED GUILTY
942937,1,Failed to make proper notifications.,,"DISMISSAL PROBATION (12 month(s) ), VACATION DAYS (45 day(s) )",charge,PLEADED GUILTY
942937,1,Off duty employment without permission.,,"DISMISSAL PROBATION (12 month(s) ), VACATION DAYS (45 day(s) )",charge,PLEADED GUILTY
942937,1,Failed to prepare required reports.,,"DISMISSAL PROBATION (12 month(s) ), VACATION DAYS (45 day(s) )",charge,PLEADED GUILTY
942937,1,Failure to Render Aid.,,"DISMISSAL PROBATION (12 month(s) ), VACATION DAYS (45 day(s) )",charge,PLEADED GUILTY
960108,1,01.Wrongfully discourteous to an individual known to the Department,CHARGES AND SPECIFICATIONS,"B - COMMAND DISCIPLINE, VACATION DAYS (10 day(s) )",allegation,
960108,1,02.Wrongfully used offensive language towards an individual known to the Department,CHARGES AND SPECIFICATIONS,"B - COMMAND DISCIPLINE, VACATION DAYS (10 day(s) )",allegation,
944312,1,"FAILED TO COMPLY WITH STOP PROCEDURES IN THAT HE DID NOT NOTIFY THE DISPATCHER ABOUT THE STOP, ALLOWED A SEARCH OF AN INDIVIDUAL’S PROPERTY TO BE CONDUCTED WITHOUT CONSENT, FAILED TO MAKE ACTIVITY LOG ENTRIES DOCUMENTING THE STOP, AND DID NOT PROVIDE AN EXPLANATION FOR THE STOP.",,VACATION DAYS (20 day(s) ),charge,GUILTY
944312,1,WAS DISCOURTEOUS TOWARDS A CIVILIAN IN THAT HE USED PROFANITY WHEN ADDRESSING SAID CIVILIAN DURING A STOP.,,VACATION DAYS (20 day(s) ),charge,GUILTY
944312,1,MADE INACCURATE AND MISLEADING STATEMENTS TO THE INTERNAL AFFAIRS BUREAU COMMAND CENTER WHEN PROVIDING DETAILS ABOUT A STOP HE HAD CONDUCTED.,,VACATION DAYS (20 day(s) ),charge,GUILTY
944312,1,01.Violated patrol rules.,A-CD,,allegation,
952394,1,01.Violated patrol rules - failed to check handcuffs,TRAINING,TRAINING,allegation,
936116,1,"WHILE ON-DUTY, WRONGFULLY ENTERED PREMISES WITHOUT SUFFICIENT LEGAL AUTHORITY.",,VACATION DAYS (3 day(s) ),charge,GUILTY
960146,1,"while on-duty, during an integrity test, failed to prepare a Domestic Incident Report.",,VACATION DAYS (20 day(s) ),charge,GUILTY
960146,1,"while on-duty, failed or neglected to make required entries in his Activity Log.",,VACATION DAYS (20 day(s) ),charge,GUILTY
960146,1,"while on-duty,  made inaccurate or incomplete statements during official Department interviews.",,VACATION DAYS (20 day(s) ),charge,GUILTY
960147,1,engaged in a physical altercation.,,VACATION DAYS (20 day(s) ),charge,GUILTY
960147,1,01.Wrongfully frisked an individual known to the Department.,TRAINING,"B - COMMAND DISCIPLINE, TRAINING, VACATION DAYS (1 day(s) )",allegation,
960147,1,02.Wrongfully stopped an individual known to the Department.,B-CD,"B - COMMAND DISCIPLINE, TRAINING, VACATION DAYS (1 day(s) )",allegation,
946731,1,FAILED AND NEGLECTED TO PROPERLY PROCESS AND VOUCHER PURPORTED LOST PROPERTY RECEIVED FROM A PERSON KNOWN TO THE DEPARTMENT.,,VACATION DAYS (10 day(s) ),charge,PLEADED GUILTY
946731,1,IMPROPERLY GAVE PURPORTED LOST PROPERTY TO AN UNLAWFUL OWNER OF SAID PROPERTY.,,VACATION DAYS (10 day(s) ),charge,PLEADED GUILTY
941333,1,Living outside the state or permissible counties.,,VACATION DAYS (20 day(s) ),charge,PLEADED GUILTY
959452,1,01.Wrongfully discourteous to an individual known to the Department.,A-CD,,allegation,
956377,1,01.Violated patrol rules.,A-CD,,allegation,
939856,1,01.Violated patrol rules.,B-CD,,allegation,
960150,1,Failed to safeguard a firearm.,,VACATION DAYS (20 day(s) ),charge,PLEADED GUILTY
960150,1,Violated uniform rules.,,VACATION DAYS (20 day(s) ),charge,PLEADED GUILTY
939857,1,01.Violated patrol rules.,TRAINING,,allegation,
948800,1,01.Out of residence while on sick report.,C-CD,"C - COMMAND DISCIPLINE, VACATION DAYS (5 day(s) )",allegation,
948606,1,Misuse of time.,,VACATION DAYS (10 day(s) ),charge,GUILTY
948606,1,"Failed to make required entries in Department Logs (Command Log, Roll Call, Activity Log,
Vehicle Movement/Utilization, Radio Log, Vehicle Assignment, DV Activity Log).",,VACATION DAYS (10 day(s) ),charge,GUILTY
948606,1,Off post.,,VACATION DAYS (10 day(s) ),charge,GUILTY
949989,1,"WHILE OFF-DUTY, FAILED TO SAFEGUARD HIS OFF-DUTY FIREARM",,VACATION DAYS (20 day(s) ),charge,GUILTY
949989,1,"WHILE OFF-DUTY, FAILED TO BE IN POSSESSION OF HIS DEPARTMENT ISSUED SHIELD WHILE ARMED",,VACATION DAYS (20 day(s) ),charge,GUILTY
949989,1,01.Wrongfully discourteous.,A-CD,,allegation,
956380,1,01.Violated patrol rules.,A-CD,,allegation,
973212,1,01.Wrongfully discourteous to an individual known to the Department.,B-CD,"B - COMMAND DISCIPLINE, VACATION DAYS (5 day(s) )",allegation,
973212,1,02.Wrongfully used physical force.,B-CD,"B - COMMAND DISCIPLINE, VACATION DAYS (5 day(s) )",allegation,
956461,1,01.Failed to make required entries in Department Logs.,OTHER,,allegation,
956461,2,01.Wrongful search of a premises.,B-CD,"B - COMMAND DISCIPLINE, VACATION DAYS (5 day(s) )",allegation,
956461,3,01.Failed to make required entries in Department Logs.,OTHER,,allegation,
949991,1,"WHILE ON-DUTY, PROVIDED FALSE AND/OR MISLEADING STATEMENTS TO PATROL SUPERVISOR WHEN ASKED ABOUT DETAILS OF AN INCIDENT INVOLVING A MOTORCYCLE ACCIDENT.",,VACATION DAYS (25 day(s) ),charge,GUILTY
949991,1,01.Wrongfully discourteous to an individual known to the Department.,A-CD,A - COMMAND DISCIPLINE,allegation,
969475,1,01.Made false statements during a Civilian Complaint Review Board interview.,NO DISCIPLINARY ACTION,,allegation,
969475,1,02.Wrongfully discourteous to an individual known to the Department.,NO DISCIPLINARY ACTION,,allegation,
932247,1,Made improper contact/communications,,VACATION DAYS (45 day(s) ),charge,GUILTY
932247,1,Wrongfully touched another Member of the Service,,VACATION DAYS (45 day(s) ),charge,GUILTY
932247,1,01.Violated patrol rules.,TRAINING,TRAINING,allegation,
952400,1,01.Failed to prepare required reports.,A-CD,"A - COMMAND DISCIPLINE, FORFEITURE OF TIME/LEAVE BALANCES",allegation,
964876,1,01.Failed to make proper notifications.,B-CD,"B - COMMAND DISCIPLINE, VACATION DAYS (2 day(s) )",allegation,
964876,1,02.Failed to make required entries in Department Logs.,B-CD,"B - COMMAND DISCIPLINE, VACATION DAYS (2 day(s) )",allegation,
958234,1,01.Wrongfully discourteous to an individual known to the Department.,A-CD,,allegation,
958234,2,01.Failed to make required entries in Department Logs.,OTHER,,allegation,
958234,3,01.Failed to make required entries in Department Logs.,C-CD,"C - COMMAND DISCIPLINE, VACATION DAYS (10 day(s) )",allegation,
932249,1,"WHILE ON-DUTY, WAS COMPENSATED FOR ENFORCEMENT DUTIES NOT PERFORMED DURING REGULARLY SCHEDULED TOURS OF DUTY.",,"FORFEITURE OF TIME/LEAVE BALANCES, VACATION DAYS (20 day(s) )",charge,GUILTY
932249,1,WHILE ON-DUTY SUBMITTED COMPENSATORY OVERTIME REPORTS FOR ENFORCEMENT DUTIES THAT WERE NOT PERFORMED DURING REGULAR TOUR HOURS.,,"FORFEITURE OF TIME/LEAVE BALANCES, VACATION DAYS (20 day(s) )",charge,GUILTY
932249,1,WHILE ON-DUTY DID FAIL AND NEGLECT TO SIGN IN AT THE COMMENCEMENT OF AND AT THE COMPLETION OF TOUR.,,"FORFEITURE OF TIME/LEAVE BALANCES, VACATION DAYS (20 day(s) )",charge,GUILTY
938326,1,ARRESTED A PERSON KNOWN TO THE DEPARTMENT WITHOUT HAVING THE REQUISITE LEGAL AUTHORITY TO  DO SO.,,VACATION DAYS (5 day(s) ),charge,GUILTY
934386,1,"WHILE OFF-DUTY, ENGAGED IN A VERBAL ARGUMENT AND PHYSICAL ALTERCATION WITH A PERSON KNOWN TO THE DEPARTMENT.",,"COUNSELING, PRE-TRIAL SUSPENSION DAYS (20 day(s) )",charge,GUILTY
946738,1,SAID POLICE OFFICER SUBMITTED AN OVERTIME REPORT TO THE DEPARTMENT AND RECEIVED A CASH PAYMENT FOR APPROXIMATELY FOUR (4) HOURS AND FIFTEEN (15) MINUTES THAT HE DID NOT PERFORM.,,"RESTITUTION ($312), VACATION DAYS (15 day(s) )",charge,GUILTY
946738,1,"WRONGFULLY CAUSED A FALSE ENTRY TO BE MADE IN DEPARTMENT RECORDS, OVERTIME REPORT.",,"RESTITUTION ($312), VACATION DAYS (15 day(s) )",charge,GUILTY
946738,1,FAIL TO MAKE ACTIVITY LOG ENTRIES AS REQUIRED.,,"RESTITUTION ($312), VACATION DAYS (15 day(s) )",charge,GUILTY
946738,1,FAILED TO NOTIFY THE DESK OFFICER UPON HIS DISMISSAL FROM COURT.,,"RESTITUTION ($312), VACATION DAYS (15 day(s) )",charge,GUILTY
967747,1,01.Failed to prepare required reports.,B-CD,"B - COMMAND DISCIPLINE, VACATION DAYS (5 day(s) )",allegation,
963371,1,Improper Use of Force,,VACATION DAYS (20 day(s) ),charge,PLEADED GUILTY
949994,1,01.Failed to timely activate their body worn camera.,OTHER,,allegation,
933607,1,FAILED TO REMAIN AT THE SCENE OF AN OFF-DUTY INCIDENT.,,"COUNSELING, DISMISSAL PROBATION (12 month(s) ), ORDERED BREATH TESTING, PRE-TRIAL SUSPENSION DAYS (31 day(s) ), VACATION DAYS (20 day(s) )",charge,PLEADED GUILTY
933607,1,MADE FALSE/MISLEADING/INACCURATE STATEMENTS TO SUPERVISORS/INVESTIGATORS/ADA.,,"COUNSELING, DISMISSAL PROBATION (12 month(s) ), ORDERED BREATH TESTING, PRE-TRIAL SUSPENSION DAYS (31 day(s) ), VACATION DAYS (20 day(s) )",charge,GUILTY
933607,1,CRIMINAL MISCHIEF.,,"COUNSELING, DISMISSAL PROBATION (12 month(s) ), ORDERED BREATH TESTING, PRE-TRIAL SUSPENSION DAYS (31 day(s) ), VACATION DAYS (20 day(s) )",charge,PLEADED GUILTY
933607,1,FAILED TO OBEY A LAWFUL ORDER/DIRECTION.,,"COUNSELING, DISMISSAL PROBATION (12 month(s) ), ORDERED BREATH TESTING, PRE-TRIAL SUSPENSION DAYS (31 day(s) ), VACATION DAYS (20 day(s) )",charge,GUILTY
946739,1,Operated a motor vehicle while under the influence of an intoxicant.,,"COUNSELING, DISMISSAL PROBATION (12 month(s) ), ORDERED BREATH TESTING, PRE-TRIAL SUSPENSION DAYS (31 day(s) ), VACATION DAYS (39 day(s) )",charge,PLEADED GUILTY
946739,1,Operated a motor vehicle while their ability was impaired.,,"COUNSELING, DISMISSAL PROBATION (12 month(s) ), ORDERED BREATH TESTING, PRE-TRIAL SUSPENSION DAYS (31 day(s) ), VACATION DAYS (39 day(s) )",charge,PLEADED GUILTY
946739,1,Refused to submit to a breathalyzer test.,,"COUNSELING, DISMISSAL PROBATION (12 month(s) ), ORDERED BREATH TESTING, PRE-TRIAL SUSPENSION DAYS (31 day(s) ), VACATION DAYS (39 day(s) )",charge,PLEADED GUILTY
946739,1,Unfit for duty.,,"COUNSELING, DISMISSAL PROBATION (12 month(s) ), ORDERED BREATH TESTING, PRE-TRIAL SUSPENSION DAYS (31 day(s) ), VACATION DAYS (39 day(s) )",charge,PLEADED GUILTY
946739,1,Failed to identify themselves as a police officer.,,"COUNSELING, DISMISSAL PROBATION (12 month(s) ), ORDERED BREATH TESTING, PRE-TRIAL SUSPENSION DAYS (31 day(s) ), VACATION DAYS (39 day(s) )",charge,PLEADED GUILTY
946739,1,Failed to make proper notifications.,,"COUNSELING, DISMISSAL PROBATION (12 month(s) ), ORDERED BREATH TESTING, PRE-TRIAL SUSPENSION DAYS (31 day(s) ), VACATION DAYS (39 day(s) )",charge,PLEADED GUILTY
958237,1,01.Violated patrol rules - failed to provide a business card,A-CD,"A - COMMAND DISCIPLINE, VACATION DAYS (1 day(s) )",allegation,
958237,1,02.Wrongfully searched an individual known to the Department.,NO DISCIPLINARY ACTION,"A - COMMAND DISCIPLINE, VACATION DAYS (1 day(s) )",allegation,
949837,1,"WHILE ON-DUTY, FAILED TO GENERATE A COMPLAINT REPORT WORKSHEET AFTER BEING INFORMED THAT A COMPLAINANT WAS THE VICTIM OF A CRIME, AS REQUIRED",,VACATION DAYS (10 day(s) ),charge,PLEADED GUILTY
974716,1,01.Violated patrol rules.,A-CD,A - COMMAND DISCIPLINE,allegation,
966429,1,01.Officer was absent without leave,C-CD,"C - COMMAND DISCIPLINE, VACATION DAYS (8 day(s) )",allegation,
942944,1,01.Failed to timely activate their body worn camera.,TRAINING,,allegation,
941342,1,WRONGFULLY INTERFERED WITH A DEPARTMENT INVESTIGATION.,,"DISMISSAL PROBATION (12 month(s) ), SUSPENDED W/O PAY (10 day(s) ), VACATION DAYS (40 day(s) )",charge,GUILTY
941342,1,WRONGFULLY USED HIS POSITION AS A MEMBER OF SERVICE TOATTEMPT TO HAVE AN IMPOUNDED VEHICLE RELEASED TO HIM WITHOUT PAYMENT.,,"DISMISSAL PROBATION (12 month(s) ), SUSPENDED W/O PAY (10 day(s) ), VACATION DAYS (40 day(s) )",charge,GUILTY
941342,1,FAILED TO REPORT OFF - DUTY INCIDENT TO DEPARTMENT.,,"DISMISSAL PROBATION (12 month(s) ), SUSPENDED W/O PAY (10 day(s) ), VACATION DAYS (40 day(s) )",charge,GUILTY
955713,1,01.Dissemination of information.,C-CD,"C - COMMAND DISCIPLINE, VACATION DAYS (13 day(s) )",allegation,
927779,1,01.Wrongfully stopped an individual known to the Department.,B-CD,,allegation,
970974,1,Unfit for duty.,,"COUNSELING, DISMISSAL PROBATION (12 month(s) ), ORDERED BREATH TESTING, VACATION DAYS (30 day(s) )",charge,PLEADED GUILTY
970974,1,Failed to make proper notifications.,,"COUNSELING, DISMISSAL PROBATION (12 month(s) ), ORDERED BREATH TESTING, VACATION DAYS (30 day(s) )",charge,PLEADED GUILTY
970974,1,Made computer inquiries unrelated to official Department business.,,"COUNSELING, DISMISSAL PROBATION (12 month(s) ), ORDERED BREATH TESTING, VACATION DAYS (30 day(s) )",charge,PLEADED GUILTY
937974,1,WRONGFULLY ARRESTED AN INDIVIDUAL KNOWN TO THE DEPARTMENT WITHOUT LEGAL AUTHORITY TO DO SO.,,VACATION DAYS (10 day(s) ),charge,GUILTY
937974,1,FAILED TO MAKE ACTIVITY LOG ENTRIES .,,VACATION DAYS (10 day(s) ),charge,GUILTY
937974,1,WRONGFULLY STOPPED AN INDIVIDUAL KNOWN TO THE DEPARTMENT WITHOUT SUFFICIENT LEGAL AUTHORITY.,,VACATION DAYS (10 day(s) ),charge,GUILTY
971313,1,"INVOLVED IN A PHYSICAL ALTERCATION
INVOLVED IN A VERBAL ALTERCATION",,"COUNSELING, DISMISSAL PROBATION (12 month(s) ), PRE-TRIAL SUSPENSION DAYS (30 day(s) ), VACATION DAYS (25 day(s) )",charge,PLEADED GUILTY
971313,1,"INVOLVED IN A PHYSICAL ALTERCATION
ENDANGERED THE WELFARE OF A CHILD",,"COUNSELING, DISMISSAL PROBATION (12 month(s) ), PRE-TRIAL SUSPENSION DAYS (30 day(s) ), VACATION DAYS (25 day(s) )",charge,PLEADED GUILTY
971313,1,CRIMINAL MISCHIEF,,"COUNSELING, DISMISSAL PROBATION (12 month(s) ), PRE-TRIAL SUSPENSION DAYS (30 day(s) ), VACATION DAYS (25 day(s) )",charge,PLEADED GUILTY
951501,1,"WHILE OFF-DUTY, DID WRONGFULLY ENGAGE IN A PHYSICAL ALTERCATION WITH A PERSON KNOWN TO THE DEPARRTMENT",,"COUNSELING, PRE-TRIAL SUSPENSION DAYS (30 day(s) )",charge,GUILTY
951501,1,"WHILE OFF DUTY, AFTER BEING INVOLVED IN AN UNUSUAL POLICE OCURRENCE, WRONGFULLY FAILED AND NEGLECTED TO REQUEST THE RESPONSE OF A PATROL SUPERVISOR IN THE PRECINCT OF OCCURRENCE",,"COUNSELING, PRE-TRIAL SUSPENSION DAYS (30 day(s) )",charge,GUILTY
951501,1,WRONGFULLY FAILED AND NEGLECTED TO NOTIFY DEPARTMENT OF SOCIAL CHANGE,,"COUNSELING, PRE-TRIAL SUSPENSION DAYS (30 day(s) )",charge,GUILTY
921914,1,"FAILED TO FOLLOW PROPER PROCEDURES FOR HANDLING AND CLEANING OF FIREARM, RESULTING IN DISCHARGE.",,VACATION DAYS (17 day(s) ),charge,PLEADED GUILTY
921914,1,FAILED AND NEGLECTED TO UTILIZE AVAILABLE FIREARMS SAFETY STATION.,,VACATION DAYS (17 day(s) ),charge,PLEADED GUILTY
961613,1,01.Violated patrol rules.,CHARGES AND SPECIFICATIONS,"B - COMMAND DISCIPLINE, VACATION DAYS (6 day(s) )",allegation,
961613,1,01.Wrongfully frisked an individual known to the Department.,CHARGES AND SPECIFICATIONS,"B - COMMAND DISCIPLINE, VACATION DAYS (6 day(s) )",allegation,
961613,1,02.Wrongfully stopped an individual known to the Department.,CHARGES AND SPECIFICATIONS,"B - COMMAND DISCIPLINE, VACATION DAYS (6 day(s) )",allegation,
961613,2,01.Violated patrol rules.,A-CD,,allegation,
961613,3,01.Failed to make required entries in Department Logs.,OTHER,,allegation,
961613,4,01.Made misleading or inaccurate statements during a Civilian Complaint Review Board interview.,CHARGES AND SPECIFICATIONS,,allegation,
961613,5,01.Failed to activate their body worn camera.,OTHER,,allegation,
961613,5,02.Failed to make required entries in Department Logs.,OTHER,,allegation,
953634,1,"WHILE ON-DUTY, CAUSED A SUMMONS TO BE ISSUED TO A PERSON KNOWN TO THE DEPARTMENT FOR VIOLATION OF PARK RULES.",,VACATION DAYS (2 day(s) ),charge,GUILTY
953634,1,"WHILE ON-DUTY, CAUSED A SUMMONS TO BE ISSUED TO A PERSON KNOWN TO THE DEPARTMENT FOR VIOLATION OF PARK RULES.",,VACATION DAYS (2 day(s) ),charge,GUILTY
953634,2,WRONGFULLY AND WITHOUT JUST CAUSE USED EXCESSIVE FORCE TO CLEAR A CROWD OF PROTESTORS.,,VACATION DAYS (30 day(s) ),charge,GUILTY
953634,2,WRONGFULLY AND WITHOUT JUST CAUSE USED EXCESSIVE FORCE ON AN INDIVIDUAL KNOWN TO THE DEPARTMENT.,,VACATION DAYS (30 day(s) ),charge,GUILTY
953634,2,FAILED TO REPORT AN INCIDENT IN WHICH FORCE WAS USED.,,VACATION DAYS (30 day(s) ),charge,GUILTY
953634,1,01.Wrongfully used physical force.,B-CD,,allegation,
953634,2,01.Failed to prepare required reports.,OTHER,,allegation,
937975,1,WHILE OFF-DUTY WRONGFULLY OPERATED A MOTOR VEHICLE WHILE UNDER THE INFLUENCE OF AN INTOXICANT.,,"COUNSELING, DISMISSAL PROBATION (12 month(s) ), ORDERED BREATH TESTING, PRE-TRIAL SUSPENSION DAYS (29 day(s) ), SUSPENDED W/O PAY (16 day(s) ), VACATION DAYS (15 day(s) )",charge,GUILTY
937975,1,WHILE OFF-DUTY WRONGFULLY OPERATED A MOTOR VEHICLE WHILE HIS ABILITY TO OPERATE SUCH MOTOR VEHICLE WAS IMPAIRED BY THE CONSUMPTION OF ALCOHOL.,,"COUNSELING, DISMISSAL PROBATION (12 month(s) ), ORDERED BREATH TESTING, PRE-TRIAL SUSPENSION DAYS (29 day(s) ), SUSPENDED W/O PAY (16 day(s) ), VACATION DAYS (15 day(s) )",charge,GUILTY
937975,1,WHILE OFF-DUTY WRONGFULLY REFUSED TO SUBMIT TO A CHEMICAL BREATH TEST TO DETERMINE HIS BLOOD ALCOHOL CONCENTRATION.,,"COUNSELING, DISMISSAL PROBATION (12 month(s) ), ORDERED BREATH TESTING, PRE-TRIAL SUSPENSION DAYS (29 day(s) ), SUSPENDED W/O PAY (16 day(s) ), VACATION DAYS (15 day(s) )",charge,GUILTY
937975,1,WHILE OFF-DUTY WAS UNFIT FOR DUTY DUE TO HIS CONSUMPTION OF ALCOHOL.,,"COUNSELING, DISMISSAL PROBATION (12 month(s) ), ORDERED BREATH TESTING, PRE-TRIAL SUSPENSION DAYS (29 day(s) ), SUSPENDED W/O PAY (16 day(s) ), VACATION DAYS (15 day(s) )",charge,GUILTY
937975,1,WHILE OFF-DUTY WAS WRONGFULLY INVOLVED IN A VEHICLE COLLISION.,,"COUNSELING, DISMISSAL PROBATION (12 month(s) ), ORDERED BREATH TESTING, PRE-TRIAL SUSPENSION DAYS (29 day(s) ), SUSPENDED W/O PAY (16 day(s) ), VACATION DAYS (15 day(s) )",charge,GUILTY
964221,1,01.Wrongfully issued a summons to an individual known to the Department.,CHARGES AND SPECIFICATIONS,,allegation,
964221,1,02.Wrongfully stopped a vehicle.,CHARGES AND SPECIFICATIONS,,allegation,
964221,2,01.Violated patrol rules.,B-CD,,allegation,
955714,1,01.Failed to activate BWC in a timely manner,CHARGES AND SPECIFICATIONS,"C - COMMAND DISCIPLINE, VACATION DAYS (14 day(s) )",allegation,
955714,1,02.Failed to make radio transmissions,CHARGES AND SPECIFICATIONS,"C - COMMAND DISCIPLINE, VACATION DAYS (14 day(s) )",allegation,
955714,1,03.Failed to terminate vehicle pursuit,CHARGES AND SPECIFICATIONS,"C - COMMAND DISCIPLINE, VACATION DAYS (14 day(s) )",allegation,
949999,1,01.Failed to activate their body worn camera.,OTHER,,allegation,
966937,1,01.Wrongfully discourteous to an individual known to the Department.,A-CD,A - COMMAND DISCIPLINE,allegation,
939872,1,"WHILE OFF-DUTY DID WRONGFULLY PLACED HIS HAND ON, AND APPLY PRESSURE TO, THE NECK OF ANOTHER PERSON.",,"COUNSELING, DISMISSAL PROBATION (12 month(s) ), PRE-TRIAL SUSPENSION DAYS (32 day(s) )",charge,GUILTY
954484,1,01.Wrongfully discourteous to an individual known to the Department.,A-CD,A - COMMAND DISCIPLINE,allegation,
954484,1,02.Wrongfully searched an individual known to the Department.,A-CD,A - COMMAND DISCIPLINE,allegation,
924884,1,01.Wrongful entry of a premises.,NO DISCIPLINARY ACTION,,allegation,
924884,1,02.Wrongful search of a premises.,NO DISCIPLINARY ACTION,,allegation,
934393,1,01.Violated financial restrictions.,B-CD,"B - COMMAND DISCIPLINE, VACATION DAYS (10 day(s) )",allegation,
967422,1,01.Activity Log violation.,INSTRUCTIONS,INSTRUCTIONS,allegation,
967422,1,02.Use of force.,NO DISCIPLINARY ACTION,INSTRUCTIONS,allegation,
961616,1,01.Violated patrol rules - failed to provide business card,A-CD,A - COMMAND DISCIPLINE,allegation,
963374,1,01.Failed to safeguard a prisoner (not resulting in loss).,CHARGES AND SPECIFICATIONS,"B - COMMAND DISCIPLINE, VACATION DAYS (2 day(s) )",allegation,
958248,1,01.Violated patrol rules.,TRAINING,TRAINING,allegation,
956391,1,Trespass.,,"COUNSELING, DISMISSAL PROBATION (12 month(s) ), ORDERED BREATH TESTING, PRE-TRIAL SUSPENSION DAYS (32 day(s) ), VACATION DAYS (13 day(s) )",charge,PLEADED GUILTY
956391,1,Conduct Prejudicial.,,"COUNSELING, DISMISSAL PROBATION (12 month(s) ), ORDERED BREATH TESTING, PRE-TRIAL SUSPENSION DAYS (32 day(s) ), VACATION DAYS (13 day(s) )",charge,PLEADED GUILTY
956391,1,Failed to obey a lawful order/direction.,,"COUNSELING, DISMISSAL PROBATION (12 month(s) ), ORDERED BREATH TESTING, PRE-TRIAL SUSPENSION DAYS (32 day(s) ), VACATION DAYS (13 day(s) )",charge,PLEADED GUILTY
952412,1,Unfit for duty.,,"COUNSELING, DISMISSAL PROBATION (12 month(s) ), ORDERED BREATH TESTING, SUSPENDED W/O PAY (20 day(s) ), VACATION DAYS (10 day(s) )",charge,GUILTY
952412,1,Involved in a physical altercation.,,"COUNSELING, DISMISSAL PROBATION (12 month(s) ), ORDERED BREATH TESTING, SUSPENDED W/O PAY (20 day(s) ), VACATION DAYS (10 day(s) )",charge,GUILTY
952412,1,Failed to safeguard a firearm (resulting in loss/theft or not).,,"COUNSELING, DISMISSAL PROBATION (12 month(s) ), ORDERED BREATH TESTING, SUSPENDED W/O PAY (20 day(s) ), VACATION DAYS (10 day(s) )",charge,GUILTY
952412,1,Unfit for duty while armed.,,"COUNSELING, DISMISSAL PROBATION (12 month(s) ), ORDERED BREATH TESTING, SUSPENDED W/O PAY (20 day(s) ), VACATION DAYS (10 day(s) )",charge,GUILTY
952412,1,"Failed to safeguard Department property (not equipment, i.e.: ID card, shield, radio, parking plaque, Activity Log, cellphone, uniform apparel, vehicle, office, desk).",,"COUNSELING, DISMISSAL PROBATION (12 month(s) ), ORDERED BREATH TESTING, SUSPENDED W/O PAY (20 day(s) ), VACATION DAYS (10 day(s) )",charge,GUILTY
959455,1,01.Failed to timely activate their body worn camera.,TRAINING,TRAINING,allegation,
959455,2,01.Wrongfully frisked an individual known to the Department.,B-CD,,allegation,
959455,2,02.Wrongfully searched an individual known to the Department.,B-CD,,allegation,
959455,3,01.Violated patrol rules.,OTHER,,allegation,
966437,1,01.Failed to take police action/render police services.,A-CD,A - COMMAND DISCIPLINE,allegation,
915231,1,Improperly used Department property/resources/equipment.,,VACATION DAYS (35 day(s) ),charge,PLEADED GUILTY
915231,1,Failed to safeguard Department property.,,VACATION DAYS (35 day(s) ),charge,PLEADED GUILTY
915231,1,Disobeyed traffic-control device.,,VACATION DAYS (35 day(s) ),charge,PLEADED GUILTY
915231,1,Improperly used Department property/resources/equipment.,,VACATION DAYS (35 day(s) ),charge,PLEADED GUILTY
967752,1,01.Wrongful search of a premises.,NO DISCIPLINARY ACTION,,allegation,
963375,1,01.Wrongfully made discourteous gesture.,A-CD,A - COMMAND DISCIPLINE,allegation,
942751,1,WAS DISCOURTEOUS TO A PERSON KNOWN TO THE DEPARTMENT.,,VACATION DAYS (20 day(s) ),charge,GUILTY
942751,1,FAILED AND NEGLECTED TO COMPLY WITH AN ORDER DIRECTED BY A SERGEANT.,,VACATION DAYS (20 day(s) ),charge,GUILTY
942751,1,"WITHOUT JUST CAUSE OPERATED A DEPARTMENT VEHICLE FOR A NON-DEPARTMENT PURPOSE, WITHOUT PERMISSION OR AUTHORITY TO DO SO.",,VACATION DAYS (20 day(s) ),charge,GUILTY
942751,1,01.Violated patrol rules.,A-CD,,allegation,
942751,2,"01.Failure to safeguard firearm while off-duty, not resulting in its loss.",C-CD,"C - COMMAND DISCIPLINE, VACATION DAYS (15 day(s) )",allegation,
941348,1,"while on-duty, wrongfully recommended a specific tow truck driver.",,"DISMISSAL PROBATION (12 month(s) ), VACATION DAYS (30 day(s) )",charge,GUILTY
941348,1,"while on-duty, during his official Department interview made false or misleading statement.",,"DISMISSAL PROBATION (12 month(s) ), VACATION DAYS (30 day(s) )",charge,GUILTY
934313,1,01.Failed to make proper notifications.,NO DISCIPLINARY ACTION,INSTRUCTIONS,allegation,
959456,1,01.Failed to activate their body-worn camera.,OTHER,"A - COMMAND DISCIPLINE, VACATION DAYS (3 day(s) )",allegation,
959456,1,02.Failed to prepare memo book entries.,A-CD,"A - COMMAND DISCIPLINE, VACATION DAYS (3 day(s) )",allegation,
959456,1,03.Violated patrol rules.,A-CD,"A - COMMAND DISCIPLINE, VACATION DAYS (3 day(s) )",allegation,
959456,1,04.Wrongfully stopped an individual known to the Department.,A-CD,"A - COMMAND DISCIPLINE, VACATION DAYS (3 day(s) )",allegation,
959456,2,01.Failed to activate their body worn camera.,OTHER,,allegation,
963376,1,01.Wrongfully stopped a vehicle.,A-CD,A - COMMAND DISCIPLINE,allegation,
934403,1,01.Wrongfully discourteous.,A-CD,,allegation,
950009,1,01.Failed to make required entries in Department Logs.,OTHER,,allegation,
954489,1,Operated a motor vehicle while under the influence of an intoxicant.,,"COUNSELING, DISMISSAL PROBATION (12 month(s) ), ORDERED BREATH TESTING, PRE-TRIAL SUSPENSION DAYS (35 day(s) ), VACATION DAYS (25 day(s) )",charge,GUILTY
954489,1,Operated a motor vehicle while their ability was impaired.,,"COUNSELING, DISMISSAL PROBATION (12 month(s) ), ORDERED BREATH TESTING, PRE-TRIAL SUSPENSION DAYS (35 day(s) ), VACATION DAYS (25 day(s) )",charge,GUILTY
954489,1,Unfit for duty.,,"COUNSELING, DISMISSAL PROBATION (12 month(s) ), ORDERED BREATH TESTING, PRE-TRIAL SUSPENSION DAYS (35 day(s) ), VACATION DAYS (25 day(s) )",charge,GUILTY
954489,1,Operated a motor vehicle recklessly.,,"COUNSELING, DISMISSAL PROBATION (12 month(s) ), ORDERED BREATH TESTING, PRE-TRIAL SUSPENSION DAYS (35 day(s) ), VACATION DAYS (25 day(s) )",charge,GUILTY
954490,1,01.Failed to activate body-worn camera.,NO DISCIPLINARY ACTION,,allegation,
966440,1,01.Failed to timely activate their body worn camera.,A-CD,,allegation,
966440,1,02.Violated patrol rules.,A-CD,,allegation,
966440,1,03.Wrongfully stopped an individual known to the Department.,A-CD,,allegation,
953639,1,01.Violated patrol rules.,TRAINING,TRAINING,allegation,
952415,1,01.Wrongfully discourteous.,A-CD,,allegation,
936136,1,Failed to conduct an investigation.,,PRE-TRIAL SUSPENSION DAYS (33 day(s) ),charge,GUILTY
955719,1,01.Failed to prepare required reports.,B-CD,,allegation,
939815,1,"WHILE OFF-DUTY AND OUT OF STATE, IMPEDED AN INVESTIGATION INTO THE WHEREABOUTS OF ANOTHER MEMBER OF SERVICE.",,VACATION DAYS (18 day(s) ),charge,GUILTY
939815,1,"WHILE OFF-DUTY, FAILED TO NOTIFY THE OPERATIONS DIVISION UPON BECOMING INVOLVED IN A UNUSUAL POLICE OCCURRENCE TO WHICH HE WAS A PARTICIPANT OR A WITNESS.",,VACATION DAYS (18 day(s) ),charge,GUILTY
939815,1,"WHILE OFF-DUTY, FAILED TO MAKE HIMSELF AVAILABLE TO THE DUTY CAPTAIN, UPON LEARNING THAT THE DUTY CAPTAIN WAS RESPONDING.",,VACATION DAYS (18 day(s) ),charge,GUILTY
968239,1,01.Failed to prepare required reports.,B-CD,"B - COMMAND DISCIPLINE, VACATION DAYS (5 day(s) )",allegation,
948300,1,"DID KNOWINGLY ASSOCIATE WITH PERSONS OR ORGANIZATIONS REASONABLY BELIEVED TO  BE ENGAGED IN, LIKELY TO ENGAGE IN, OR TO HAVE ENGAGED IN CRIMINAL ACTIVITIES.",,"DISMISSAL PROBATION (12 month(s) ), VACATION DAYS (30 day(s) )",charge,PLEADED GUILTY
948300,1,ENGAGED IN A ROMANTIC RELATIONSHIP WITH A PERSON KNOWN TO THE DEPARTMENT AFTER PLACING HER UNDER ARREST AND DURING THE PENDENCY OF HER CRIMINAL MATTER.,,"DISMISSAL PROBATION (12 month(s) ), VACATION DAYS (30 day(s) )",charge,PLEADED GUILTY
948300,1,01.Failed to obtain medical treatment.,CHARGES AND SPECIFICATIONS,,allegation,
948300,1,01.Wrongfully discourteous to an individual known to the Department.,CHARGES AND SPECIFICATIONS,,allegation,
941351,1,WRONGFULLY USED FORCE AGAINST AN INDIVIDUAL KNOWN TO THE DEPARTMENT WITHOUT POLICE NECESSITY.,,VACATION DAYS (20 day(s) ),charge,GUILTY
961622,1,01.Wrongfully discourteous  to an individual known to the Department.,CHARGES AND SPECIFICATIONS,,allegation,
961622,1,02.Wrongfully discourteous to an individual known to the Department.,CHARGES AND SPECIFICATIONS,,allegation,
961622,1,03.Wrongfully used offensive language.,CHARGES AND SPECIFICATIONS,,allegation,
945472,1,01.Failed to show show warrant.,NO DISCIPLINARY ACTION,,allegation,
945472,2,01.Violated patrol rules.,A-CD,,allegation,
946395,1,"WHILE ON-DUTY, FAILED TO COMPLY WITH AN ORDER ISSUED BY A SUPERVISING LIEUTENANT.",,VACATION DAYS (20 day(s) ),charge,GUILTY
946395,1,"ENGAGED IN CONDUCT PREJUDICIAL TO THE GOOD ORDER, EFFICIENCY OR DISCIPLINE OF THE DEPARTMENT, TO WIT:  CALLED IN SICK AFTER SHE WAS DENIED EXCUSAL FROM A DETAIL SHE HAD BEEN ASSIGNED TO ON THAT DAY.",,VACATION DAYS (20 day(s) ),charge,GUILTY
961020,1,Operated a motor vehicle while their ability was impaired.,,"COUNSELING, DISMISSAL PROBATION (12 month(s) ), ORDERED BREATH TESTING, PRE-TRIAL SUSPENSION DAYS (30 day(s) ), VACATION DAYS (40 day(s) )",charge,PLEADED GUILTY
961020,1,Operating a motor vehicle while under the influence of alcohol or drugs.,,"COUNSELING, DISMISSAL PROBATION (12 month(s) ), ORDERED BREATH TESTING, PRE-TRIAL SUSPENSION DAYS (30 day(s) ), VACATION DAYS (40 day(s) )",charge,PLEADED GUILTY
961020,1,Refused to submit to a breathalyzer test.,,"COUNSELING, DISMISSAL PROBATION (12 month(s) ), ORDERED BREATH TESTING, PRE-TRIAL SUSPENSION DAYS (30 day(s) ), VACATION DAYS (40 day(s) )",charge,PLEADED GUILTY
961020,1,Unfit for duty.,,"COUNSELING, DISMISSAL PROBATION (12 month(s) ), ORDERED BREATH TESTING, PRE-TRIAL SUSPENSION DAYS (30 day(s) ), VACATION DAYS (40 day(s) )",charge,PLEADED GUILTY
961020,1,Involved in a physical altercation.,,"COUNSELING, DISMISSAL PROBATION (12 month(s) ), ORDERED BREATH TESTING, PRE-TRIAL SUSPENSION DAYS (30 day(s) ), VACATION DAYS (40 day(s) )",charge,GUILTY
961020,1,Violated uniform rules.,,"COUNSELING, DISMISSAL PROBATION (12 month(s) ), ORDERED BREATH TESTING, PRE-TRIAL SUSPENSION DAYS (30 day(s) ), VACATION DAYS (40 day(s) )",charge,PLEADED GUILTY
957850,1,01.Wrongfully discourteous to an individual known to the Department.,A-CD,A - COMMAND DISCIPLINE,allegation,
971801,1,01.Fail to safeguard prisoner.,B-CD,"B - COMMAND DISCIPLINE, VACATION DAYS (3 day(s) )",allegation,
969486,1,01.Computer misuse.,C-CD,"C - COMMAND DISCIPLINE, VACATION DAYS (5 day(s) )",allegation,
969486,1,02.Misleading Statements.,NO DISCIPLINARY ACTION,"C - COMMAND DISCIPLINE, VACATION DAYS (5 day(s) )",allegation,
957337,1,01.Wrongfully frisked an individual known to the Department.,A-CD,"A - COMMAND DISCIPLINE, VACATION DAYS (1 day(s) )",allegation,
957337,2,01.Failed to obtain medical treatment.,B-CD,,allegation,
957337,2,02.Wrongfully discourteous to an individual known to the Department.,B-CD,,allegation,
944329,1,01.Failed to prepare required reports.,B-CD,"B - COMMAND DISCIPLINE, VACATION DAYS (5 day(s) )",allegation,
973916,1,01.Failed to activate their body worn camera.,C-CD,TRAINING,allegation,
944249,1,"ON DUTY,  SEARCHED PREMISES WITHOUT SUFFICIENT LEGAL AUTHORITY.",,VACATION DAYS (7 day(s) ),charge,GUILTY
934414,1,01.Wrongfully searched a vehicle.,A-CD,,allegation,
934414,2,01.Failed to take police action/render police services.,A-CD,,allegation,
960170,1,01.Utilized excessive force.,CHARGES AND SPECIFICATIONS,INSTRUCTIONS,allegation,
958262,1,01.Violated patrol rules - failed to provide a business card,CHARGES AND SPECIFICATIONS,"A - COMMAND DISCIPLINE, VACATION DAYS (3 day(s) )",allegation,
958262,1,02.Wrongfully stopped an individual known to the Department.,CHARGES AND SPECIFICATIONS,"A - COMMAND DISCIPLINE, VACATION DAYS (3 day(s) )",allegation,
958262,1,03.Wrongfully used physical force.,CHARGES AND SPECIFICATIONS,"A - COMMAND DISCIPLINE, VACATION DAYS (3 day(s) )",allegation,
958262,2,01.Failed to activate their body worn camera.,OTHER,,allegation,
958262,3,01.Wrongfully frisked an individual known to the Department.,B-CD,,allegation,
958262,3,02.Wrongfully searched an individual known to the Department.,B-CD,,allegation,
958262,4,01.Failed to activate their body worn camera.,OTHER,,allegation,
958262,4,02.Failed to make required entries in Department Logs.,OTHER,,allegation,
951507,1,01.Failed to activate body-worn camera.,CHARGES AND SPECIFICATIONS,"B - COMMAND DISCIPLINE, VACATION DAYS (5 day(s) )",allegation,
951507,1,"02.Failed to make proper notifications.
Failed to prepare required reports.
Failed to make required entries in Department logs.",CHARGES AND SPECIFICATIONS,"B - COMMAND DISCIPLINE, VACATION DAYS (5 day(s) )",allegation,
951507,1,03.Wrongfully used physical force.,CHARGES AND SPECIFICATIONS,"B - COMMAND DISCIPLINE, VACATION DAYS (5 day(s) )",allegation,
964890,1,01.Failed to follow department procedure handling emotionally disturbed/aided persons.,B-CD,"DISMISSAL PROBATION (12 month(s) ), SUSPENDED W/O PAY (10 day(s) ), TRAINING, VACATION DAYS (25 day(s) )",allegation,
964890,1,02.Failed to make proper notifications.,B-CD,"DISMISSAL PROBATION (12 month(s) ), SUSPENDED W/O PAY (10 day(s) ), TRAINING, VACATION DAYS (25 day(s) )",allegation,
964890,1,03.Failed to make required entries in TRI.,B-CD,"DISMISSAL PROBATION (12 month(s) ), SUSPENDED W/O PAY (10 day(s) ), TRAINING, VACATION DAYS (25 day(s) )",allegation,
964890,1,04.Failed to make required entries in activity log.,B-CD,"DISMISSAL PROBATION (12 month(s) ), SUSPENDED W/O PAY (10 day(s) ), TRAINING, VACATION DAYS (25 day(s) )",allegation,
964890,1,05.Failed to use de-escalation techniques.,B-CD,"DISMISSAL PROBATION (12 month(s) ), SUSPENDED W/O PAY (10 day(s) ), TRAINING, VACATION DAYS (25 day(s) )",allegation,
964890,1,06.Wrongfully discourteous to an individual known to the Department.,B-CD,"DISMISSAL PROBATION (12 month(s) ), SUSPENDED W/O PAY (10 day(s) ), TRAINING, VACATION DAYS (25 day(s) )",allegation,
964890,1,07.Wrongfully used physical force.,B-CD,"DISMISSAL PROBATION (12 month(s) ), SUSPENDED W/O PAY (10 day(s) ), TRAINING, VACATION DAYS (25 day(s) )",allegation,
964890,2,01.Wrongfully discourteous to an individual known to the Department.,CHARGES AND SPECIFICATIONS,,allegation,
964890,2,02.Wrongfully used a chokehold.,CHARGES AND SPECIFICATIONS,,allegation,
964890,2,03.Wrongfully used physical force.,CHARGES AND SPECIFICATIONS,,allegation,
946752,1,01.Improper frisk of an individual,TRAINING,TRAINING,allegation,
946752,1,02.Improperly threatened to issue a summons to an individual,TRAINING,TRAINING,allegation,
946752,2,01.Violated patrol rules.,B-CD,,allegation,
946752,2,01.Wrongfully stopped an individual known to the Department.,B-CD,,allegation,
946752,3,01.Failed to make required entries in Department Logs.,OTHER,,allegation,
946752,3,02.Failed to prepare required reports.,OTHER,,allegation,
946752,4,01.Failed to make proper activity log entries.,CHARGES AND SPECIFICATIONS,"C - COMMAND DISCIPLINE, VACATION DAYS (8 day(s) )",allegation,
946752,4,02.Failed to notify the radio dispatcher about a vehicle pursuit.,CHARGES AND SPECIFICATIONS,"C - COMMAND DISCIPLINE, VACATION DAYS (8 day(s) )",allegation,
946752,4,03.Failed to safeguard poisoner property.,CHARGES AND SPECIFICATIONS,"C - COMMAND DISCIPLINE, VACATION DAYS (8 day(s) )",allegation,
946752,4,04.Improper vehicle pursuit.,CHARGES AND SPECIFICATIONS,"C - COMMAND DISCIPLINE, VACATION DAYS (8 day(s) )",allegation,
946752,4,05.Wrongfully deactivated their body-worn camera,CHARGES AND SPECIFICATIONS,"C - COMMAND DISCIPLINE, VACATION DAYS (8 day(s) )",allegation,
937996,1,FAILED AND NEGLECTED TO REMAIN ALERT WHILE GUARDING A PRISONER.,,VACATION DAYS (10 day(s) ),charge,GUILTY
937996,1,FAILED AND NEGLECTED TO MAINTAIN HIS ACTIVITY LOG AS REQUIRED.,,VACATION DAYS (10 day(s) ),charge,GUILTY
960173,1,01.Wrongfully used offensive language.,B-CD,"B - COMMAND DISCIPLINE, VACATION DAYS (1 day(s) )",allegation,
968944,1,01.Made computer inquiries unrelated to official Department business.,B-CD,B - COMMAND DISCIPLINE,allegation,
964892,1,Failed to conduct an investigation.,,VACATION DAYS (40 day(s) ),charge,PLEADED GUILTY
964892,2,Made or caused to be made false or inaccurate entries in non-Department records.,,VACATION DAYS (40 day(s) ),charge,PLEADED GUILTY
964892,2,Failed to make proper notifications (Operations Unit).,,VACATION DAYS (40 day(s) ),charge,PLEADED GUILTY
964892,2,Failed to cooperate in an investigation.,,VACATION DAYS (40 day(s) ),charge,PLEADED GUILTY
964892,2,Discourtesy.,,VACATION DAYS (40 day(s) ),charge,PLEADED GUILTY
958765,1,01.Violated patrol rules.,A-CD,,allegation,
944333,1,Wrongfully used physical force.,,VACATION DAYS (15 day(s) ),charge,PLEADED GUILTY
944333,1,Failed to make activity log entries,,VACATION DAYS (15 day(s) ),charge,PLEADED GUILTY
944333,1,01.Wrongful threat of force.,B-CD,,allegation,
944333,2,01.Failed to make required entries in Department Logs.,OTHER,,allegation,
934417,1,Failed to maintain activity log while on duty.,,VACATION DAYS (15 day(s) ),charge,PLEADED GUILTY
934417,1,Failed to make proper notifications while on duty.,,VACATION DAYS (15 day(s) ),charge,PLEADED GUILTY
934417,1,01.Failed to activate body-worn camera while on duty.,B-CD,"C - COMMAND DISCIPLINE, VACATION DAYS (18 day(s) )",allegation,
934417,1,02.Failed to maintain activity log while on duty.,B-CD,"C - COMMAND DISCIPLINE, VACATION DAYS (18 day(s) )",allegation,
934417,1,03.Failed to notify the radio dispatcher about a vehicle pursuit.,B-CD,"C - COMMAND DISCIPLINE, VACATION DAYS (18 day(s) )",allegation,
934417,1,04.Improper vehicle pursuit while on duty.,B-CD,"C - COMMAND DISCIPLINE, VACATION DAYS (18 day(s) )",allegation,
936145,1,01.Wrongfully discourteous to an individual known to the Department.,TRAINING,,allegation,
972401,1,Failed to conduct an investigation.,,VACATION DAYS (21 day(s) ),charge,PLEADED GUILTY
972401,1,Failed to activate their body-worn camera.,,VACATION DAYS (21 day(s) ),charge,PLEADED GUILTY
950021,1,01.Prematurely deactivated Body-Worn Camera,INSTRUCTIONS,"B - COMMAND DISCIPLINE, FORFEITURE OF TIME/LEAVE BALANCES",allegation,
950021,2,01.Wrongful entry of a premises.,CHARGES AND SPECIFICATIONS,"A - COMMAND DISCIPLINE, VACATION DAYS (5 day(s) )",allegation,
950021,2,02.Wrongful search of a premises.,CHARGES AND SPECIFICATIONS,"A - COMMAND DISCIPLINE, VACATION DAYS (5 day(s) )",allegation,
950021,3,01.Violated patrol rules.,A-CD,A - COMMAND DISCIPLINE,allegation,
940898,1,Operated a motor vehicle while their ability was impaired.,,"COUNSELING, DISMISSAL PROBATION (12 month(s) ), ORDERED BREATH TESTING, SUSPENDED W/O PAY (31 day(s) ), VACATION DAYS (40 day(s) )",charge,PLEADED GUILTY
940898,1,Refused to submit to a breathalyzer test.,,"COUNSELING, DISMISSAL PROBATION (12 month(s) ), ORDERED BREATH TESTING, SUSPENDED W/O PAY (31 day(s) ), VACATION DAYS (40 day(s) )",charge,PLEADED GUILTY
940898,1,Unfit for duty.,,"COUNSELING, DISMISSAL PROBATION (12 month(s) ), ORDERED BREATH TESTING, SUSPENDED W/O PAY (31 day(s) ), VACATION DAYS (40 day(s) )",charge,PLEADED GUILTY
940898,1,Operated a motor vehicle while under the influence of an intoxicant.,,"COUNSELING, DISMISSAL PROBATION (12 month(s) ), ORDERED BREATH TESTING, SUSPENDED W/O PAY (31 day(s) ), VACATION DAYS (40 day(s) )",charge,PLEADED GUILTY
940898,1,Failed to identify themselves as a police officer.,,"COUNSELING, DISMISSAL PROBATION (12 month(s) ), ORDERED BREATH TESTING, SUSPENDED W/O PAY (31 day(s) ), VACATION DAYS (40 day(s) )",charge,PLEADED GUILTY
941364,1,Operated a motor vehicle while under the influence of an intoxicant.,,"COUNSELING, DISMISSAL PROBATION (12 month(s) ), ORDERED BREATH TESTING, PRE-TRIAL SUSPENSION DAYS (30 day(s) ), VACATION DAYS (30 day(s) )",charge,PLEADED GUILTY
941364,1,Operated a motor vehicle while under the influence of an intoxicant.,,"COUNSELING, DISMISSAL PROBATION (12 month(s) ), ORDERED BREATH TESTING, PRE-TRIAL SUSPENSION DAYS (30 day(s) ), VACATION DAYS (30 day(s) )",charge,PLEADED GUILTY
941364,1,Operated a motor vehicle while their ability was impaired.,,"COUNSELING, DISMISSAL PROBATION (12 month(s) ), ORDERED BREATH TESTING, PRE-TRIAL SUSPENSION DAYS (30 day(s) ), VACATION DAYS (30 day(s) )",charge,PLEADED GUILTY
941364,1,Unfit for duty.,,"COUNSELING, DISMISSAL PROBATION (12 month(s) ), ORDERED BREATH TESTING, PRE-TRIAL SUSPENSION DAYS (30 day(s) ), VACATION DAYS (30 day(s) )",charge,PLEADED GUILTY
941364,1,Failed to timely make proper notifications.,,"COUNSELING, DISMISSAL PROBATION (12 month(s) ), ORDERED BREATH TESTING, PRE-TRIAL SUSPENSION DAYS (30 day(s) ), VACATION DAYS (30 day(s) )",charge,PLEADED GUILTY
941364,1,01.Failed to safeguard Department equipment.,B-CD,"B - COMMAND DISCIPLINE, VACATION DAYS (1 day(s) )",allegation,
962223,1,01.Wrongfully used physical force.,NO DISCIPLINARY ACTION,,allegation,
954504,1,WHILE OFF-DUTY WRONGFULLY OPERATED A MOTOR VEHICLE WHILE UNDER THE INFLUENCE OF AN INTOXICANT.,,"COUNSELING, DISMISSAL PROBATION (12 month(s) ), ORDERED BREATH TESTING, PRE-TRIAL SUSPENSION DAYS (31 day(s) ), SUSPENDED W/O PAY (15 day(s) ), VACATION DAYS (20 day(s) )",charge,GUILTY
954504,1,WHILE OFF-DUTY WRONGFULLY OPERATED A MOTOR VEHICLE WHILE HIS ABILITY WAS IMPAIRED BY AN INTOXICANT.,,"COUNSELING, DISMISSAL PROBATION (12 month(s) ), ORDERED BREATH TESTING, PRE-TRIAL SUSPENSION DAYS (31 day(s) ), SUSPENDED W/O PAY (15 day(s) ), VACATION DAYS (20 day(s) )",charge,GUILTY
954504,1,WHILE OFF-DUTY REFUSED TO SUBMIT TO A CHEMICAL BREATH TEST.,,"COUNSELING, DISMISSAL PROBATION (12 month(s) ), ORDERED BREATH TESTING, PRE-TRIAL SUSPENSION DAYS (31 day(s) ), SUSPENDED W/O PAY (15 day(s) ), VACATION DAYS (20 day(s) )",charge,GUILTY
954504,1,WHILE OFF-DUTY CONSUMED AN INTOXICANT TO THE EXTENT THAT HE WAS UNFIT FOR DUTY.,,"COUNSELING, DISMISSAL PROBATION (12 month(s) ), ORDERED BREATH TESTING, PRE-TRIAL SUSPENSION DAYS (31 day(s) ), SUSPENDED W/O PAY (15 day(s) ), VACATION DAYS (20 day(s) )",charge,GUILTY
954504,1,WHILE OFF-DUTY CONSUMED AN INTOXICANT TO THE EXTENT THAT HE WAS UNFIT FOR DUTY WHILE ARMED.,,"COUNSELING, DISMISSAL PROBATION (12 month(s) ), ORDERED BREATH TESTING, PRE-TRIAL SUSPENSION DAYS (31 day(s) ), SUSPENDED W/O PAY (15 day(s) ), VACATION DAYS (20 day(s) )",charge,GUILTY
954504,1,"WHILE OFF-DUTY DID OBSTRUCT A RAILROAD CROSSING, BY DRIVING HIS VEHICLE ONTO LIRR RAILROAD TRACKS.",,"COUNSELING, DISMISSAL PROBATION (12 month(s) ), ORDERED BREATH TESTING, PRE-TRIAL SUSPENSION DAYS (31 day(s) ), SUSPENDED W/O PAY (15 day(s) ), VACATION DAYS (20 day(s) )",charge,GUILTY
954504,1,WHILE OFF-DUTY WAS IMPROPERLY DRIVING HIS VEHICLE ON LIRR RAILROAD TRACKS AND CAUSED DAMAGE TO SAID TRACKS.,,"COUNSELING, DISMISSAL PROBATION (12 month(s) ), ORDERED BREATH TESTING, PRE-TRIAL SUSPENSION DAYS (31 day(s) ), SUSPENDED W/O PAY (15 day(s) ), VACATION DAYS (20 day(s) )",charge,GUILTY
970981,1,01.Failed to take police action/render police services.,B-CD,"B - COMMAND DISCIPLINE, VACATION DAYS (8 day(s) )",allegation,
929655,1,Made false/misleading/inaccurate statements to supervisors/investigators/ADA.,,"COUNSELING, DISMISSAL PROBATION (12 month(s) ), PRE-TRIAL SUSPENSION DAYS (31 day(s) )",charge,GUILTY
929655,1,Made false/misleading/inaccurate statements to supervisors/investigators/ADA.,,"COUNSELING, DISMISSAL PROBATION (12 month(s) ), PRE-TRIAL SUSPENSION DAYS (31 day(s) )",charge,GUILTY
960176,1,01.Failed to activate their body worn camera.,OTHER,,allegation,
960176,2,01.Failed to activate their body worn camera.,OTHER,,allegation,
947892,1,01.Violated patrol rules.,A-CD,,allegation,
962224,1,01.Violated patrol rules.,TRAINING,"B - COMMAND DISCIPLINE, TRAINING",allegation,
962224,1,02.Wrongfully frisked an individual an individual known to the Department.,NO DISCIPLINARY ACTION,"B - COMMAND DISCIPLINE, TRAINING",allegation,
962225,1,01.Wrongfully discourteous to an individual known to the Department.,A-CD,,allegation,
936147,1,ENGAGED IN INAPPROPRIATE CONDUCT .,,VACATION DAYS (25 day(s) ),charge,GUILTY
947711,1,DID WRONGFULLY ENGAGE IN OFF-DUTY EMPLOYMENT WITHOUT AUTHORITY OR PERMISSION TO DO SO.,,VACATION DAYS (15 day(s) ),charge,GUILTY
947711,1,FAILED TO MAINTAIN A CURRENT NEW YORK STATE DRIVER's LICENSE.,,VACATION DAYS (15 day(s) ),charge,GUILTY
947711,1,01.Wrongfully used physical force.,TRAINING,,allegation,
973230,1,01.Violated patrol rules.,A-CD,,allegation,
961627,1,01.Vehicle pursuit.,INSTRUCTIONS,"B - COMMAND DISCIPLINE, FORFEITURE OF TIME/LEAVE BALANCES, TRAINING",allegation,
940931,1,01.Wrongfully searched a vehicle.,A-CD,,allegation,
940931,2,01.Wrongfully arrested an individual known to the Department.,CHARGES AND SPECIFICATIONS,,allegation,
940931,2,02.Wrongfully frisked an individual known to the Department.,CHARGES AND SPECIFICATIONS,,allegation,
940931,2,03.Wrongfully searched a vehicle.,CHARGES AND SPECIFICATIONS,,allegation,
940931,2,04.Wrongfully searched an individual known to the Department.,CHARGES AND SPECIFICATIONS,,allegation,
940931,2,05.Wrongfully stopped a vehicle.,CHARGES AND SPECIFICATIONS,,allegation,
951513,1,01.Improper search of an individual,TRAINING,TRAINING,allegation,
953643,1,Involved in a physical altercation.,,"DISMISSAL PROBATION (12 month(s) ), VACATION DAYS (40 day(s) )",charge,GUILTY
953643,1,Made misleading statements during an official Department interview.,,"DISMISSAL PROBATION (12 month(s) ), VACATION DAYS (40 day(s) )",charge,GUILTY
939886,1,01.Violated patrol rules.,B-CD,,allegation,
939886,1,02.Wrongfully frisked an individual known to the Department.,B-CD,,allegation,
939886,1,03.Wrongfully stopped an individual known to the Department.,B-CD,,allegation,
939886,2,01.Failed to activate their body worn camera.,OTHER,,allegation,
939886,3,01.Wrongful search of a premises.,A-CD,,allegation,
939886,4,01.Failed to make required entries in Department Logs.,OTHER,,allegation,
939886,4,02.Wrongfully deactivated their body-worn camera.,OTHER,,allegation,
959462,1,01.Wrongfully deactivated their body worn camera.,TRAINING,,allegation,
936151,1,01.Wrongfully threatened to remove an individual to the hospital.,B-CD,,allegation,
958269,1,01.COMPUTER MISUSE.,INSTRUCTIONS,INSTRUCTIONS,allegation,
964896,1,01.Violated patrol rules.,TRAINING,,allegation,
966448,1,Residency requirements.,,VACATION DAYS (20 day(s) ),charge,PLEADED GUILTY
961629,1,01.Failed to activate their body worn camera.,OTHER,,allegation,
944210,1,ENGAGED IN TWO (2) PHYSICAL ALTERCATIONS WITH A PERSON KNOWN TO THE DEPARTMENT.,,"COUNSELING, DISMISSAL PROBATION (12 month(s) ), PRE-TRIAL SUSPENSION DAYS (32 day(s) ), SUSPENDED W/O PAY (13 day(s) )",charge,GUILTY
944210,1,"WHILE OFF-DUTY, DID MAKE A HARASSING PHONE CALL TO A PERSON KNOWN TO THE DEPARTMENT",,"COUNSELING, DISMISSAL PROBATION (12 month(s) ), PRE-TRIAL SUSPENSION DAYS (32 day(s) ), SUSPENDED W/O PAY (13 day(s) )",charge,GUILTY
958273,1,01.Failed to activate their body worn camera.,OTHER,,allegation,
958273,1,02.Failed to make required entries in Department Logs.,OTHER,,allegation,
958273,2,01.Violated patrol rules - failed to provide a business card,B-CD,"B - COMMAND DISCIPLINE, VACATION DAYS (3 day(s) )",allegation,
958273,2,02.Violated patrol rules - failed to provide name,B-CD,"B - COMMAND DISCIPLINE, VACATION DAYS (3 day(s) )",allegation,
958273,2,03.Violated patrol rules - failed to provide shield number,B-CD,"B - COMMAND DISCIPLINE, VACATION DAYS (3 day(s) )",allegation,
958273,2,04.Wrongfully stopped an individual known to the Department.,B-CD,"B - COMMAND DISCIPLINE, VACATION DAYS (3 day(s) )",allegation,
958273,3,01.Violated patrol rules.,A-CD,,allegation,
958273,3,02.Wrongfully stopped an individual known to the Department.,A-CD,,allegation,
957343,1,01.Wrongfully restricted breathing.,NO DISCIPLINARY ACTION,,allegation,
957343,1,02.Wrongfully used a chokehold.,NO DISCIPLINARY ACTION,,allegation,
932280,1,01.Wrongfully discourteous to an individual known to the Department.,A-CD,A - COMMAND DISCIPLINE,allegation,
946443,1,01.Violated patrol rules.,NO DISCIPLINARY ACTION,,allegation,
955733,1,WHILE OFF-DUTY OPERATED A MOTOR VEHICLE ON A PUBLIC HIGHWAY WHILE UNDER THE INFLUENECE OF ALCOHOL.,,"COUNSELING, DISMISSAL PROBATION (12 month(s) ), ORDERED BREATH TESTING, PRE-TRIAL SUSPENSION DAYS (30 day(s) ), SUSPENDED W/O PAY (15 day(s) ), VACATION DAYS (15 day(s) )",charge,GUILTY
955733,1,WHILE OFF-DUTY OPERATED A MOTOR VEHICLE ON A PUBLIC HIGHWAY WHILE HIS ABILITY TO DO SO WAS IMPAIRED BY THE CONSUMPTION OF ALCOHOL.,,"COUNSELING, DISMISSAL PROBATION (12 month(s) ), ORDERED BREATH TESTING, PRE-TRIAL SUSPENSION DAYS (30 day(s) ), SUSPENDED W/O PAY (15 day(s) ), VACATION DAYS (15 day(s) )",charge,GUILTY
955733,1,WHILE OFF-DUTY WAS UNFIT FOR DUTY DUE TO HIS CONSUMPTION OF ALCOHOL,,"COUNSELING, DISMISSAL PROBATION (12 month(s) ), ORDERED BREATH TESTING, PRE-TRIAL SUSPENSION DAYS (30 day(s) ), SUSPENDED W/O PAY (15 day(s) ), VACATION DAYS (15 day(s) )",charge,GUILTY
955733,1,"WHILE OFF-DUTY HAVING BEEN ARRESTED FOR ALCOHOL RELATED OFFENSES, DID THEREAFTER FAIL TO IMMEDIATELY NOTIFY A SUPERVISOR, COMMANDING OFFICER AND/OR OPERATIONS UNIT ROOM OF THE NEW YORK CITY POLICE DEPARTMENT.",,"COUNSELING, DISMISSAL PROBATION (12 month(s) ), ORDERED BREATH TESTING, PRE-TRIAL SUSPENSION DAYS (30 day(s) ), SUSPENDED W/O PAY (15 day(s) ), VACATION DAYS (15 day(s) )",charge,GUILTY
955733,1,WHILE OFF-DUTY DID FAIL TO IMMEDIATELY NOTIFY RESPONDING OFFICERS OF THE PALISADES PARKWAY POLICE DEPARTMENT THAT HE WAS A MEMBER OF THE NEW YORK CITY POLICE DEPARTMENT FOLLOWING HIS ARREST.,,"COUNSELING, DISMISSAL PROBATION (12 month(s) ), ORDERED BREATH TESTING, PRE-TRIAL SUSPENSION DAYS (30 day(s) ), SUSPENDED W/O PAY (15 day(s) ), VACATION DAYS (15 day(s) )",charge,GUILTY
955733,1,WHILE OFF-DUTY POLICE OFFICER AYALA OPERATED A MOTOR VEHICLE WHILE UNDER THE INFLUENCE OF ALCOHOL AND WAS FOUND TO BE INTOXICATED WITH A BLOOD ALCOHOL LEVEL OF 0.12% BAC.,,"COUNSELING, DISMISSAL PROBATION (12 month(s) ), ORDERED BREATH TESTING, PRE-TRIAL SUSPENSION DAYS (30 day(s) ), SUSPENDED W/O PAY (15 day(s) ), VACATION DAYS (15 day(s) )",charge,GUILTY
938006,1,Misuse of time.,,"DISMISSAL PROBATION (12 month(s) ), FORFEITURE OF TIME/LEAVE BALANCES, VACATION DAYS (55 day(s) )",charge,PLEADED GUILTY
938006,1,Consumed alcohol while on-duty.,,"DISMISSAL PROBATION (12 month(s) ), FORFEITURE OF TIME/LEAVE BALANCES, VACATION DAYS (55 day(s) )",charge,PLEADED GUILTY
938006,1,Consumed alcohol while on-duty.,,"DISMISSAL PROBATION (12 month(s) ), FORFEITURE OF TIME/LEAVE BALANCES, VACATION DAYS (55 day(s) )",charge,PLEADED GUILTY
954509,1,01.Wrongfully stopped an individual known to the Department.,A-CD,,allegation,
938007,1,"Failed to obey a lawful order/direction.
Insubordination.",,PRE-TRIAL SUSPENSION DAYS (22 day(s) ),charge,GUILTY
923530,1,Engaged in inappropriate conduct with a complainant.,,"RESTORATION OF SUSPENSION DAYS (26 day(s) ), SUSPENDED W/O PAY (10 day(s) )",charge,PLEADED GUILTY
953646,1,"WHILE OFF-DUTY, WRONGFULLY ENGAGED IN A PHYSICAL ALTERCATION WITH A PERSON KNOWN TO THE DEPARTMENT.",,"COUNSELING, PRE-TRIAL SUSPENSION DAYS (33 day(s) )",charge,GUILTY
953646,1,"WHILE OFF-DUTY, WRONGFULLY ENGAGED IN A PHYSICAL ALTERCATION WITH A PERSON KNOWN TO THE DEPARTMENT IN THE PRESENCE OF THEIR MINOR CHILD.",,"COUNSELING, PRE-TRIAL SUSPENSION DAYS (33 day(s) )",charge,GUILTY
961494,1,01.Wrongfully searched an individual known to the Department.,TRAINING,TRAINING,allegation,
942970,1,"WHILE ON DUTY, WRONGFULLY AND WITHOUT JUST CAUSE USED FORCE AGAINST A PERSON KNOWN TO THE DEPARTMENT.",,VACATION DAYS (20 day(s) ),charge,GUILTY
942970,1,ABUSED HIS AUTHORITY AS A MEMBER OF THE NEW YORK CITY POLICE DEPARTMENT IN THAT HE WRONGFULLY AND WITHOUT JUST CAUSE HELD A PERSON KNOWN TO THE DEPARTMENT WITHOUT LEGAL AUTHORITY TO DO SO.,,VACATION DAYS (20 day(s) ),charge,GUILTY
942970,1,ABUSED HIS AUTHORITY AS A MEMBER OF THE NEW YORK CITY POLICE DEPARTMENT IN THAT HE WRONGFULLY AND WITHOUT JUST CAUSE ENTERED A PERSON KNOWN TO THE DEPARTMENT WITHOUT LEGAL AUTHORITY TO DO SO.,,VACATION DAYS (20 day(s) ),charge,GUILTY
960188,1,01.Violated patrol rules.,TRAINING,,allegation,
931533,1,01.Fail to activate body-worn camera.,C-CD,"C - COMMAND DISCIPLINE, VACATION DAYS (2 day(s) )",allegation,
931533,1,02.Failed to make required entries in Department Logs.,C-CD,"C - COMMAND DISCIPLINE, VACATION DAYS (2 day(s) )",allegation,
931533,1,03.Improper vehicle pursuit.,C-CD,"C - COMMAND DISCIPLINE, VACATION DAYS (2 day(s) )",allegation,
975266,1,01.Criminal Mischief,CHARGES AND SPECIFICATIONS,"B - COMMAND DISCIPLINE, VACATION DAYS (5 day(s) )",allegation,
924906,1,"WRONGFULLY AND KNOWINGLY ASSOCIATED WITH A PERSON REASONABLY BELIEVED TO BE ENGAGED IN, LIKELY TO ENGAGE IN, OR TO HAVE ENGAGED IN CRIMINAL ACTIVITIES",,VACATION DAYS (20 day(s) ),charge,GUILTY
924906,1,"WRONGFULLY PROVIDED EVASIVE, INACCURATE, OR MISLEADING STATEMENTS DURING A DEPARTMENT INTERVIEW",,VACATION DAYS (20 day(s) ),charge,GUILTY
963385,1,01.Wrongful entry of a premises.,CHARGES AND SPECIFICATIONS,"A - COMMAND DISCIPLINE, VACATION DAYS (5 day(s) )",allegation,
963385,1,02.Wrongful search of a premises.,CHARGES AND SPECIFICATIONS,"A - COMMAND DISCIPLINE, VACATION DAYS (5 day(s) )",allegation,
963385,2,01.Failed to make required entries in Department Logs.,OTHER,,allegation,
963385,2,02.Failed to timely activate body worn camera.,OTHER,,allegation,
956405,1,01.Wrongfully discourteous to an individual known to the Department.,A-CD,,allegation,
956405,2,01.Wrongful removal to a hospital.,CHARGES AND SPECIFICATIONS,,allegation,
956405,2,02.Wrongfully discourteous to an individual known to the Department.,CHARGES AND SPECIFICATIONS,,allegation,
956405,2,03.Wrongfully searched an individual known to the Department.,CHARGES AND SPECIFICATIONS,,allegation,
960189,1,01.Interfere with a recording device,CHARGES AND SPECIFICATIONS,,allegation,
960189,1,01.Wrongfully threatened to arrest an individual known to the Department,CHARGES AND SPECIFICATIONS,,allegation,
960189,1,02.Wrongful threat of force.,CHARGES AND SPECIFICATIONS,,allegation,
960189,1,03.Wrongfully discourteous to an individual known to the Department.,CHARGES AND SPECIFICATIONS,,allegation,
960189,1,04.Wrongfully stopped a vehicle.,CHARGES AND SPECIFICATIONS,,allegation,
960189,1,05.Wrongfully threatened to seize a person's property.,CHARGES AND SPECIFICATIONS,,allegation,
960189,2,01.Failed to make required entries in Department Logs.,OTHER,,allegation,
960189,3,01.Wrongfully stopped an individual known to the Department.,A-CD,,allegation,
943185,1,Operated a motor vehicle while their ability was impaired.,,"COUNSELING, DISMISSAL PROBATION (12 month(s) ), ORDERED BREATH TESTING, PRE-TRIAL SUSPENSION DAYS (32 day(s) ), SUSPENDED W/O PAY (23 day(s) )",charge,PLEADED GUILTY
943185,1,Operated a motor vehicle while their ability was impaired.,,"COUNSELING, DISMISSAL PROBATION (12 month(s) ), ORDERED BREATH TESTING, PRE-TRIAL SUSPENSION DAYS (32 day(s) ), SUSPENDED W/O PAY (23 day(s) )",charge,PLEADED GUILTY
943185,1,Refused to submit to a breathalyzer test.,,"COUNSELING, DISMISSAL PROBATION (12 month(s) ), ORDERED BREATH TESTING, PRE-TRIAL SUSPENSION DAYS (32 day(s) ), SUSPENDED W/O PAY (23 day(s) )",charge,PLEADED GUILTY
943185,1,Unfit for duty.,,"COUNSELING, DISMISSAL PROBATION (12 month(s) ), ORDERED BREATH TESTING, PRE-TRIAL SUSPENSION DAYS (32 day(s) ), SUSPENDED W/O PAY (23 day(s) )",charge,PLEADED GUILTY
971816,1,01.Wrongful entry of a premises.,TRAINING,TRAINING,allegation,
944344,1,"WHILE ON-DUTY, WRONGFULLY THREATENED TO TAKE OFFICIAL POLICE ACTION AGAINST A PERSON KNOWN TO THE DEPARTMENT.",,"DISMISSAL PROBATION (12 month(s) ), SUSPENDED W/O PAY (30 day(s) ), VACATION DAYS (15 day(s) )",charge,GUILTY
944344,1,"WHILE ON-DUTY, WRONGFULLY WAS ABSENT FROM SAID ASSIGNMENT, WITHOUT PERMISSION OR POLICE NECESSITY.",,"DISMISSAL PROBATION (12 month(s) ), SUSPENDED W/O PAY (30 day(s) ), VACATION DAYS (15 day(s) )",charge,GUILTY
944344,1,"WHILE ON-DUTY, WRONGFULLY DID FAIL AND NEGLECT TO MAKE REQUIRED ENTRIES IN HIS ACTIVITY LOG, AS REQUIRED.",,"DISMISSAL PROBATION (12 month(s) ), SUSPENDED W/O PAY (30 day(s) ), VACATION DAYS (15 day(s) )",charge,GUILTY
944344,2,"Conducted personal business while on-duty.
Off post",,"DISMISSAL PROBATION (12 month(s) ), VACATION DAYS (25 day(s) )",charge,GUILTY
944344,2,Improperly used Department property/resources/equipment (RMP),,"DISMISSAL PROBATION (12 month(s) ), VACATION DAYS (25 day(s) )",charge,GUILTY
944344,2,Failed to make required entries in Department Logs  (Activity Log),,"DISMISSAL PROBATION (12 month(s) ), VACATION DAYS (25 day(s) )",charge,GUILTY
944344,2,Violated patrol rules,,"DISMISSAL PROBATION (12 month(s) ), VACATION DAYS (25 day(s) )",charge,GUILTY
960190,1,01.Wrongful entry of a premises.,TRAINING,TRAINING,allegation,
936162,1,FAILED TO IMMEDIATELY NOTIFY A SUPERVISOR AFTER THE ESCAPE OF A PRISONER.,,PRE-TRIAL SUSPENSION DAYS (32 day(s) ),charge,GUILTY
936162,2,"WHILE ON-DUTY, DID WRONGFULLY SEARCH A PERSON KNOWN TO THE DEPARTMENT's BAG WITHOUT SUFFICIENT LEGAL AUTHORITY.",,VACATION DAYS (7 day(s) ),charge,GUILTY
936162,3,"WHILE ON-DUTY, ABUSED HIS AUTHORITY AS A MEMBER OF THE NEW YORK CITY POLICE DEPARTMENT, IN THAT HE STOPPED A PERSON KNOWN TO THE DEPARTMENT WITHOUT SUFFICIENT LEGAL AUTHORITY.",,VACATION DAYS (7 day(s) ),charge,GUILTY
936162,3,"WHILE ON-DUTY, ABUSED HIS AUTHORITY AS A MEMBER OF THE NEW YORK CITY POLICE DEPARTMENT, IN THAT HE FRISKED A PERSON KNOWN TO THE DEPARTMENT WITHOUT SUFFICIENT LEGAL AUTHORITY.",,VACATION DAYS (7 day(s) ),charge,GUILTY
936162,3,"WHILE ON-DUTY, WRONGFULLY SEARCHED A PERSON KNOWN TO THE DEPARTMENT's BAG WITHOUT SUFFICIENT LEGAL AUTHORITY.",,VACATION DAYS (7 day(s) ),charge,GUILTY
953654,1,01.Wrongful search of a premises.,B-CD,"B - COMMAND DISCIPLINE, VACATION DAYS (5 day(s) )",allegation,
965942,1,01.Disseminated confidential information.,C-CD,"C - COMMAND DISCIPLINE, VACATION DAYS (8 day(s) )",allegation,
965942,2,01.Failed to notify the radio dispatcher about a vehicle pursuit.,C-CD,TRAINING,allegation,
965942,3,01.Made a false statement.,CHARGES AND SPECIFICATIONS,,allegation,
957351,1,01.Body-worn camera violation.,A-CD,"A - COMMAND DISCIPLINE, FORFEITURE OF TIME/LEAVE BALANCES",allegation,
967758,1,01.Wrongful entry of a premises.,A-CD,A - COMMAND DISCIPLINE,allegation,
967758,1,02.Wrongfully discourteous to an individual known to the Department.,A-CD,A - COMMAND DISCIPLINE,allegation,
968256,1,Criminal association.,,VACATION DAYS (15 day(s) ),charge,PLEADED GUILTY
958282,1,Accessed body worn camera footage for purposes unrelated to official department business.,,VACATION DAYS (20 day(s) ),charge,GUILTY
958282,1,Recorded body worn camera footage for purposes unrelated to official Department business.,,VACATION DAYS (20 day(s) ),charge,GUILTY
958282,1,Wrongfully disseminated confidential Department information.,,VACATION DAYS (20 day(s) ),charge,GUILTY
956407,1,01.Wrongfully discourteous to an individual known to the Department.,CHARGES AND SPECIFICATIONS,"A - COMMAND DISCIPLINE, VACATION DAYS (5 day(s) )",allegation,
956407,1,02.Wrongfully used offensive language.,CHARGES AND SPECIFICATIONS,"A - COMMAND DISCIPLINE, VACATION DAYS (5 day(s) )",allegation,
952439,1,-,,VACATION DAYS (10 day(s) ),charge,GUILTY
952439,1,01.Failed to activate body-worn camera.,TRAINING,,allegation,
952439,2,01.Failed to activate their body worn camera,OTHER,,allegation,
952439,2,02.Failed to make required entries in Department Logs.,OTHER,,allegation,
966455,1,01.Wrongfully discourteous to an individual known to the Department.,A-CD,,allegation,
948639,1,01.Failed to activate their body worn camera.,OTHER,TRAINING,allegation,
953656,1,01.Violated patrol rules.,A-CD,,allegation,
953656,1,02.Wrongful search of a premises.,NO DISCIPLINARY ACTION,,allegation,
962238,1,Made misleading or inaccurate statements during an official Department interview.,,VACATION DAYS (5 day(s) ),charge,GUILTY
941388,1,WRONGFULLY OPERATED A MOTOR VEHICLE WHILE UNDER THE INFLUENCE OF AN INTOXICANT.,,"COUNSELING, DISMISSAL PROBATION (12 month(s) ), ORDERED BREATH TESTING, PRE-TRIAL SUSPENSION DAYS (31 day(s) ), VACATION DAYS (9 day(s) )",charge,GUILTY
941388,1,WRONGFULLY OPERATED A MOTOR VEHICLE WHILE HIS ABILITY WAS IMPAIRED BY THE CONSUMPTION OF ALCOHOL.,,"COUNSELING, DISMISSAL PROBATION (12 month(s) ), ORDERED BREATH TESTING, PRE-TRIAL SUSPENSION DAYS (31 day(s) ), VACATION DAYS (9 day(s) )",charge,GUILTY
941388,1,REFUSED TO SUBMIT TO A BREATH TEST.,,"COUNSELING, DISMISSAL PROBATION (12 month(s) ), ORDERED BREATH TESTING, PRE-TRIAL SUSPENSION DAYS (31 day(s) ), VACATION DAYS (9 day(s) )",charge,GUILTY
941388,1,CONSUMED AN INTOXICANT TO THE EXTENT THAT SAID OFFICER WAS UNFIT FOR DUTY.,,"COUNSELING, DISMISSAL PROBATION (12 month(s) ), ORDERED BREATH TESTING, PRE-TRIAL SUSPENSION DAYS (31 day(s) ), VACATION DAYS (9 day(s) )",charge,GUILTY
941388,1,FAILED TO SAFEGUARD HIS 2014 RESTRICTED NYPD PARKING PLACARD.,,"COUNSELING, DISMISSAL PROBATION (12 month(s) ), ORDERED BREATH TESTING, PRE-TRIAL SUSPENSION DAYS (31 day(s) ), VACATION DAYS (9 day(s) )",charge,GUILTY
967431,1,01.Made inappropriate comments.,A-CD,"A - COMMAND DISCIPLINE, VACATION DAYS (1 day(s) )",allegation,
953658,1,Said Police Officer engaged in off-duty employment without permission.,,"DISMISSAL PROBATION (12 month(s) ), PRE-TRIAL SUSPENSION DAYS (12 day(s) ), VACATION DAYS (58 day(s) )",charge,PLEADED GUILTY
953658,1,Said Police Officer failed to take police action.,,"DISMISSAL PROBATION (12 month(s) ), PRE-TRIAL SUSPENSION DAYS (12 day(s) ), VACATION DAYS (58 day(s) )",charge,GUILTY
953658,1,Said Police Officer made computer inquiries unrelated to official Department business.,,"DISMISSAL PROBATION (12 month(s) ), PRE-TRIAL SUSPENSION DAYS (12 day(s) ), VACATION DAYS (58 day(s) )",charge,PLEADED GUILTY
953658,1,Said Police Officer made misleading statements during an official Department interview.,,"DISMISSAL PROBATION (12 month(s) ), PRE-TRIAL SUSPENSION DAYS (12 day(s) ), VACATION DAYS (58 day(s) )",charge,GUILTY
953658,1,Said Police Officer associated with a criminal.,,"DISMISSAL PROBATION (12 month(s) ), PRE-TRIAL SUSPENSION DAYS (12 day(s) ), VACATION DAYS (58 day(s) )",charge,PLEADED GUILTY
953658,2,Failed to conduct an investigation.,,"DISMISSAL PROBATION (12 month(s) ), PRE-TRIAL SUSPENSION DAYS (12 day(s) ), VACATION DAYS (58 day(s) )",charge,PLEADED GUILTY
953658,1,01.Criminal Association.,NO DISCIPLINARY ACTION,,allegation,
964897,1,Failed to follow DARP procedures.,,VACATION DAYS (20 day(s) ),charge,PLEADED GUILTY
964897,1,Incomplete and inaccurate entries in Department records.,,VACATION DAYS (20 day(s) ),charge,PLEADED GUILTY
964897,1,Failed to take police action.,,VACATION DAYS (20 day(s) ),charge,PLEADED GUILTY
964897,1,Failed to notify IAB.,,VACATION DAYS (20 day(s) ),charge,PLEADED GUILTY
970985,1,01.Failed to activate their body worn camera.,B-CD,"B - COMMAND DISCIPLINE, VACATION DAYS (10 day(s) )",allegation,
970985,1,02.Wrongful threat of force.,B-CD,"B - COMMAND DISCIPLINE, VACATION DAYS (10 day(s) )",allegation,
970985,1,03.Wrongfully damaged property.,B-CD,"B - COMMAND DISCIPLINE, VACATION DAYS (10 day(s) )",allegation,
938023,1,"WHILE ON-DUTY, FAILED TO PREPARE A VEHICLE PURSUIT REPORT IMMEDIATELY AFTER THE PURSUIT",,VACATION DAYS (15 day(s) ),charge,GUILTY
938023,1,"WHILE ON-DUTY, FAILED TO NOTIFY RADIO DISPATCHER AT START OF PURSUIT AND TRANSMIT THE REQUIRED DATA.",,VACATION DAYS (15 day(s) ),charge,GUILTY
938023,1,"WHILE ON-DUTY, FAILED TO TIMELY TERMINATE A VEHICLE PURSUIT",,VACATION DAYS (15 day(s) ),charge,GUILTY
938023,1,"WHILE ON-DUTY, FAILED TO REMAIN AT THE SCENE OF AN ACCIDENT INVOLVING AN INJURED CIVILIAN",,VACATION DAYS (15 day(s) ),charge,GUILTY
938023,1,"WHILE ON-DUTY, FAILED TO MAKE ENTRIES INTO HIS ACTIVITY LOG PERTAINING TO A PURSUIT",,VACATION DAYS (15 day(s) ),charge,GUILTY
938023,1,01.Violated patrol rules.,A-CD,"B - COMMAND DISCIPLINE, VACATION DAYS (1 day(s) )",allegation,
944349,1,FAILED TO REQUEST THE RESPONSE OF A PATROL SUPERVISOR AT A MOTOR VEHICLE ACCIDENT INVOLVING A DEPARTMENT VEHICLE.,,VACATION DAYS (15 day(s) ),charge,GUILTY
944349,1,FAILED TO PREPARE REPORT OF MOTOR VEHICLE ACCIDENT.,,VACATION DAYS (15 day(s) ),charge,GUILTY
944349,1,FAILED TO MAINTAIN ACTIVITY LOG.,,VACATION DAYS (15 day(s) ),charge,GUILTY
950046,1,01.Failed to activate their body worn camera.,OTHER,,allegation,
950046,1,02.Failed to make required entries in Department Logs.,OTHER,,allegation,
964908,1,01.Threatened to use force.,CHARGES AND SPECIFICATIONS,,allegation,
964908,2,01.Wrongfully frisked an individual known to the Department.,A-CD,,allegation,
964908,3,01.Violated patrol rules.,A-CD,,allegation,
952441,1,01.Failed to take police action.,TRAINING,TRAINING,allegation,
964909,1,01.Wrongfully searched an individual known to the Department,A-CD,TRAINING,allegation,
968954,1,01.Violated patrol rules - refused to provide name,A-CD,A - COMMAND DISCIPLINE,allegation,
959472,1,01.Failed to prepare required reports.,B-CD,"B - COMMAND DISCIPLINE, VACATION DAYS (5 day(s) )",allegation,
947981,1,Wrongfully used physical force.,,"SUSPENDED W/O PAY (10 day(s) ), VACATION DAYS (20 day(s) )",charge,PLEADED GUILTY
947981,1,"Failed to make proper notifications.
Failed to prepare required reports.
Failed to make required entries in Department logs.",,"SUSPENDED W/O PAY (10 day(s) ), VACATION DAYS (20 day(s) )",charge,PLEADED GUILTY
947981,1,Wrongfully deactivated body-worn camera.,,"SUSPENDED W/O PAY (10 day(s) ), VACATION DAYS (20 day(s) )",charge,PLEADED GUILTY
947981,1,01.Wrongfully discourteous to an individual known to the Department.,A-CD,,allegation,
947981,2,01.Wrongfully searched a vehicle.,A-CD,,allegation,
947981,3,01.Failed to activate their body worn camera.,OTHER,,allegation,
950047,1,01.Wrongfully discourteous to an individual known to the Department.,A-CD,,allegation,
951523,1,01.Wrongful threat of force.,CHARGES AND SPECIFICATIONS,,allegation,
951523,2,01.Wrongful strip search of a person known to the Department.,CHARGES AND SPECIFICATIONS,,allegation,
951523,3,01.Wrongfully discourteous to an individual known to the Department.,B-CD,"B - COMMAND DISCIPLINE, VACATION DAYS (1 day(s) )",allegation,
964910,1,01.Wrongful entry of a premises.,A-CD,A - COMMAND DISCIPLINE,allegation,
953664,1,"01.Made computer inquiries unrelated to official Department business.
Misused Department electronics (email, MDT, cellphone, radio, computer).",CHARGES AND SPECIFICATIONS,"C - COMMAND DISCIPLINE, VACATION DAYS (18 day(s) )",allegation,
950049,1,Wrongfully threatened to use force.,,VACATION DAYS (18 day(s) ),charge,PLEADED GUILTY
950049,1,Wrongfully used force.,,VACATION DAYS (18 day(s) ),charge,PLEADED GUILTY
950049,1,Discourtesy.,,VACATION DAYS (18 day(s) ),charge,PLEADED GUILTY
950049,1,Discourtesy.,,VACATION DAYS (18 day(s) ),charge,PLEADED GUILTY
950049,1,Wrongfully used force.,,VACATION DAYS (18 day(s) ),charge,PLEADED GUILTY
950049,1,Discourtesy.,,VACATION DAYS (18 day(s) ),charge,PLEADED GUILTY
966954,1,01.Violated patrol rules - failed to provide a business card,CHARGES AND SPECIFICATIONS,"A - COMMAND DISCIPLINE, VACATION DAYS (3 day(s) )",allegation,
966954,1,02.Wrongfully questioned an individual known to the Department.,CHARGES AND SPECIFICATIONS,"A - COMMAND DISCIPLINE, VACATION DAYS (3 day(s) )",allegation,
966954,1,03.Wrongfully searched a vehicle.,CHARGES AND SPECIFICATIONS,"A - COMMAND DISCIPLINE, VACATION DAYS (3 day(s) )",allegation,
966954,1,04.Wrongfully searched an individual known to the Department.,CHARGES AND SPECIFICATIONS,"A - COMMAND DISCIPLINE, VACATION DAYS (3 day(s) )",allegation,
952442,1,01.Misuse of Time on Straight Time.,NO DISCIPLINARY ACTION,"C - COMMAND DISCIPLINE, VACATION DAYS (15 day(s) )",allegation,
952442,1,02.Violated Department uniform rules.,C-CD,"C - COMMAND DISCIPLINE, VACATION DAYS (15 day(s) )",allegation,
952442,1,03.Violated social media guidelines.,C-CD,"C - COMMAND DISCIPLINE, VACATION DAYS (15 day(s) )",allegation,
941058,1,"WHILE OFF-DUTY, POLICE OFFICER ENGAGED IN A VERBAL ARGUMENT AND PHYSICAL ALTERCATION WITH A PERSON KNOWN TO THE DEPARTMENT.",,PRE-TRIAL SUSPENSION DAYS (32 day(s) ),charge,GUILTY
941058,1,01.Violated patrol rules - failed to provide a business card,TRAINING,TRAINING,allegation,
952443,1,01.Violated patrol rules.,A-CD,,allegation,
952443,2,01.Failed to activate their body worn camera.,OTHER,,allegation,
952443,2,02.Failed to make required entries in Department Logs.,OTHER,,allegation,
952443,2,03.Failed to prepare required reports.,OTHER,,allegation,
918730,1,"WHILE ON-DUTY, FAILED TO SAFEGUARD THE PROPERTY OF AN ARRESTEE BY PERMITTING THE RELEASE OF THE PROPERTY WITHOUT PREPARING AN ITEMIZED RECORD OF THE PROPERTY.",,VACATION DAYS (30 day(s) ),charge,GUILTY
918730,1,"WHILE ON-DUTY, FAILED TO MAKE REQUIRED ENTRIES IN HIS ACTIVITY LOG.",,VACATION DAYS (30 day(s) ),charge,GUILTY
918730,1,"WHILE ON-DUTY, FAILED TO NOTIFY THE INTERNAL AFFAIRS BUREAU OF AN ALLEGATION OF MISCONDUCT AGAINST ANOTHER MEMBER OF THE DEPARTMENT.",,VACATION DAYS (30 day(s) ),charge,GUILTY
918730,1,"WHILE ON-DUTY, MADE INACCURATE STATEMENTS DURING AN OFFICIAL DEPARTMENT INTERVIEW.",,VACATION DAYS (30 day(s) ),charge,GUILTY
918730,1,01.Fail to notify,B-CD,A - COMMAND DISCIPLINE,allegation,
950050,1,01.Wrongful entry of a premises.,B-CD,,allegation,
950050,1,02.Wrongful search of a premises.,B-CD,,allegation,
950050,2,01.Wrongful entry of a premises.,TRAINING,TRAINING,allegation,
973056,1,01.Criminal association.,C-CD,"C - COMMAND DISCIPLINE, VACATION DAYS (20 day(s) )",allegation,
973056,1,02.Failed to make proper notifications.,C-CD,"C - COMMAND DISCIPLINE, VACATION DAYS (20 day(s) )",allegation,
939904,1,"FAILED TO ATTEMPT TO RETAIN AN INDIVIDUAL ON SCENE WHILE CONDUCTING, AN INVESTIGATION, OR ACQUIRING THE INDIVIDUALS PEDIGREE INFORMATION.",,VACATION DAYS (15 day(s) ),charge,GUILTY
939904,1,WRONGFULLY MADE FALSE ENTRIES IN DEPARTMENT RECORDS.,,VACATION DAYS (15 day(s) ),charge,GUILTY
939904,1,WRONGFULLY MADE FALSE ENTRIES IN DEPARTMENT RECORDS.,,VACATION DAYS (15 day(s) ),charge,GUILTY
936174,1,01.Violated patrol rules.,TRAINING,,allegation,
956415,1,01.Wrongful entry of a premises.,A-CD,"A - COMMAND DISCIPLINE, FORFEITURE OF TIME/LEAVE BALANCES",allegation,
956415,2,01.Failed to make required entries in Department Logs.,OTHER,,allegation,
956415,3,01.Violated social media guidelines.,B-CD,"B - COMMAND DISCIPLINE, VACATION DAYS (2 day(s) )",allegation,
938029,1,"WHILE ON-DUTY, FAILED TO TAKE A COMPLAINT REPORT",,VACATION DAYS (10 day(s) ),charge,GUILTY
950051,1,FAILED AND NEGLECTED TO PROPERLY SAFEGUARD HER FIREARM.,,VACATION DAYS (10 day(s) ),charge,GUILTY
938030,1,ENGAGED IN UNAUTHORITIZED OFF DUTY EMPLOYMENT AT PROHIBITED LOCATION.,,VACATION DAYS (20 day(s) ),charge,GUILTY
954525,1,"WHILE  OFF-DUTY, WAS UNFIT FOR DUTY DUE TO HIS CONSUMPTION OF ALCOHOL.",,"COUNSELING, DISMISSAL PROBATION (12 month(s) ), ORDERED BREATH TESTING, VACATION DAYS (25 day(s) )",charge,GUILTY
954525,1,"WHILE OFF-DUTY, WRONGFULLY ENGAGED IN A PHYSICAL ALTERCATION WITH ANOTHER INDIVIDUAL",,"COUNSELING, DISMISSAL PROBATION (12 month(s) ), ORDERED BREATH TESTING, VACATION DAYS (25 day(s) )",charge,GUILTY
958794,1,01.Violated patrol rules - failed to provide a business card,TRAINING,TRAINING,allegation,
960208,1,01.Wrongfully discourteous to an individual known to the Department.,A-CD,,allegation,
934460,1,01.Wrongful removal to a hospital.,TRAINING,TRAINING,allegation,
942981,1,01.Failed to obtain medical treatment.,A-CD,,allegation,
942981,2,01.Wrongfully discourteous to an individual known to the Department.,A-CD,,allegation,
950054,1,01.Wrongfully discourteous to an individual known to the Department.,A-CD,,allegation,
946665,1,"WHILE OFF-DUTY,  SAID POLICE OFFICER ENGAGED IN A PHYSICAL ALTERCATION WITH A PERSON KNOWN TO THE DEPARTMENT",,"COUNSELING, PRE-TRIAL SUSPENSION DAYS (34 day(s) )",charge,GUILTY
945496,1,01.Made computer inquiries unrelated to official Department business.,B-CD,"B - COMMAND DISCIPLINE, VACATION DAYS (5 day(s) )",allegation,
944352,1,01.Failed to Supervise.,CHARGES AND SPECIFICATIONS,INSTRUCTIONS,allegation,
944352,1,01.Failed to supervise.,CHARGES AND SPECIFICATIONS,INSTRUCTIONS,allegation,
944352,1,02.Failed to timely notify.,CHARGES AND SPECIFICATIONS,INSTRUCTIONS,allegation,
944352,1,03.Omitted Activity Log Entries.,CHARGES AND SPECIFICATIONS,INSTRUCTIONS,allegation,
962243,1,01.Failed to make required entries in Department Logs.,C-CD,"C - COMMAND DISCIPLINE, VACATION DAYS (10 day(s) )",allegation,
962243,1,02.Failed to prepare a Property Clerk's Invoice Worksheet.,C-CD,"C - COMMAND DISCIPLINE, VACATION DAYS (10 day(s) )",allegation,
962943,1,01.Wrongfully searched an individual known to the Department.,B-CD,"B - COMMAND DISCIPLINE, VACATION DAYS (3 day(s) )",allegation,
962943,2,01.Failed to activate their body worn camera.,OTHER,INSTRUCTIONS,allegation,
926552,1,01.Failed to activate their body worn camera.,OTHER,,allegation,
938037,1,01.Wrongfully threatened to remove an individual to the hospital.,CHARGES AND SPECIFICATIONS,,allegation,
938037,2,01.Failed to activate their body worn camera.,OTHER,,allegation,
968267,1,01.Failed to activate body worn camera,B-CD,"B - COMMAND DISCIPLINE, VACATION DAYS (5 day(s) )",allegation,
968267,1,02.Failed to document pertinent information related to assignment,B-CD,"B - COMMAND DISCIPLINE, VACATION DAYS (5 day(s) )",allegation,
968267,1,03.Failed to terminate vehicle pursuit,NO DISCIPLINARY ACTION,"B - COMMAND DISCIPLINE, VACATION DAYS (5 day(s) )",allegation,
968268,1,"01.Failed to activate their body worn camera.
Violated patrol rules.",TRAINING,,allegation,
963863,1,01.Failed to activate their body worn camera.,A-CD,"A - COMMAND DISCIPLINE, TRAINING",allegation,
963863,2,01.Failed to activate their body worn camera.,B-CD,"B - COMMAND DISCIPLINE, TRAINING, VACATION DAYS (3 day(s) )",allegation,
963863,2,02.Violated patrol rules.,B-CD,"B - COMMAND DISCIPLINE, TRAINING, VACATION DAYS (3 day(s) )",allegation,
963863,2,03.Wrongfully frisked an individual known to the Department.,B-CD,"B - COMMAND DISCIPLINE, TRAINING, VACATION DAYS (3 day(s) )",allegation,
963863,2,04.Wrongfully stopped an individual known to the Department.,B-CD,"B - COMMAND DISCIPLINE, TRAINING, VACATION DAYS (3 day(s) )",allegation,
959410,1,01.Wrongfully discourteous to an individual known to the Department.,CHARGES AND SPECIFICATIONS,"A - COMMAND DISCIPLINE, VACATION DAYS (5 day(s) )",allegation,
959410,1,02.Wrongfully used offensive language.,CHARGES AND SPECIFICATIONS,"A - COMMAND DISCIPLINE, VACATION DAYS (5 day(s) )",allegation,
953671,1,Failed to take police action/render police services.,,"SUSPENDED W/O PAY (5 day(s) ), VACATION DAYS (30 day(s) )",charge,PLEADED GUILTY
953671,1,Failed to activate their body-worn camera.,,"SUSPENDED W/O PAY (5 day(s) ), VACATION DAYS (30 day(s) )",charge,PLEADED GUILTY
953671,2,Wrongfully damaging a person's property.,,VACATION DAYS (11 day(s) ),charge,PLEADED GUILTY
953671,2,Wrongfully made discourteous gesture to an individual known to the Department.,,VACATION DAYS (11 day(s) ),charge,PLEADED GUILTY
953671,2,Wrongfully used physical force.,,VACATION DAYS (11 day(s) ),charge,PLEADED GUILTY
954534,1,01.Violated patrol rules.,B-CD,,allegation,
954534,2,01.Failed to timely activate their body worn camera.,OTHER,,allegation,
960216,1,"while off-duty, sent inappropriate and harassing text messages to a person known to the Department.",,"COUNSELING, DISMISSAL PROBATION (12 month(s) ), VACATION DAYS (40 day(s) )",charge,GUILTY
960217,1,01.Wrongfully discourteous.,A-CD,,allegation,
968270,1,01.Wrongful entry of a premises.,A-CD,,allegation,
968270,1,02.Wrongful search of a premises.,A-CD,,allegation,
960218,1,01.Improper entry into a premise,TRAINING,TRAINING,allegation,
952453,1,01.Failed to prepare required reports.,B-CD,TRAINING,allegation,
952453,2,01.Failed to make required entries in Department Logs.,OTHER,TRAINING,allegation,
952453,2,02.Wrongful entry of a premises.,TRAINING,TRAINING,allegation,
952453,3,01.Failed to Prepare a Report,C-CD,"C - COMMAND DISCIPLINE, VACATION DAYS (5 day(s) )",allegation,
952453,3,02.Failed to conduct proper investigation,C-CD,"C - COMMAND DISCIPLINE, VACATION DAYS (5 day(s) )",allegation,
958300,1,01.Wrongful entry of a premises.,TRAINING,TRAINING,allegation,
964916,1,Failed to make proper notifications.,,VACATION DAYS (25 day(s) ),charge,PLEADED GUILTY
964916,1,Improper vehicle pursuit.,,VACATION DAYS (25 day(s) ),charge,PLEADED GUILTY
932308,1,FAILED TO COMPLETE A POLICE ACCIDENT REPORT AFTER HAVING RESPONDED TO THE SCENE OF A MOTOR VEHICLE ACCIDENT.,,VACATION DAYS (15 day(s) ),charge,GUILTY
932308,1,FAILED TO ACCEPT FOUND PROPERTY PRESENTED TO SAID OFFICER AND COMPLETE AN ACCIDENT INFORMATION EXCHANGE / ACKNOWLEDGMENT OF FOUND PROPERTY FORM.,,VACATION DAYS (15 day(s) ),charge,GUILTY
959484,1,01.Violated patrol rules - failed to provide a business card,B-CD,"B - COMMAND DISCIPLINE, VACATION DAYS (1 day(s) )",allegation,
959484,1,02.Violated patrol rules - refused to provide name,TRAINING,"B - COMMAND DISCIPLINE, VACATION DAYS (1 day(s) )",allegation,
959484,1,03.Violated patrol rules - refused to provide shield number,B-CD,"B - COMMAND DISCIPLINE, VACATION DAYS (1 day(s) )",allegation,
959484,2,01.Failed to make required entries in Department Logs.,OTHER,,allegation,
959484,2,02.Violated patrol rules.,OTHER,,allegation,
959484,3,01.Failed to make required entries in Department Logs.,OTHER,TRAINING,allegation,
959484,3,01.Violated patrol rules - failed to provide a business card,TRAINING,TRAINING,allegation,
938046,1,"WHILE ON-DUTY, FRISKED A PERSON KNOWN TO THE DEPARTMENT WITHOUT SUFFICIENT LEGAL AUTHORITY.",,VACATION DAYS (2 day(s) ),charge,GUILTY
932310,1,"WHILE ON-DUTY, FAILED TO SAFEGUARD HIS FIREARM",,PRE-TRIAL SUSPENSION DAYS (20 day(s) ),charge,GUILTY
964388,1,01.Wrongfully searched an individual known to the Department.,A-CD,,allegation,
964388,2,01.Failed to make required entries in Department Logs.,OTHER,,allegation,
923545,1,"WHILE OFF-DUTY, DETECTIVE DISPLAYED HIS DUPLICATED DEPARTMENT ISSUED RESTRICTED PARKING PERMIT.",,"PRE-TRIAL SUSPENSION DAYS (14 day(s) ), VACATION DAYS (6 day(s) )",charge,GUILTY
957370,1,01.Failed to conduct an investigation,CHARGES AND SPECIFICATIONS,"C - COMMAND DISCIPLINE, INSTRUCTIONS, VACATION DAYS (8 day(s) )",allegation,
957370,1,02.Failed to make proper notifications (IAB); Wrongfully disseminated confidential Department information.,CHARGES AND SPECIFICATIONS,"C - COMMAND DISCIPLINE, INSTRUCTIONS, VACATION DAYS (8 day(s) )",allegation,
957370,1,03.Failed to make required entries in Department Logs (Activity Log).,CHARGES AND SPECIFICATIONS,"C - COMMAND DISCIPLINE, INSTRUCTIONS, VACATION DAYS (8 day(s) )",allegation,
966959,1,01.Violated patrol rules.,A-CD,"A - COMMAND DISCIPLINE, VACATION DAYS (1 day(s) )",allegation,
927910,1,01.Misleading statements.,CHARGES AND SPECIFICATIONS,"B - COMMAND DISCIPLINE, VACATION DAYS (10 day(s) )",allegation,
927910,1,02.Said Police Officer failed to perform patrol duties.,CHARGES AND SPECIFICATIONS,"B - COMMAND DISCIPLINE, VACATION DAYS (10 day(s) )",allegation,
950063,1,01.Violated patrol rules.,B-CD,,allegation,
950064,1,WHILE ON-DUTY WRONGFULLY FAILED TO SAFEGUARD A HOSPITALIZED PRISONER RESULTING IN THE ESCAPE OF SAID PRISONER.,,"PRE-TRIAL SUSPENSION DAYS (10 day(s) ), VACATION DAYS (10 day(s) )",charge,GUILTY
960224,1,01.Improper frisk.,A-CD,TRAINING,allegation,
960224,2,01.Violated patrol rules.,A-CD,,allegation,
960224,3,01.Failed to prepare required reports.,OTHER,TRAINING,allegation,
960224,3,02.Violated patrol rules.,OTHER,TRAINING,allegation,
946774,1,01.Failed to make required entries in Department Logs.,OTHER,,allegation,
945501,1,01.Failed to obtain medical treatment.,CHARGES AND SPECIFICATIONS,"A - COMMAND DISCIPLINE, VACATION DAYS (5 day(s) )",allegation,
945501,2,01.Failed to make required entries in Department Logs.,OTHER,,allegation,
945501,2,02.Wrongfully deactivated their body worn camera.,OTHER,,allegation,
953676,1,01.Computer misuse.,B-CD,"B - COMMAND DISCIPLINE, VACATION DAYS (5 day(s) )",allegation,
934475,1,"WHILE ON-DUTY, DISCHARGED HIS SERVICE FIREARM OUTSIDE OF DEPARTMENT GUIDELINES.",,VACATION DAYS (20 day(s) ),charge,GUILTY
972526,1,01.Off-duty employment,C-CD,"C - COMMAND DISCIPLINE, VACATION DAYS (5 day(s) )",allegation,
968271,1,Failed to take police action/render police services.,,"DISMISSAL PROBATION (12 month(s) ), VACATION DAYS (45 day(s) )",charge,PLEADED GUILTY
968271,1,Failed to remain alert while on post.,,"DISMISSAL PROBATION (12 month(s) ), VACATION DAYS (45 day(s) )",charge,PLEADED GUILTY
968271,1,Failed to make proper notifications.,,"DISMISSAL PROBATION (12 month(s) ), VACATION DAYS (45 day(s) )",charge,PLEADED GUILTY
925004,1,"WHILE OFF-DUTY, WRONGFULLY OPERATED A MOTOR VEHICLE WHILE UNDER THE INFLUENCE OF AN INTOXICANT.",,"COUNSELING, DISMISSAL PROBATION (12 month(s) ), ORDERED BREATH TESTING, PRE-TRIAL SUSPENSION DAYS (30 day(s) ), VACATION DAYS (10 day(s) )",charge,GUILTY
925004,1,"WHILE OFF -DUTY, WRONGFULLY OPERATED A MOTOR VEHICLE WHILE HER ABILITY WAS IMPAIRED BY THE CONSUMPTION OF ALCOHOL.",,"COUNSELING, DISMISSAL PROBATION (12 month(s) ), ORDERED BREATH TESTING, PRE-TRIAL SUSPENSION DAYS (30 day(s) ), VACATION DAYS (10 day(s) )",charge,GUILTY
925004,1,"WHILE OFF-DUTY, WRONGFULLY REFUSED TO SUBMIT TO A BREATHALYZER TEST.",,"COUNSELING, DISMISSAL PROBATION (12 month(s) ), ORDERED BREATH TESTING, PRE-TRIAL SUSPENSION DAYS (30 day(s) ), VACATION DAYS (10 day(s) )",charge,GUILTY
925004,1,"WHILE OFF-DUTY, WRONGFULLY CONSUMED AN INTOXICANT TO THE EXTENT THAT SAID POLICE OFFICER WAS UNFIT FOR DUTY.",,"COUNSELING, DISMISSAL PROBATION (12 month(s) ), ORDERED BREATH TESTING, PRE-TRIAL SUSPENSION DAYS (30 day(s) ), VACATION DAYS (10 day(s) )",charge,GUILTY
941408,1,01.Discharged aa firearm outside Department guidelines.,CHARGES AND SPECIFICATIONS,"C - COMMAND DISCIPLINE, TRAINING, VACATION DAYS (15 day(s) )",allegation,
963872,1,"Failure to safeguard firearm while off-duty, not resulting in its loss.",,"COUNSELING, DISMISSAL PROBATION (12 month(s) ), PRE-TRIAL SUSPENSION DAYS (30 day(s) )",charge,PLEADED GUILTY
921970,1,01.Violated patrol rules.,A-CD,,allegation,
950068,1,FAILED AND NEGLECTED TO PROPERLY SAFEGUARD HIS OFF-DUTY FIREARM.,,VACATION DAYS (10 day(s) ),charge,GUILTY
960232,1,01.Violated patrol rules - failed to provide business card,OTHER,A - COMMAND DISCIPLINE,allegation,
960232,2,01.Failed to make required entries in Department Logs.,OTHER,,allegation,
960232,3,01.Violated patrol rules - failed to provide business card,A-CD,A - COMMAND DISCIPLINE,allegation,
960232,4,01.Failed to make required entries in Department Logs.,OTHER,,allegation,
960232,5,01.Discharged a firearm outside Department guidelines (fired at vehicle).,CHARGES AND SPECIFICATIONS,TRAINING,allegation,
960232,5,02.Failed to notify the radio dispatcher about a vehicle pursuit.,CHARGES AND SPECIFICATIONS,TRAINING,allegation,
960232,6,01.Fail to activate BWC,CHARGES AND SPECIFICATIONS,"B - COMMAND DISCIPLINE, VACATION DAYS (10 day(s) )",allegation,
960232,6,02.Failed to make proper activity log entries,CHARGES AND SPECIFICATIONS,"B - COMMAND DISCIPLINE, VACATION DAYS (10 day(s) )",allegation,
960232,6,03.Failed to prepare a stop and frisk report,CHARGES AND SPECIFICATIONS,"B - COMMAND DISCIPLINE, VACATION DAYS (10 day(s) )",allegation,
960232,6,04.Failed to provide Business card,CHARGES AND SPECIFICATIONS,"B - COMMAND DISCIPLINE, VACATION DAYS (10 day(s) )",allegation,
960232,6,05.Improper stop and frisk,CHARGES AND SPECIFICATIONS,"B - COMMAND DISCIPLINE, VACATION DAYS (10 day(s) )",allegation,
960232,6,06.Made an inaccurate statement during an official Department interview.,CHARGES AND SPECIFICATIONS,"B - COMMAND DISCIPLINE, VACATION DAYS (10 day(s) )",allegation,
967769,1,01.Wrongfully discourteous to an individual known to the Department.,A-CD,"B - COMMAND DISCIPLINE, VACATION DAYS (1 day(s) )",allegation,
967769,1,02.Wrongfully searched a vehicle.,NO DISCIPLINARY ACTION,"B - COMMAND DISCIPLINE, VACATION DAYS (1 day(s) )",allegation,
968961,1,01.Wrongfully threatened to remove an individual to the hospital.,B-CD,"B - COMMAND DISCIPLINE, VACATION DAYS (5 day(s) )",allegation,
964919,1,01.Discharged a firearm outside Department guidelines.,C-CD,"C - COMMAND DISCIPLINE, VACATION DAYS (20 day(s) )",allegation,
945504,1,01.Wrongfully searched a vehicle.,A-CD,,allegation,
920019,1,"WRONGFULLY MADE MULTIPLE TELEPHONE CALLS, SENT MULTIPLE TEXT MESSAGES AND GIFTS TO HIS FORMER GIRLFRIEND AFTER SHE REPEATEDLY DIRECTED HIM TO CEASE ALL CONTACT WITH HER.",,"COUNSELING, VACATION DAYS (30 day(s) )",charge,GUILTY
920019,2,FAILED TO COMPLY WITH A LAWFUL ORDER GIVEN TO SUBJECT BY RANKING MEMBERS TO CEASE CONTACT WITH A PERSON KNOWN TO THE DEPARTMENT.,,"COUNSELING, VACATION DAYS (30 day(s) )",charge,GUILTY
920019,2,WRONGFULLY SENT MULTIPLE TEXT MESSAGES TO PERSON KNOWN TO THE DEPARTMENT AFTER REPEATEDLY DIRECTED TO CEASE ALL CONTACT.,,"COUNSELING, VACATION DAYS (30 day(s) )",charge,GUILTY
920019,1,01.Failed to investigate.,B-CD,"B - COMMAND DISCIPLINE, VACATION DAYS (7 day(s) )",allegation,
920019,1,02.Failed to make required entries in Department Logs.,B-CD,"B - COMMAND DISCIPLINE, VACATION DAYS (7 day(s) )",allegation,
968962,1,01.Wrongfully searched an individual known to the Department.,NO DISCIPLINARY ACTION,,allegation,
968962,2,01.Failed to activate their body-worn camera.,B-CD,"B - COMMAND DISCIPLINE, VACATION DAYS (2 day(s) )",allegation,
968962,2,02.Failed to make required entries in Department Logs (Activity Log),B-CD,"B - COMMAND DISCIPLINE, VACATION DAYS (2 day(s) )",allegation,
968962,2,03.Failed to notify the radio dispatcher about a vehicle pursuit.,B-CD,"B - COMMAND DISCIPLINE, VACATION DAYS (2 day(s) )",allegation,
936196,1,"WHILE OFF DUTY, DID USE FORCE AGAINST AN INDIVIDUAL KNOWN TO THE DEPARTMENT WITHOUT POLICE NECESSITY.",,"COUNSELING, VACATION DAYS (20 day(s) )",charge,GUILTY
936196,1,WHILE OFF DUTY FAILED TO REMAIN AT THE SCENE OF AN INCIDENT AND FAILED TO REQUEST THE RESPONSE OF THE PATROL SUPERVISOR.,,"COUNSELING, VACATION DAYS (20 day(s) )",charge,GUILTY
948658,1,01.Failed to activate their body worn camera.,OTHER,,allegation,
948658,1,02.Failed to make required entries in Department Logs.,OTHER,,allegation,
948658,2,01.Violated patrol rules.,B-CD,,allegation,
948658,3,01.Failed to activate their body worn camera.,OTHER,,allegation,
964391,1,01.Failed to take police action/render police services.,CHARGES AND SPECIFICATIONS,,allegation,
964391,1,01.Wrongful entry of a premises.,CHARGES AND SPECIFICATIONS,,allegation,
964391,1,02.Violated patrol rules.,CHARGES AND SPECIFICATIONS,,allegation,
964391,1,02.Wrongful search of a premises.,CHARGES AND SPECIFICATIONS,,allegation,
953678,1,01.Interfere with a recording device.,CHARGES AND SPECIFICATIONS,,allegation,
953678,1,01.Violated patrol rules.,CHARGES AND SPECIFICATIONS,,allegation,
953678,2,01.Failed to make required entries in Department Logs.,OTHER,,allegation,
953678,2,02.Failed to prepare required reports.,OTHER,,allegation,
941417,1,01.Wrongful threat of force.,B-CD,,allegation,
941417,1,02.Wrongfully discourteous to an individual known to the Department.,B-CD,,allegation,
948661,1,Wrongfully un-holstered a firearm while on duty.,,"PRE-TRIAL SUSPENSION DAYS (24 day(s) ), VACATION DAYS (6 day(s) )",charge,GUILTY
948661,1,01.Violated patrol rules - failed to provide a business card,TRAINING,TRAINING,allegation,
948662,1,01.Wrongful search of a premises.,B-CD,,allegation,
967772,1,Violated patrol rules.,,VACATION DAYS (3 day(s) ),charge,GUILTY
967772,1,Violated patrol rules.,,VACATION DAYS (3 day(s) ),charge,GUILTY
940899,1,01.Violated patrol rules.,A-CD,,allegation,
936201,1,"WHILE ON-DUTY, FAILED TO FOLLOW PROPER DIRECTED ACCIDENT RESPONSE PROGRAM PROCEDURE.",,VACATION DAYS (25 day(s) ),charge,GUILTY
936201,1,"WHILE ON-DUTY, WRONGFULLY FAILED TO PROPERLY INVESTIGATE A DEPARTMENT VEHICLE COLLISION.",,VACATION DAYS (25 day(s) ),charge,GUILTY
936201,1,"WHILE ON-DUTY, WRONGFULLY FAILED TO CONDUCT A PROPER INVESTIGATION OF A COLLISION INVOLVING A SUSPECTED INTOXICATED DRIVER.",,VACATION DAYS (25 day(s) ),charge,GUILTY
936201,1,"WHILE ON-DUTY, HAVING BECOME AWARE OF A ALLEGATION OF MISCONDUCT, WRONGFULLY FAILED TO REPORT SAID ALLEGATION TO INTERNAL AFFAIRS BUREAU.",,VACATION DAYS (25 day(s) ),charge,GUILTY
936201,1,"WHILE ON-DUTY, WRONGFULLY FAILED AND NEGLECTED TO MAKE ACTIVIY LOG ENTRIES AS REQUIRED.",,VACATION DAYS (25 day(s) ),charge,GUILTY
936201,1,"WHILE ON-DUTY, STOPPED AND DETAINED A PERSON KNOWN TO THE DEPARTMENT WITHOUT SUFFICIENT LEGAL AUTHORITY.",,VACATION DAYS (25 day(s) ),charge,GUILTY
951542,1,01.Violated patrol rules.,A-CD,,allegation,
951542,2,01.Failed to prepare required reports.,OTHER,,allegation,
951542,2,02.Failed to timely activate their body worn camera.,OTHER,,allegation,
958308,1,01.Failed to activate their body worn camera.,OTHER,,allegation,
958308,2,01.Made misleading or inaccurate statements during a Civilian Complaint Review Board interview.,CHARGES AND SPECIFICATIONS,,allegation,
958308,2,02.Violated patrol rules.,CHARGES AND SPECIFICATIONS,,allegation,
958308,2,03.Wrongful search of a person's property.,CHARGES AND SPECIFICATIONS,,allegation,
958308,2,04.Wrongfully stopped an individual known to the Department.,CHARGES AND SPECIFICATIONS,,allegation,
958308,3,01.Failed to activate their body worn camera.,OTHER,,allegation,
958308,3,02.Failed to make required entries in Department Logs.,OTHER,,allegation,
958308,3,03.Failed to prepare required reports.,OTHER,,allegation,
958308,4,01.Wrongfully frisked an individual known to the Department.,TRAINING,,allegation,
960244,1,01.Failed to activate their body worn camera.,OTHER,,allegation,
960244,2,01.Failed to make required entries in Department Logs.,OTHER,,allegation,
960244,2,02.Failed to timely activate their body worn camera.,OTHER,,allegation,
950075,1,OFFICER USED FORCE WITHOUT POLICE NECESSITY.,,VACATION DAYS (10 day(s) ),charge,GUILTY
960245,1,01.Failed to notify.,B-CD,"B - COMMAND DISCIPLINE, VACATION DAYS (5 day(s) )",allegation,
967774,1,Wrongful entry of a premises.,,VACATION DAYS (23 day(s) ),charge,GUILTY
967774,1,Wrongfully threatened to damage property.,,VACATION DAYS (23 day(s) ),charge,GUILTY
967774,1,Wrongful search of a premises.,,VACATION DAYS (23 day(s) ),charge,GUILTY
967774,1,Violated patrol rules.,,VACATION DAYS (23 day(s) ),charge,GUILTY
967774,2,Wrongfully discourteous to an individual known to the Department.,,VACATION DAYS (23 day(s) ),charge,GUILTY
967774,1,01.Wrongfully questioned an individual known to the Department.,A-CD,A - COMMAND DISCIPLINE,allegation,
941421,1,WAS OUT OF RESIDENCE WHILE ON SICK REPORT WITHOUT THE PERMISSION OF THE MEDICAL DIVISION SICK DESK SUPERVISOR OR DISTRICT SURGEON.,,"DISMISSAL PROBATION (12 month(s) ), VACATION DAYS (30 day(s) )",charge,GUILTY
941421,1,MADE FALSE STATEMENTS DURING AN OFFICIAL DEPARTMENT INTERVIEW.,,"DISMISSAL PROBATION (12 month(s) ), VACATION DAYS (30 day(s) )",charge,GUILTY
944364,1,01.Wrongfully stopped an individual known to the Department.,"A-CD,                                                                                                                                                                                                             TRAINING","A - COMMAND DISCIPLINE, TRAINING",allegation,
944364,2,01.Failed to prepare required reports.,NO DISCIPLINARY ACTION,TRAINING,allegation,
938062,1,01.Wrongfully discourteous to an individual known to the Department.,A-CD,A - COMMAND DISCIPLINE,allegation,
956786,1,01.Violated patrol rules - failed to provide a department business card,A-CD,A - COMMAND DISCIPLINE,allegation,
956786,1,02.Wrongfully frisked an individual known to the Department.,A-CD,A - COMMAND DISCIPLINE,allegation,
956786,1,03.Wrongfully stopped an individual known to the Department.,A-CD,A - COMMAND DISCIPLINE,allegation,
962256,1,01.Wrongfully discourteous to an individual known to the Department.,B-CD,"B - COMMAND DISCIPLINE, VACATION DAYS (1 day(s) )",allegation,
936203,1,01.Wrongfully stopped an individual known to the Department.,A-CD,"A - COMMAND DISCIPLINE, VACATION DAYS (2 day(s) )",allegation,
963873,1,01.Violated patrol rules - failed to provide a business card,A-CD,A - COMMAND DISCIPLINE,allegation,
953682,1,01.Violated patrol rules.,CHARGES AND SPECIFICATIONS,"A - COMMAND DISCIPLINE, VACATION DAYS (2 day(s) )",allegation,
953682,1,02.Wrongfully frisked an individual known to the Department.,A-CD,"A - COMMAND DISCIPLINE, VACATION DAYS (2 day(s) )",allegation,
953682,1,03.Wrongfully frisked individuals.,A-CD,"A - COMMAND DISCIPLINE, VACATION DAYS (2 day(s) )",allegation,
953682,1,04.Wrongfully stopped an individual known to the Department.,A-CD,"A - COMMAND DISCIPLINE, VACATION DAYS (2 day(s) )",allegation,
953682,2,01.Failed to prepare required reports.,TRAINING,TRAINING,allegation,
953682,2,02.Violated patrol rules.,TRAINING,TRAINING,allegation,
938064,1,"WRONGFULLY CONDUCTED VARIOUS UNAUTHORIZED QUERIES ON DEPARTMENT COMPUTER SYSTEMS, UNRELATED TO OFFICIAL DEPARTMENT BUSINESS.",,VACATION DAYS (10 day(s) ),charge,GUILTY
945511,1,"WHILE OFF-DUTY, ENGAGED IN A PHYSICAL AND VERBAL ALTERCATION WITH SEVERAL INDIVIDUALS KNOWN TO THE DEPARTMENT.",,VACATION DAYS (15 day(s) ),charge,GUILTY
