taxid,group_id,description,recommendation,penalty,type,disposition
959706,1,"Failed to conduct an investigation.
Failure to take police action.",,VACATION DAYS (20 day(s) ),charge,GUILTY
959706,1,"Failed to conduct an investigation.
Failure to take police action.",,VACATION DAYS (20 day(s) ),charge,GUILTY
936798,1,01.Wrongfully discourteous to an individual known to the Department.,A-CD,,allegation,
936798,2,01.Failed to activate their body-worn camera.,B-CD,"B - COMMAND DISCIPLINE, FORFEITURE OF TIME/LEAVE BALANCES",allegation,
936798,2,02.Failed to make proper notifications (Patrol/Unit Supervisor).,B-CD,"B - COMMAND DISCIPLINE, FORFEITURE OF TIME/LEAVE BALANCES",allegation,
936798,2,03.Failed to make required entries in Department Logs.,B-CD,"B - COMMAND DISCIPLINE, FORFEITURE OF TIME/LEAVE BALANCES",allegation,
936798,2,"04.Failed to prepare a Property Clerk's Invoice Worksheet, as required.",B-CD,"B - COMMAND DISCIPLINE, FORFEITURE OF TIME/LEAVE BALANCES",allegation,
936799,1,WHILE OFF DUTY LEFT THE SCENE OF A MOTOR VEHICLE ACCIDENT WITHOUT CONTACTING THE POLICE.,,VACATION DAYS (20 day(s) ),charge,GUILTY
940290,1,Operated a motor vehicle while under the influence of an intoxicant.,,"COUNSELING, DISMISSAL PROBATION (12 month(s) ), ORDERED BREATH TESTING, PRE-TRIAL SUSPENSION DAYS (30 day(s) ), VACATION DAYS (25 day(s) )",charge,PLEADED GUILTY
940290,1,Operated a motor vehicle while under the influence of an intoxicant.,,"COUNSELING, DISMISSAL PROBATION (12 month(s) ), ORDERED BREATH TESTING, PRE-TRIAL SUSPENSION DAYS (30 day(s) ), VACATION DAYS (25 day(s) )",charge,PLEADED GUILTY
940290,1,Operated a motor vehicle while ability impaired.,,"COUNSELING, DISMISSAL PROBATION (12 month(s) ), ORDERED BREATH TESTING, PRE-TRIAL SUSPENSION DAYS (30 day(s) ), VACATION DAYS (25 day(s) )",charge,PLEADED GUILTY
940290,1,Unfit for duty.,,"COUNSELING, DISMISSAL PROBATION (12 month(s) ), ORDERED BREATH TESTING, PRE-TRIAL SUSPENSION DAYS (30 day(s) ), VACATION DAYS (25 day(s) )",charge,PLEADED GUILTY
941281,1,"WHILE ON-DUTY, WAS DISCOURTEOUS TO A PERSON KNOWN TO THE DEPARTMENT",,"DISMISSAL PROBATION (12 month(s) ), PRE-TRIAL SUSPENSION DAYS (30 day(s) ), VACATION DAYS (15 day(s) )",charge,GUILTY
941281,1,"WHILE ON-DUTY, DID REFUSE TO PROVIDE HIS NAME AND SHIELD NUMBER TO A PERSON KNOWN TO THE DEPARTMENT",,"DISMISSAL PROBATION (12 month(s) ), PRE-TRIAL SUSPENSION DAYS (30 day(s) ), VACATION DAYS (15 day(s) )",charge,GUILTY
941281,1,"WHILE ON-DUTY,  DID WRONGFULLY MAKE MISLEADING AND INACCURATE STATEMENTS TO THE CIVILIAN COMPLAINT REVIEW BOARD",,"DISMISSAL PROBATION (12 month(s) ), PRE-TRIAL SUSPENSION DAYS (30 day(s) ), VACATION DAYS (15 day(s) )",charge,GUILTY
941281,2,"WHILE ON-DUTY, SAID OFFICER FAILED TO TAKE POLICE ACTION AND PROPERLY INVESTIGATE A RADIO RUN",,"DISMISSAL PROBATION (12 month(s) ), PRE-TRIAL SUSPENSION DAYS (30 day(s) ), VACATION DAYS (15 day(s) )",charge,GUILTY
941281,1,01.Wrongfully discourteous to an individual known to the Department.,TRAINING,"B - COMMAND DISCIPLINE, VACATION DAYS (2 day(s) )",allegation,
949134,1,"while on-duty, improperly utilized her Department-issued smartphone.",,VACATION DAYS (10 day(s) ),charge,GUILTY
953991,1,01.Failed to prepare required reports.,A-CD,A - COMMAND DISCIPLINE,allegation,
925507,1,WHILE OFF-DUTY WAS INVOLVED IN A PERSONAL PHYSICAL ALTERCATION WITH A  PERSON KNOWN TO THE DEPARTMENT.,,VACATION DAYS (15 day(s) ),charge,GUILTY
925507,1,"WHILE OFF-DUTY, AFTER BEING INVOLVED IN A PERSONAL PHYSICAL ALTERCATION, FAILED TO REQUEST THE RESPONSE OF THE PATROL SUPERVISOR.",,VACATION DAYS (15 day(s) ),charge,GUILTY
925507,1,"WHILE OFF-DUTY, AFTER BEING INVOLVED IN A PERSONAL PHYSICAL ALTERCATION, DISCARDED ANOTHER PERSON'S PERSONAL PROPERTY WITHOUT PERMISSION OR AUTHORITY.",,VACATION DAYS (15 day(s) ),charge,GUILTY
962498,1,01.Violated patrol rules.,CHARGES AND SPECIFICATIONS,,allegation,
962498,1,01.Wrongfully searched a vehicle.,CHARGES AND SPECIFICATIONS,,allegation,
962498,1,02.Wrongfully threatened to arrest an individual known to the Department.,CHARGES AND SPECIFICATIONS,,allegation,
962498,2,01.Failed to prepare required reports.,OTHER,,allegation,
965215,1,"01.Wrongfully discourteous.
Wrongfully used offensive language.",B-CD,,allegation,
965215,1,02.Wrongfully discourteous.,B-CD,,allegation,
943405,1,01.Failure to timely make proper notifications.,C-CD,"C - COMMAND DISCIPLINE, VACATION DAYS (10 day(s) )",allegation,
943405,1,02.Involved in verbal altercation.,C-CD,"C - COMMAND DISCIPLINE, VACATION DAYS (10 day(s) )",allegation,
968508,1,01.Wrongfully discourteous to an individual known to the Department.,A-CD,A - COMMAND DISCIPLINE,allegation,
953993,1,01.Violated patrol rules - failed to provide a business card,A-CD,A - COMMAND DISCIPLINE,allegation,
954968,1,01.Violated patrol rules.,B-CD,"B - COMMAND DISCIPLINE, TRAINING, VACATION DAYS (1 day(s) )",allegation,
954968,1,02.Wrongfully searched a vehicle.,B-CD,"B - COMMAND DISCIPLINE, TRAINING, VACATION DAYS (1 day(s) )",allegation,
964935,1,01.Violated patrol rules.,A-CD,,allegation,
964935,2,01.Wrongfully frisked an individual known to the Department.,TRAINING,TRAINING,allegation,
964935,2,02.Wrongfully questioned an individual known to the Department.,TRAINING,TRAINING,allegation,
953994,1,WHILE OFF-DUTY CONSUMED ONE OR MORE INTOXICANTS TO THE EXTENT THAT HE WAS UNFIT FOR DUTY.,,"COUNSELING, PRE-TRIAL SUSPENSION DAYS (20 day(s) ), RESTORATION OF SUSPENSION DAYS (10 day(s) )",charge,GUILTY
953994,1,WHILE OFF-DUTY FAILED TO IDENTIFY HIMSELF TO A 911 OPERATOR WHO ASKED HIM IF HE WAS A MEMBER OF THE SERVICE.,,"COUNSELING, PRE-TRIAL SUSPENSION DAYS (20 day(s) ), RESTORATION OF SUSPENSION DAYS (10 day(s) )",charge,GUILTY
953994,1,WHILE OFF-DUTY DISPLAYED AN UNAUTHORIZED DUPLICATE POLICE SHIELD.,,"COUNSELING, PRE-TRIAL SUSPENSION DAYS (20 day(s) ), RESTORATION OF SUSPENSION DAYS (10 day(s) )",charge,GUILTY
960718,1,01.Wrongfully used physical force.,NO DISCIPLINARY ACTION,,allegation,
959710,1,01.Discourtesy.,INSTRUCTIONS,INSTRUCTIONS,allegation,
959710,2,01.Violated patrol rules.,A-CD,,allegation,
972018,1,01.Failed to activate their body worn camera.,TRAINING,TRAINING,allegation,
940298,1,01.Failed to activate their body worn camera.,OTHER,,allegation,
960720,1,01.Criminal association.,OTHER,"C - COMMAND DISCIPLINE, VACATION DAYS (3 day(s) )",allegation,
960720,1,02.Made computer inquiries unrelated to official Department business.,C-CD,"C - COMMAND DISCIPLINE, VACATION DAYS (3 day(s) )",allegation,
951845,1,"WHILE ON-DUTY, WRONGFULLY FAILED TO TERMINATE A VEHICLE PURSUIT DUE TO THE RISKS TO MEMBERS OF THE SERVICE AND THE PUBLIC.",,VACATION DAYS (10 day(s) ),charge,GUILTY
968511,1,01.Violated patrol rules.,TRAINING,TRAINING,allegation,
915950,1,"WHILE ON-DUTY, WAS DISCOURTEOUS TO A SUPERVISOR.",,VACATION DAYS (20 day(s) ),charge,GUILTY
915950,1,"AFTER BEING GIVEN A LAWFUL  ORDER BY A SUPERVISOR, DISREGARDED SAID ORDER.",,VACATION DAYS (20 day(s) ),charge,GUILTY
915950,1,"WHILE ON-DUTY, WAS DISCOURTEOUS TO A SUPERVISOR.",,VACATION DAYS (20 day(s) ),charge,GUILTY
960722,1,01.Wrongfully discourteous to an individual known to the Department.,A-CD,,allegation,
951846,1,"WHILE ON-DUTY, UNLAWFULLY DETAINED A PERSON KNOWN TO THE DEPARTMENT",,VACATION DAYS (2 day(s) ),charge,GUILTY
951846,1,"WHILE ON-DUTY, ISSUED A SUMMONS TO A PERSON KNOWN TO THE DEPARTMENT WITHOUT SUFFICIENT LEGAL AUTHORITY",,VACATION DAYS (2 day(s) ),charge,GUILTY
951846,1,"WHILE ON-DUTY, ISSUED A SUMMONS TO A PERSON KNOWN TO THE DEPARTMENT WITHOUT SUFFICIENT LEGAL AUTHORITY",,VACATION DAYS (2 day(s) ),charge,GUILTY
951846,1,"WHILE ON-DUTY, ISSUED A SUMMONS TO A PERSON KNOWN TO THE DEPARTMENT WITHOUT SUFFICIENT LEGAL AUTHORITY",,VACATION DAYS (2 day(s) ),charge,GUILTY
950625,1,01.Wrongful entry of a premises,A-CD,A - COMMAND DISCIPLINE,allegation,
950625,1,02.Wrongful search of a premises.,A-CD,A - COMMAND DISCIPLINE,allegation,
967930,1,01.Wrongfully stopped an individual known to the Department.,A-CD,,allegation,
943398,1,FAILED TO COMPLY WITH DIRECTIONS FROM BRATTLEBORO POLICE OFFICERS.,,VACATION DAYS (15 day(s) ),charge,GUILTY
943398,1,UNFIT FOR DUTY/OFF-DUTY .,,VACATION DAYS (15 day(s) ),charge,GUILTY
952889,1,01.Wrongful threat of force.,B-CD,"B - COMMAND DISCIPLINE, VACATION DAYS (10 day(s) )",allegation,
969132,1,01.Wrongfully disseminated confidential Department information.,CHARGES AND SPECIFICATIONS,"B - COMMAND DISCIPLINE, VACATION DAYS (5 day(s) )",allegation,
969132,2,01.Wrongful entry of a premises.,NO DISCIPLINARY ACTION,,allegation,
954001,1,01.Failed to make proper notifications.,CHARGES AND SPECIFICATIONS,"B - COMMAND DISCIPLINE, VACATION DAYS (1 day(s) )",allegation,
954001,1,02.Involved in a physical altercation.,CHARGES AND SPECIFICATIONS,"B - COMMAND DISCIPLINE, VACATION DAYS (1 day(s) )",allegation,
961836,1,01.Violated patrol rules.,A-CD,,allegation,
968515,1,01.Failed to timely activate body worn camera.,A-CD,,allegation,
952891,1,"Failed an Integrity Test.
Failed to prepare a Property Clerk's Invoice Worksheet, as required.",,VACATION DAYS (15 day(s) ),charge,GUILTY
967931,1,01.Wrongfully searched a vehicle.,A-CD,A - COMMAND DISCIPLINE,allegation,
954003,1,Failed to make entries in activity log.,,"DISMISSAL PROBATION (12 month(s) ), VACATION DAYS (30 day(s) )",charge,PLEADED GUILTY
954003,1,False/misleading statements.,,"DISMISSAL PROBATION (12 month(s) ), VACATION DAYS (30 day(s) )",charge,PLEADED GUILTY
965219,1,01.Off-duty employment without permission.,B-CD,"B - COMMAND DISCIPLINE, VACATION DAYS (3 day(s) )",allegation,
950627,1,01.Failed to activate their body-worn camera.,OTHER,,allegation,
926992,1,"KNOWINGLY ASSOCIATED WITH A PERSON REASONABLY BELIEVED TO BE ENGAGED IN, LIKELY TO ENGAGE IN, OR TO HAVE ENGAGED IN CRIMINAL ACTIVITIES",,VACATION DAYS (2 day(s) ),charge,GUILTY
971493,1,01.Failed to obey a lawful order/direction.,CHARGES AND SPECIFICATIONS,"C - COMMAND DISCIPLINE, VACATION DAYS (8 day(s) )",allegation,
971493,1,02.Wrongfully deactivated their body-worn camera.,CHARGES AND SPECIFICATIONS,"C - COMMAND DISCIPLINE, VACATION DAYS (8 day(s) )",allegation,
967932,1,01.Wrongful seizure of a person's property.,A-CD,A - COMMAND DISCIPLINE,allegation,
967932,2,01.Failed to make required entries in Department Logs.,OTHER,,allegation,
935057,1,01.ENDANGERED THE WELFARE OF A PERSON LESS THAN SEVENTEEN.,CHARGES AND SPECIFICATIONS,RESTORATION OF SUSPENSION DAYS (30 day(s) ),allegation,
935057,1,01.ENGAGED IN SEXUAL CONDUCT WITH PERSON LESS THAN SEVENTEEN.,CHARGES AND SPECIFICATIONS,RESTORATION OF SUSPENSION DAYS (30 day(s) ),allegation,
950631,1,"WHILE OFF-DUTY, ENGAGED IN A PHYSICAL ALTERCATION WITH A PERSON KNOWN TO THE DEPARTMENT.",,"COUNSELING, DISMISSAL PROBATION (12 month(s) ), PRE-TRIAL SUSPENSION DAYS (31 day(s) )",charge,GUILTY
950631,1,"WHILE OFF-DUTY, DAMAGED A PERSON KNOWN TO THE DEPARTMENT's CELLULAR PHONE.",,"COUNSELING, DISMISSAL PROBATION (12 month(s) ), PRE-TRIAL SUSPENSION DAYS (31 day(s) )",charge,GUILTY
950631,1,"WHILE OFF-DUTY, FAILED AND NEGLECTED TO IDENTIFY HIMSELF AS A MEMBER OF THE SERVICE TO RESPONDING POLICE OFFICERS.",,"COUNSELING, DISMISSAL PROBATION (12 month(s) ), PRE-TRIAL SUSPENSION DAYS (31 day(s) )",charge,GUILTY
950631,1,01.Off-duty employment without permission.,C-CD,"C - COMMAND DISCIPLINE, VACATION DAYS (3 day(s) )",allegation,
966119,1,01.Failed to activate their body worn camera.,A-CD,A - COMMAND DISCIPLINE,allegation,
960728,1,01.Wrongful entry of a premises.,CHARGES AND SPECIFICATIONS,"B - COMMAND DISCIPLINE, VACATION DAYS (10 day(s) )",allegation,
960728,1,02.Wrongful removal to a hospital.,CHARGES AND SPECIFICATIONS,"B - COMMAND DISCIPLINE, VACATION DAYS (10 day(s) )",allegation,
960728,1,03.Wrongful threat of force.,CHARGES AND SPECIFICATIONS,"B - COMMAND DISCIPLINE, VACATION DAYS (10 day(s) )",allegation,
960728,1,04.Wrongfully damaged property.,CHARGES AND SPECIFICATIONS,"B - COMMAND DISCIPLINE, VACATION DAYS (10 day(s) )",allegation,
941954,1,ENGAGED IN A PHYSICAL ALTERCATION WITH A PERSON KNOWN TO THE DEPARTMENT.,,"COUNSELING, PRE-TRIAL SUSPENSION DAYS (30 day(s) ), VACATION DAYS (5 day(s) )",charge,GUILTY
941954,1,WRONGFULLY ENTERED A PRECINCT CELL BLOCK TO INTERACT WITH A PERSON KNOWN TO THE DEPARTMENT IN POLICE CUSTODY FOR PERSONAL GAIN.,,"COUNSELING, PRE-TRIAL SUSPENSION DAYS (30 day(s) ), VACATION DAYS (5 day(s) )",charge,GUILTY
941954,1,"KNOWINGLY ASSOCIATED WITH A PERSON OR ORGANIZATION REASONABLY TO BE ENGAGED IN, LIKELY TO ENGAGE IN OR HAVE ENGAGED IN CRIMINAL ACTIVITIES.",,"COUNSELING, PRE-TRIAL SUSPENSION DAYS (30 day(s) ), VACATION DAYS (5 day(s) )",charge,GUILTY
941954,1,"WAS AWARE OF A PURPORTED ALLEGATION OF CORRUPTION OR SERIOUS MISCONDUCT INVOLVING MEMBERS OF THE SERVICE, TO WIT: SAID OFFICER WAS SERVED WITH AN ORDER OF PROTECTION. SAID POLICE OFFICER FAILED AND NEGLECTED TO NOTIFY HIS COMMANDING OFFICER AND/OR THE INTERNAL AFFAIRS BUREAU COMMAND CENTER AS REQUIRED.",,"COUNSELING, PRE-TRIAL SUSPENSION DAYS (30 day(s) ), VACATION DAYS (5 day(s) )",charge,GUILTY
941954,2,Failed to notify the radio dispatcher about a vehicle pursuit and improper vehicle pursuit.,,VACATION DAYS (30 day(s) ),charge,PLEADED GUILTY
941954,2,Made an inaccurate statement during an official Department interview.,,VACATION DAYS (30 day(s) ),charge,PLEADED GUILTY
941954,1,01.Failed to provide a business card,CHARGES AND SPECIFICATIONS,"B - COMMAND DISCIPLINE, VACATION DAYS (6 day(s) )",allegation,
941954,1,02.Improper entry into a premise,CHARGES AND SPECIFICATIONS,"B - COMMAND DISCIPLINE, VACATION DAYS (6 day(s) )",allegation,
944678,1,WHILE ON DUTY WRONGFULLY FAILED AND NEGLECTED TO SAFEGUARD HIS SERVICE FIREARM IN THAT HE LOST SAID FIREARM WHILE CHASING A PERSON HE WAS TRYING TO ARREST.,,VACATION DAYS (10 day(s) ),charge,GUILTY
944678,1,01.Failed to make required entries in Department Logs.,OTHER,,allegation,
929534,1,"while on-duty, did wrongfully transport an unauthorized person in a Department vehicle.",,VACATION DAYS (20 day(s) ),charge,GUILTY
929534,1,"while on-duty, conducted personal business while on duty.",,VACATION DAYS (20 day(s) ),charge,GUILTY
929534,1,"while on-duty, was absent from said assignment without permission or police necessity and failed to submit a Leave of Absence Report.",,VACATION DAYS (20 day(s) ),charge,GUILTY
966640,1,01.Failed to make required entries in Department Logs.,OTHER,,allegation,
956006,1,Involved in a physical altercation.,,VACATION DAYS (15 day(s) ),charge,GUILTY
944092,1,01.Wrongful search of a premises.,A-CD,,allegation,
936814,1,WRONGFULLY ADVISED THE MEDICAL DIVISION THAT HE COULD NOT REPORT FOR DUTY BECAUSE HE WAS QUARANTINED AT THE AIRPORT IN GRANADA KNOWING THIS STATEMENT WAS NOT TRUE.,,VACATION DAYS (10 day(s) ),charge,PLEADED GUILTY
936814,1,FAILED TO REPORT FOR HIS ASSIGNED TOUR OF DUTY WITHOUT PERMISSION.,,VACATION DAYS (10 day(s) ),charge,PLEADED GUILTY
936814,1,WRONGFULLY MADE FALSE STATEMENTS CLAIMING SAID OFFICER COULD NOT REPORT FOR DUTY BECAUSE HE WAS QUARANTINED AT AN AIRPORT IN GRANADA AND COULD NOT TRAVEL .,,VACATION DAYS (10 day(s) ),charge,PLEADED GUILTY
941258,1,Said Police Officer operated a motor vehicle while under the influence of an intoxicant.,,"COUNSELING, DISMISSAL PROBATION (12 month(s) ), ORDERED BREATH TESTING, PRE-TRIAL SUSPENSION DAYS (30 day(s) ), RESTORATION OF SUSPENSION DAYS (6 day(s) ), VACATION DAYS (30 day(s) )",charge,PLEADED GUILTY
941258,1,Operated a motor vehicle while their ability was impaired.,,"COUNSELING, DISMISSAL PROBATION (12 month(s) ), ORDERED BREATH TESTING, PRE-TRIAL SUSPENSION DAYS (30 day(s) ), RESTORATION OF SUSPENSION DAYS (6 day(s) ), VACATION DAYS (30 day(s) )",charge,PLEADED GUILTY
941258,1,Said Police Officer operated a motor vehicle recklessly.,,"COUNSELING, DISMISSAL PROBATION (12 month(s) ), ORDERED BREATH TESTING, PRE-TRIAL SUSPENSION DAYS (30 day(s) ), RESTORATION OF SUSPENSION DAYS (6 day(s) ), VACATION DAYS (30 day(s) )",charge,PLEADED GUILTY
941258,1,Said Police Officer was unfit for duty.,,"COUNSELING, DISMISSAL PROBATION (12 month(s) ), ORDERED BREATH TESTING, PRE-TRIAL SUSPENSION DAYS (30 day(s) ), RESTORATION OF SUSPENSION DAYS (6 day(s) ), VACATION DAYS (30 day(s) )",charge,PLEADED GUILTY
941258,1,Refused to submit to a breathalyzer test.,,"COUNSELING, DISMISSAL PROBATION (12 month(s) ), ORDERED BREATH TESTING, PRE-TRIAL SUSPENSION DAYS (30 day(s) ), RESTORATION OF SUSPENSION DAYS (6 day(s) ), VACATION DAYS (30 day(s) )",charge,PLEADED GUILTY
936816,1,"while on-duty, did fail and neglect to immediately notify the Department of an off-duty incident involving a uniformed member of service.",,VACATION DAYS (10 day(s) ),charge,GUILTY
950636,1,01.Wrongful search of a premises.,TRAINING,TRAINING,allegation,
921443,1,"WHILE ON DUTY, DID FAIL AND NEGLECT TO PROPERLY SAFEGUARD A PRISONER KNOWN TO THE DEPARTMENT, RESULTING IN THE LOSS OF SAID PRISONER.",,VACATION DAYS (20 day(s) ),charge,GUILTY
921443,1,01.Violated patrol rules - refused to provide shield number,TRAINING,TRAINING,allegation,
935069,1,01.Wrongful removal to a hospital.,NO DISCIPLINARY ACTION,,allegation,
940304,1,"ABUSED HIS AUTHORITY AS A MEMBER OF THE NEW YORK CITY POLICE DEPARTMENT, IN THAT HE FRISKED A PERSON KNOWN TO THE DEPARTMENT WITHOUT SUFFICIENT LEGAL AUTHORITY.",,VACATION DAYS (3 day(s) ),charge,GUILTY
968519,1,Failed to take police action/render police services.,,"DISMISSAL PROBATION (12 month(s) ), VACATION DAYS (45 day(s) )",charge,PLEADED GUILTY
968519,1,Failed to remain alert while on post.,,"DISMISSAL PROBATION (12 month(s) ), VACATION DAYS (45 day(s) )",charge,PLEADED GUILTY
968519,1,Failed to make proper notifications.,,"DISMISSAL PROBATION (12 month(s) ), VACATION DAYS (45 day(s) )",charge,PLEADED GUILTY
941964,1,WRONGFULLY ENGAGED IN A PHYSICAL ALTERCATION WITH A PERSON KNOWN TO THE DEPARTMENT.,,"COUNSELING, PRE-TRIAL SUSPENSION DAYS (32 day(s) ), VACATION DAYS (8 day(s) )",charge,GUILTY
941964,1,WRONGFULLY INTERFERED WITH A MEMBER OF THE SERVICE EFFECTING AN ARREST.,,"COUNSELING, PRE-TRIAL SUSPENSION DAYS (32 day(s) ), VACATION DAYS (8 day(s) )",charge,GUILTY
941964,1,FAILED TO IDENTIFY HIMSELF AS A MEMBER OF SERVICE.,,"COUNSELING, PRE-TRIAL SUSPENSION DAYS (32 day(s) ), VACATION DAYS (8 day(s) )",charge,GUILTY
941964,1,FAILED TO PROPERLY SAFEGUARD HIS FIREARM.,,"COUNSELING, PRE-TRIAL SUSPENSION DAYS (32 day(s) ), VACATION DAYS (8 day(s) )",charge,GUILTY
941964,1,REFUSED TO ANSWER DOOR OF RESIDENCE TO RESPONDING MEMBERS OF SERVICE.,,"COUNSELING, PRE-TRIAL SUSPENSION DAYS (32 day(s) ), VACATION DAYS (8 day(s) )",charge,GUILTY
941964,1,ATTEMPTED TO PREVENT PERSON KNOWN TO THE DEPARTMENT FROM CALLING 911.,,"COUNSELING, PRE-TRIAL SUSPENSION DAYS (32 day(s) ), VACATION DAYS (8 day(s) )",charge,GUILTY
967460,1,01.Said Police Officer failed to activate their body-worn camera.,B-CD,"C - COMMAND DISCIPLINE, VACATION DAYS (3 day(s) )",allegation,
967460,1,02.Said Police Officer failed to notify the radio dispatcher of a vehicle pursuit.,B-CD,"C - COMMAND DISCIPLINE, VACATION DAYS (3 day(s) )",allegation,
960733,1,01.Wrongfully discourteous to an individual known to the Department.,A-CD,,allegation,
967935,1,Failed to conduct investigation.,,VACATION DAYS (11 day(s) ),charge,PLEADED GUILTY
967935,1,Wrongfully deactivated body-worn camera.,,VACATION DAYS (11 day(s) ),charge,PLEADED GUILTY
940306,1,"WHILE OFF-DUTY, DID WRONGFULLY OPERATE A MOTOR VEHICLE WHILE UNDER THE INFLUENCE OF AN INTOXICANT AND STRUCK ANOTHER VEHICLE.",,"COUNSELING, DISMISSAL PROBATION (12 month(s) ), ORDERED BREATH TESTING, PRE-TRIAL SUSPENSION DAYS (31 day(s) ), VACATION DAYS (4 day(s) )",charge,GUILTY
940306,1,"WHILE OFF-DUTY, DID WRONGFULLY OPERATE A MOTOR VEHICLE WHILE HER ABILITY WAS IMPAIRED BY AN INTOXICANT AND STRUCK ANOTHER VEHICLE.",,"COUNSELING, DISMISSAL PROBATION (12 month(s) ), ORDERED BREATH TESTING, PRE-TRIAL SUSPENSION DAYS (31 day(s) ), VACATION DAYS (4 day(s) )",charge,GUILTY
940306,1,WHILE OFF-DUTY WAS UNFIT FOR DUTY DUE TO OVERINDULGENCE OF AN INTOXICANT.,,"COUNSELING, DISMISSAL PROBATION (12 month(s) ), ORDERED BREATH TESTING, PRE-TRIAL SUSPENSION DAYS (31 day(s) ), VACATION DAYS (4 day(s) )",charge,GUILTY
940306,2,"WHILE ON SICK REPORT AND DURING HER ASSIGNED TOUR OF DUTY, WAS OUT OF RESIDENCE WITHOUT PERMISSION FROM THE DISTRICT SURGEON OR SICK DESK SUPERVISOR.",,VACATION DAYS (20 day(s) ),charge,GUILTY
940306,2,"WHILE ON SICK REPORT, INFORMED THE MEDICAL DIVISION THAT SHE WAS ONLY A FEW BLOCKS AWAY FROM HER HOME, WHEN THAT WAS NOT IN FACT TRUE.",,VACATION DAYS (20 day(s) ),charge,GUILTY
969137,1,01.Failed to follow proper firearm handling procedures resulting in discharge.,C-CD,"C - COMMAND DISCIPLINE, VACATION DAYS (13 day(s) )",allegation,
969137,1,02.Failed to utilize a firearm safety station.,C-CD,"C - COMMAND DISCIPLINE, VACATION DAYS (13 day(s) )",allegation,
950637,1,01.Wrongfully unholstered/displayed a firearm.,CHARGES AND SPECIFICATIONS,,allegation,
943376,1,DID EXAGGERATE HER LIMITATIONS IN OPERATING A MOTOR VEHICLE.,,"DISMISSAL PROBATION (12 month(s) ), VACATION DAYS (30 day(s) )",charge,PLEADED GUILTY
943376,1,DID WRONGFULLY CAUSE FALSE ENTRIES TO BE MADE IN DEPARTMENT RECORDS.,,"DISMISSAL PROBATION (12 month(s) ), VACATION DAYS (30 day(s) )",charge,PLEADED GUILTY
944959,1,01.Failed to obtain medical treatment.,A-CD,,allegation,
941966,1,WRONGFULLY ENGAGED IN A PHYSICAL ALTERCATION WITH A PERSON KNOWN TO THE DEPARTMENT.,,"COUNSELING, PRE-TRIAL SUSPENSION DAYS (35 day(s) )",charge,GUILTY
941966,1,01.Wrongfully discourteous to an individual known to the Department.,CHARGES AND SPECIFICATIONS,,allegation,
941966,1,01.Wrongfully used offensive language.,CHARGES AND SPECIFICATIONS,,allegation,
949873,1,"while on-duty, failed to properly respond to and failed to conduct a proper investigation.",,VACATION DAYS (10 day(s) ),charge,GUILTY
949873,1,"while on-duty, failed and neglected to adequately maintain her Activity Log.",,VACATION DAYS (10 day(s) ),charge,GUILTY
949873,1,"while on-duty, failed to conduct a proper inquiry into tow trucks present at the scene of a motor vehicle accident, as to whether the tow trucks were authorized to be present.",,VACATION DAYS (10 day(s) ),charge,GUILTY
949873,1,"while on-duty, failed to prepare and complete a Police Accident Report.",,VACATION DAYS (10 day(s) ),charge,GUILTY
960090,1,Wrongfully used physical force.,,VACATION DAYS (5 day(s) ),charge,GUILTY
960090,1,01.Improper frisk of an individual,TRAINING,TRAINING,allegation,
960090,1,01.Improper use of a body worn camera,TRAINING,TRAINING,allegation,
960090,1,02.Improper search of an individual,TRAINING,TRAINING,allegation,
960090,2,01.Failed to activate their body worn camera.,OTHER,,allegation,
960090,2,02.Failed to prepare required reports.,OTHER,,allegation,
960090,3,01.Failed to make required entries in Department Logs (Activity Log).,CHARGES AND SPECIFICATIONS,"C - COMMAND DISCIPLINE, VACATION DAYS (5 day(s) )",allegation,
960090,3,02.Improper vehicle pursuit.,CHARGES AND SPECIFICATIONS,"C - COMMAND DISCIPLINE, VACATION DAYS (5 day(s) )",allegation,
956776,1,01.Failed to obtain language interpretation services,INSTRUCTIONS,INSTRUCTIONS,allegation,
956776,1,01.Improper entry of apartment,INSTRUCTIONS,INSTRUCTIONS,allegation,
940919,1,01.Violated patrol rules.,A-CD,,allegation,
940919,1,02.Wrongfully stopped an individual known to the Department.,A-CD,,allegation,
943408,1,01.Failed to prepare required reports.,A-CD,,allegation,
914434,1,"WHILE OFF-DUTY, SAID DETECTIVE ENGAGED IN IMPROPER CONTACT WITH A PERSON KNOWN TO THE DEPARTMENT, A FORMER COMPLAINANT",,"DISMISSAL PROBATION (12 month(s) ), VACATION DAYS (30 day(s) )",charge,GUILTY
914434,1,"KNOWINGLY ASSOCIATED WITH A PERSON REASONABLY BELIEVED TO BE ENGAGED IN, LIKELY TO ENGAGE IN, AND/OR TO HAVE ENGAGED IN CRIMINAL ACTIVITIES",,"DISMISSAL PROBATION (12 month(s) ), VACATION DAYS (30 day(s) )",charge,GUILTY
956777,1,01.Deployed a Taser outside Department guidelines.,NO DISCIPLINARY ACTION,,allegation,
964078,1,01.Violated patrol rules.,A-CD,,allegation,
964078,2,01.Failed to timely activate their body worn camera.,OTHER,,allegation,
964078,3,"01.Failed to timely activate their body worn camera.
Wrongfully deactivated their body-worn camera.",OTHER,,allegation,
950642,1,01.Wrongfully stopped an individual known to the Department.,A-CD,A - COMMAND DISCIPLINE,allegation,
938725,1,Out of residence while on sick leave.,,VACATION DAYS (10 day(s) ),charge,GUILTY
964575,1,01.Failed to make required entries in Activity Log.,CHARGES AND SPECIFICATIONS,"C - COMMAND DISCIPLINE, VACATION DAYS (9 day(s) )",allegation,
964575,1,02.Failed to prepare required report - medical treatment of prisoner form.,CHARGES AND SPECIFICATIONS,"C - COMMAND DISCIPLINE, VACATION DAYS (9 day(s) )",allegation,
964575,1,03.Failed to properly safeguard a prisoner.,CHARGES AND SPECIFICATIONS,"C - COMMAND DISCIPLINE, VACATION DAYS (9 day(s) )",allegation,
957715,1,WAS ABSENT FROM HIS ASSIGNMENT AND ENGAGED IN PERSONAL ACTIVITIES UNRELATED TO OFFICIAL DEPARTMENT BUSINGESS.,,"DISMISSAL PROBATION (12 month(s) ), VACATION DAYS (20 day(s) )",charge,GUILTY
957715,1,"DROVE/ALLOWED A DEPARTMENT VEHICLE TO BE USED FOR AN UNAUTHORIZED, PERSONAL PURPOSE.",,"DISMISSAL PROBATION (12 month(s) ), VACATION DAYS (20 day(s) )",charge,GUILTY
957715,1,FAILED TO MAKE REQUIRED ACTIVITY LOG ENTRIES.,,"DISMISSAL PROBATION (12 month(s) ), VACATION DAYS (20 day(s) )",charge,GUILTY
957715,1,FAILED TO RENDER ALL NECESSARY POLICE SERVICE IN A TIMELY FASHION.,,"DISMISSAL PROBATION (12 month(s) ), VACATION DAYS (20 day(s) )",charge,GUILTY
957715,1,DISPLAYED HIS DEPARTMENT TRAFFIC VEST ON THE DASHBOARD OF HIS PRIVATE VEHICLE WHILE IT WAS IMPROPERLY PARKED ON A FIRE HYDRANT.,,"DISMISSAL PROBATION (12 month(s) ), VACATION DAYS (20 day(s) )",charge,GUILTY
954010,1,01.Improper entries in property clerk invoice,B-CD,B - COMMAND DISCIPLINE,allegation,
947112,1,"WHILE ON-DUTY, FRISKED A PERSON KNOWN TO THE DEPARTMENT WITHOUT SUFFICIENT LEGAL AUTHORITY.",,VACATION DAYS (10 day(s) ),charge,GUILTY
947112,1,"WHILE ON-DUTY, FRISKED A PERSON KNOWN TO THE DEPARTMENT WITHOUT SUFFICIENT LEGAL AUTHORITY.",,VACATION DAYS (10 day(s) ),charge,GUILTY
947112,1,"WHILE ON-DUTY, FRISKED A PERSON KNOWN TO THE DEPARTMENT WITHOUT SUFFICIENT LEGAL AUTHORITY.",,VACATION DAYS (10 day(s) ),charge,GUILTY
947112,1,SEARCHED A VEHICLE WITHOUT SUFFICIENT LEGAL AUTHORITY.,,VACATION DAYS (10 day(s) ),charge,GUILTY
947112,1,INTERFERED WITH THE USE OF RECORDING DEVICE.,,VACATION DAYS (10 day(s) ),charge,GUILTY
947112,1,SPOKE DISCOURTEOUSLY TO A PERSON KNOWN TO THE DEPARTMENT.,,VACATION DAYS (10 day(s) ),charge,GUILTY
935080,1,FAILED TO PREPARE PROPERTY CLERK INVOICE REGARDING INVESTIGATORY/ FOUND PROPERTY,,"DISMISSAL PROBATION (12 month(s) ), SUSPENDED W/O PAY (30 day(s) ), VACATION DAYS (30 day(s) )",charge,GUILTY
935080,1,FAILED TO SAFEGUARD  PROPERTY,,"DISMISSAL PROBATION (12 month(s) ), SUSPENDED W/O PAY (30 day(s) ), VACATION DAYS (30 day(s) )",charge,GUILTY
935080,1,FAILED TO MAINTAIN ACTIVITY LOG,,"DISMISSAL PROBATION (12 month(s) ), SUSPENDED W/O PAY (30 day(s) ), VACATION DAYS (30 day(s) )",charge,GUILTY
935080,1,FAILED TO CONDUCT A PROPER INVESTIGATION,,"DISMISSAL PROBATION (12 month(s) ), SUSPENDED W/O PAY (30 day(s) ), VACATION DAYS (30 day(s) )",charge,GUILTY
935080,1,INTERFERED WITH AN OFFICIAL DEPARTMENT INVESTIGATION,,"DISMISSAL PROBATION (12 month(s) ), SUSPENDED W/O PAY (30 day(s) ), VACATION DAYS (30 day(s) )",charge,GUILTY
935080,1,WRONGFULLY IN POSSESSION OF AN UNAUTHORIZED  DEPARTMENT SHIELD,,"DISMISSAL PROBATION (12 month(s) ), SUSPENDED W/O PAY (30 day(s) ), VACATION DAYS (30 day(s) )",charge,GUILTY
935080,1,MADE FALSE STATEMENTS DURING AN OFFICIAL DEPARTMENT INTERVIEW,,"DISMISSAL PROBATION (12 month(s) ), SUSPENDED W/O PAY (30 day(s) ), VACATION DAYS (30 day(s) )",charge,GUILTY
963584,1,01.Violated patrol rules.,B-CD,,allegation,
936827,1,01.Wrongful used physical force,B-CD,"B - COMMAND DISCIPLINE, VACATION DAYS (5 day(s) )",allegation,
961842,1,01.Failed to activate their body worn camera.,OTHER,,allegation,
956781,1,01.Improper Frisk of an individual,TRAINING,"INSTRUCTIONS, TRAINING",allegation,
956781,1,02.Improper Investigative Encounter,TRAINING,"INSTRUCTIONS, TRAINING",allegation,
956781,1,03.Improper search of a vehicle,TRAINING,"INSTRUCTIONS, TRAINING",allegation,
956781,1,04.Interfered with recording device,INSTRUCTIONS,"INSTRUCTIONS, TRAINING",allegation,
956781,2,01.Wrongfully discourteous to an individual known to the Department.,A-CD,A - COMMAND DISCIPLINE,allegation,
956781,2,02.Wrongfully searched an individual known to the Department.,A-CD,A - COMMAND DISCIPLINE,allegation,
947783,1,WRONGFULLY OPERATED A MOTOR VEHICLE WHILE HIS ABILITY WAS IMPAIRED BY THE CONSUMPTION OF ALCOHOL.,,"COUNSELING, DISMISSAL PROBATION (12 month(s) ), ORDERED BREATH TESTING, PRE-TRIAL SUSPENSION DAYS (30 day(s) ), VACATION DAYS (20 day(s) )",charge,GUILTY
947783,1,REFUSED TO SUBMIT TO A BREATH TEST TO DETERMINE HIS ALCOHOL COMCENTRATION.,,"COUNSELING, DISMISSAL PROBATION (12 month(s) ), ORDERED BREATH TESTING, PRE-TRIAL SUSPENSION DAYS (30 day(s) ), VACATION DAYS (20 day(s) )",charge,GUILTY
947783,1,CONSUMED AN INTOXICANT TO THE EXTENT THAT HE WAS UNFIT FOR DUTY.,,"COUNSELING, DISMISSAL PROBATION (12 month(s) ), ORDERED BREATH TESTING, PRE-TRIAL SUSPENSION DAYS (30 day(s) ), VACATION DAYS (20 day(s) )",charge,GUILTY
947783,1,CONSUMED AN INTOXICANT TO THE EXTENT THAT HE WAS UNFIT FOR DUTY WHILE ARMED.,,"COUNSELING, DISMISSAL PROBATION (12 month(s) ), ORDERED BREATH TESTING, PRE-TRIAL SUSPENSION DAYS (30 day(s) ), VACATION DAYS (20 day(s) )",charge,GUILTY
947783,1,"WHILE OFF-DUTY, FAILED TO SAFEGUARD HIS FIREARM.",,"COUNSELING, DISMISSAL PROBATION (12 month(s) ), ORDERED BREATH TESTING, PRE-TRIAL SUSPENSION DAYS (30 day(s) ), VACATION DAYS (20 day(s) )",charge,GUILTY
941973,1,01.Wrongfully discourteous to an individual known to the Department.,A-CD,,allegation,
956011,1,01.Wrongful removal to a hospital.,A-CD,,allegation,
945859,1,discharged a firearm outside department guidelines.,,"DISMISSAL PROBATION (12 month(s) ), PRE-TRIAL SUSPENSION DAYS (32 day(s) ), VACATION DAYS (28 day(s) )",charge,PLEADED GUILTY
945859,1,failed to follow proper firearm handling procedures resulting in a discharge.,,"DISMISSAL PROBATION (12 month(s) ), PRE-TRIAL SUSPENSION DAYS (32 day(s) ), VACATION DAYS (28 day(s) )",charge,PLEADED GUILTY
945859,2,Made misleading statements during an official Department interview.,,"DISMISSAL PROBATION (12 month(s) ), PRE-TRIAL SUSPENSION DAYS (32 day(s) ), VACATION DAYS (28 day(s) )",charge,PLEADED GUILTY
969832,1,01.Wrongfully questioned an individual known to the Department.,NO DISCIPLINARY ACTION,,allegation,
940320,1,"WHILE ON-DUTY, WHILE BEING INTERVIEWED AT THE CIVILIAN COMPLAINT REVIEW BOARD, DID MAKE INACCURATE AND MISLEADING STATEMENTS.",,VACATION DAYS (25 day(s) ),charge,GUILTY
949876,1,01.Failed to prepare required reports.,B-CD,,allegation,
938736,1,01.Failed to prepare memo book entries,NO DISCIPLINARY ACTION,,allegation,
960737,1,01.Violated patrol rules - refused to provide name,A-CD,A - COMMAND DISCIPLINE,allegation,
960737,2,01.Violated patrol rules - failed to provide shield number,TRAINING,TRAINING,allegation,
954011,1,"WHILE OFF-DUTY, FAILED TO SAFEGUARD HIS OFF-DUTY FIREARM",,"INSTRUCTIONS, VACATION DAYS (10 day(s) )",charge,GUILTY
951856,1,"WHILE OFF-DUTY, CONSUMED AN INTOXICANT TO THE EXTENT THAT SAID POLICE OFFICER WAS UNFIT FOR DUTY.",,VACATION DAYS (20 day(s) ),charge,GUILTY
961846,1,01.Failed to activate their body worn camera.,OTHER,,allegation,
961846,1,02.Failed to prepare required reports.,OTHER,,allegation,
961846,2,01.Wrongfully stopped a vehicle.,A-CD,,allegation,
961846,3,01.Failed to timely activate their body worn camera.,OTHER,,allegation,
961846,4,01.Violated patrol rules.,B-CD,"B - COMMAND DISCIPLINE, VACATION DAYS (6 day(s) )",allegation,
961846,4,01.Wrongfully frisked an individual known  to the Department.,B-CD,"B - COMMAND DISCIPLINE, VACATION DAYS (6 day(s) )",allegation,
961846,4,02.Wrongfully stopped an individual known to the Department.,B-CD,"B - COMMAND DISCIPLINE, VACATION DAYS (6 day(s) )",allegation,
968525,1,01.Failed to obtain medical treatment.,A-CD,,allegation,
928567,1,"Failed to prepare a Property Clerk's Invoice Worksheet, as required.",,VACATION DAYS (40 day(s) ),charge,GUILTY
928567,1,Failed to properly document inventory actions.,,VACATION DAYS (40 day(s) ),charge,GUILTY
928567,1,Failed to make proper notifications.,,VACATION DAYS (40 day(s) ),charge,GUILTY
928567,1,"Failed to prepare a Property Clerk's Invoice Worksheet, as required.",,VACATION DAYS (40 day(s) ),charge,GUILTY
928567,1,Failed to make required entries in Department Logs.,,VACATION DAYS (40 day(s) ),charge,GUILTY
938740,1,WRONGFULLY ASSOCIATED WITH AN INDIVIDUAL KNOWN TO THE DEPARTMENT WHO ENGAGED IN CRIMINAL ACTIVITIES .,,VACATION DAYS (20 day(s) ),charge,GUILTY
967563,1,01.Failed to activate their body worn camera.,OTHER,,allegation,
949153,1,FAILED TO PROPERLY HANDLE HIS FIREARM RESULTING IN ITS ACCIDENTAL DISCHARGE.,,VACATION DAYS (15 day(s) ),charge,GUILTY
949153,1,FAILED TO MAKE PROPER NOTIFICATIONS AFTER ACCIDENTALLY DISCHARGING HIS FIREARM.,,VACATION DAYS (15 day(s) ),charge,GUILTY
959719,1,"WHILE ON-DUTY,  FAILED TO ENSURE THAT THE CHILD SAFETY LOCKS WERE ENGAGED ON THE REAR DOORS OF HIS ASSIGNED DEPARTMENT VEHICLE, RESULTING IN THE ESCAPE OF A DEPARTMENT PRISONER",,VACATION DAYS (10 day(s) ),charge,GUILTY
954987,1,"WHILE OFF-DUTY, WRONGFULLY OPERATED A MOTOR VEHICLE WHILE UNDER THE INFLUENCE OF AN INTOXICANT.",,"COUNSELING, DISMISSAL PROBATION (12 month(s) ), ORDERED BREATH TESTING, PRE-TRIAL SUSPENSION DAYS (30 day(s) ), VACATION DAYS (10 day(s) )",charge,GUILTY
954987,1,WRONGFULLY OPERATED A MOTOR VEHICLE WHILE HIS ABILITY WAS IMPAIRED BY THE CONSUMPTION OF ALCOHOL.,,"COUNSELING, DISMISSAL PROBATION (12 month(s) ), ORDERED BREATH TESTING, PRE-TRIAL SUSPENSION DAYS (30 day(s) ), VACATION DAYS (10 day(s) )",charge,GUILTY
954987,1,"WHILE OFF-DUTY, REFUSED TO SUBMIT TO A CHEMICAL BREATH TEST.",,"COUNSELING, DISMISSAL PROBATION (12 month(s) ), ORDERED BREATH TESTING, PRE-TRIAL SUSPENSION DAYS (30 day(s) ), VACATION DAYS (10 day(s) )",charge,GUILTY
954987,1,CONSUMED AN INTOXICANT TO THE EXTENT HE WAS UNFIT FOR DUTY.,,"COUNSELING, DISMISSAL PROBATION (12 month(s) ), ORDERED BREATH TESTING, PRE-TRIAL SUSPENSION DAYS (30 day(s) ), VACATION DAYS (10 day(s) )",charge,GUILTY
936834,1,01.Wrongfully discourteous to an individual known to the Department.,CHARGES AND SPECIFICATIONS,,allegation,
936834,1,01.Wrongfully used physical force.,CHARGES AND SPECIFICATIONS,,allegation,
936834,1,02.Wrongfully used offensive language.,CHARGES AND SPECIFICATIONS,,allegation,
962515,1,01.Wrongfully discourteous to an individual known to the Department.,CHARGES AND SPECIFICATIONS,"B - COMMAND DISCIPLINE, VACATION DAYS (8 day(s) )",allegation,
962515,1,01.Wrongfully made discourteous gesture.,CHARGES AND SPECIFICATIONS,"B - COMMAND DISCIPLINE, VACATION DAYS (8 day(s) )",allegation,
962515,1,02.Wrongfully used physical force.,CHARGES AND SPECIFICATIONS,"B - COMMAND DISCIPLINE, VACATION DAYS (8 day(s) )",allegation,
962515,2,01.Failed to prepare required reports.,OTHER,,allegation,
962515,3,01.Wrongfully discourteous to an individual known to the Department.,A-CD,A - COMMAND DISCIPLINE,allegation,
962515,4,01.Made inaccurate statements to ADA.,CHARGES AND SPECIFICATIONS,"B - COMMAND DISCIPLINE, VACATION DAYS (5 day(s) )",allegation,
962515,5,01.Failed to activate their body-worn camera.,B-CD,"C - COMMAND DISCIPLINE, VACATION DAYS (10 day(s) )",allegation,
962515,5,02.Failed to make required entries in Department Logs (Activity Log),B-CD,"C - COMMAND DISCIPLINE, VACATION DAYS (10 day(s) )",allegation,
962515,5,03.Improper vehicle pursuit.,B-CD,"C - COMMAND DISCIPLINE, VACATION DAYS (10 day(s) )",allegation,
962515,6,01.Wrongfully frisked an individual known to the Department.,NO DISCIPLINARY ACTION,"B - COMMAND DISCIPLINE, VACATION DAYS (3 day(s) )",allegation,
962515,6,02.Wrongfully searched a vehicle.,B-CD,"B - COMMAND DISCIPLINE, VACATION DAYS (3 day(s) )",allegation,
951858,1,01.Made computer inquiries unrelated to official Department business.,B-CD,"B - COMMAND DISCIPLINE, VACATION DAYS (5 day(s) )",allegation,
928571,1,WRONGFULLY CAUSED FALSE DEPARTMENT RECORDS TO BE GENERATED,,VACATION DAYS (30 day(s) ),charge,GUILTY
961850,1,01.Violated patrol rules.,A-CD,,allegation,
961850,1,01.Wrongfully discourteous to an individual known to the Department.,A-CD,,allegation,
961850,2,01.Wrongfully used offensive language.,B-CD,,allegation,
937826,1,"WHILE OFF-DUTY, ENGAGED IN A PHYSICAL ALTERCATION.",,"COUNSELING, PRE-TRIAL SUSPENSION DAYS (30 day(s) )",charge,GUILTY
937826,1,ENGAGED IN A PHYSICAL ALTERCATION IN THE PRESENCE OF A MINOR.,,"COUNSELING, PRE-TRIAL SUSPENSION DAYS (30 day(s) )",charge,GUILTY
937826,2,Made disparaging remark ( race),,,charge,PLEADED GUILTY
946503,1,Failed to safeguard a prisoner resulting is loss,,"PRE-TRIAL SUSPENSION DAYS (11 day(s) ), VACATION DAYS (12 day(s) )",charge,GUILTY
946503,1,Failed to activate their body-worn camera.,,"PRE-TRIAL SUSPENSION DAYS (11 day(s) ), VACATION DAYS (12 day(s) )",charge,GUILTY
960743,1,01.Violated patrol rules.,A-CD,A - COMMAND DISCIPLINE,allegation,
960744,1,Failed to make proper notifications.,,VACATION DAYS (10 day(s) ),charge,PLEADED GUILTY
950661,1,01.Wrongfully threatened to arrest an individual known to the Department.,B-CD,"B - COMMAND DISCIPLINE, VACATION DAYS (5 day(s) )",allegation,
936843,1,"DID KNOWINGLY ASSOCIATE WITH PERSONS OR ORGANIZATIONS REASONABLY BELIEVED TO ENGAGED IN, LIKELY TO ENGAGE IN, OR TO HAVE ENGAGED IN CRIMINAL ACTIVITIES.",,VACATION DAYS (25 day(s) ),charge,GUILTY
936843,1,DID WRONGFULLY AND WITHOUT JUST CAUSE ENGAGE IN OFF-DUTY EMPLOYMENT WITHOUT AUTHORITY OR PERMISSION TO DO SO.,,VACATION DAYS (25 day(s) ),charge,GUILTY
936843,1,DID WRONGFULLY AND WITHOUT JUST CAUSE UTILIZE DEPARTMENT DATABASES TO MAKE INQUIRIES UNRELATED TO THE OFFICIAL BUSINESS OF THE DEPARTMENT OR THE CITY OF NEW YORK.,,VACATION DAYS (25 day(s) ),charge,GUILTY
936843,1,"DID FAIL AND NEGLECT TO PROVIDE SAID OFFICER's COMMANDING OFFICER WITH AN OPERABLE PERSONAL TELEPHONE NUMBER, AS REQUIRED.",,VACATION DAYS (25 day(s) ),charge,GUILTY
960745,1,01.Violated patrol rules.,A-CD,A - COMMAND DISCIPLINE,allegation,
960746,1,01.Violated patrol rules - refused to provide name,A-CD,A - COMMAND DISCIPLINE,allegation,
954016,1,OPERATED A MOTOR VEHICLE WHILE HIS BLOOD ALCOHOL CONTENT WAS OVER THE LEGAL LIMIT.,,"COUNSELING, DISMISSAL PROBATION (12 month(s) ), ORDERED BREATH TESTING, PRE-TRIAL SUSPENSION DAYS (31 day(s) ), SUSPENDED W/O PAY (14 day(s) ), VACATION DAYS (10 day(s) )",charge,GUILTY
954016,1,OPERATED A MOTOR VEHICLE WHILE HIS ABILITY WAS IMPAIRED BY THE CONSUMPTION OF ALCOHOL.,,"COUNSELING, DISMISSAL PROBATION (12 month(s) ), ORDERED BREATH TESTING, PRE-TRIAL SUSPENSION DAYS (31 day(s) ), SUSPENDED W/O PAY (14 day(s) ), VACATION DAYS (10 day(s) )",charge,GUILTY
954016,1,CONSUMED AN INTOXICANT TO THE EXTENT THAT HE WAS UNFIT FOR DUTY.,,"COUNSELING, DISMISSAL PROBATION (12 month(s) ), ORDERED BREATH TESTING, PRE-TRIAL SUSPENSION DAYS (31 day(s) ), SUSPENDED W/O PAY (14 day(s) ), VACATION DAYS (10 day(s) )",charge,GUILTY
966655,1,01.Failed to timely activate their body worn camera.,A-CD,,allegation,
945872,1,Failed to safeguard a firearm (resulting in loss/theft or not).,,VACATION DAYS (30 day(s) ),charge,PLEADED GUILTY
945872,1,Failed to timely make proper notifications.,,VACATION DAYS (30 day(s) ),charge,PLEADED GUILTY
940328,1,01.Improper Search,TRAINING,TRAINING,allegation,
950663,1,"FAILED AND NEGLECTED TO PROPERLY SAFEGUARD HIS OFF-DUTY FIREARM, TO WIT: PLACED SAID FIREARM IN THE SMALL FRONT COMPARTMENT OF OFFICER's BACKPACK, RESULTING IN ITS LOSS.",,VACATION DAYS (23 day(s) ),charge,GUILTY
950663,1,"UPON BECOMING AWARE THAT HIS OFF-DUTY FIREARM WAS MISSING, FAILED AND NEGLECTED TO TIMELY REPORTTHE LOSS OF THE OFF-DUTY FIREARM.",,VACATION DAYS (23 day(s) ),charge,GUILTY
935093,1,01.Wrongfully discourteous to an individual known to the Department.,A-CD,,allegation,
935093,2,01.Failed to make required entries in Department Logs.,OTHER,,allegation,
935093,3,01.Failed to activate their body worn camera.,A-CD,"A - COMMAND DISCIPLINE, FORFEITURE OF TIME/LEAVE BALANCES",allegation,
935093,4,01.Failed to make required entries in Department Logs.,B-CD,"B - COMMAND DISCIPLINE, VACATION DAYS (5 day(s) )",allegation,
935093,4,02.Failed to take police action,B-CD,"B - COMMAND DISCIPLINE, VACATION DAYS (5 day(s) )",allegation,
967138,1,01.Failed to make required entries in Department Logs.,OTHER,,allegation,
967138,2,01.Failed to timely activate body worn camera.,OTHER,,allegation,
967138,3,01.Violated patrol rules - failed to provide a business card,A-CD,A - COMMAND DISCIPLINE,allegation,
943429,1,"WHILE ON DUTY, HE USED A DEPARTMENT BATTERING RAM IN THE EXECUTION OF A PRACTICAL JOKE.",,VACATION DAYS (45 day(s) ),charge,PLEADED GUILTY
943429,1,"WHILE ON-DUTY,  AS RESULT OF A PRACTICAL JOKE HE CONDUCTED, CAUSED DAMAGE TO A BATHROOM DOOR LOCATED INSIDE OF A DEPARTMENT FACILITY.",,VACATION DAYS (45 day(s) ),charge,PLEADED GUILTY
943429,2,USED HIS PERSONAL VIDEO CAMERA TO RECORD THE EXECUTION OF A SEARCH WARRANT AND DID NOT HAVE THE PERMISSION OR AUTHORITY OF THE DEPARTMENT TO DO SO.,,VACATION DAYS (45 day(s) ),charge,PLEADED GUILTY
943429,2,FAILED TO DISCLOSE AND PROVIDE A COPY OF VIDEO RECORDINGS HE MADE OF THE EXECUTION OF SEARCH WARRANTS TO THE OFFICE OF THE DISTRICT ATTORNEY.,,VACATION DAYS (45 day(s) ),charge,PLEADED GUILTY
943429,3,FRISKED AN INDIVIDUAL WITHOUT SUFFICIENT LEGAL AUTHORITY.,,VACATION DAYS (3 day(s) ),charge,GUILTY
963087,1,01.Wrongfully threatened to remove an individual to the hospital.,B-CD,,allegation,
924014,1,IMPROPERLY SUPERVISED A VEHICLE PURSUIT,,VACATION DAYS (5 day(s) ),charge,GUILTY
954994,1,ABUSED HIS AUTHORITY IN THAT HE STOPPED A PERSON KNOWN TO THE DEPARTMENT WITHOUT SUFFICIENT LEGAL AUTHORITY.,,VACATION DAYS (18 day(s) ),charge,GUILTY
954994,1,WRONGFULLY USED FORCE IN THAT HE USED PHYSICAL FORCE BY PUNCHING A PERSON KNOWN TO THE DEPARTMENT ABOUT THE FACE WITHOUT POLICE NECCESSITY.,,VACATION DAYS (18 day(s) ),charge,GUILTY
954994,1,01.Violated patrol rules - refused to provide a business card,CHARGES AND SPECIFICATIONS,"A - COMMAND DISCIPLINE, VACATION DAYS (3 day(s) )",allegation,
954994,1,02.Violated patrol rules - refused to provide shield number,CHARGES AND SPECIFICATIONS,"A - COMMAND DISCIPLINE, VACATION DAYS (3 day(s) )",allegation,
954994,1,03.Wrongfully stopped an individual known to the Department.,CHARGES AND SPECIFICATIONS,"A - COMMAND DISCIPLINE, VACATION DAYS (3 day(s) )",allegation,
954994,2,01.Failed to activate their body worn camera.,OTHER,,allegation,
954994,2,02.Failed to make required entries in Department Logs.,OTHER,,allegation,
954994,2,03.Failed to prepare required reports.,OTHER,,allegation,
954994,3,01.Failed to make required entries in Department Logs.,OTHER,,allegation,
935098,1,Failed to safeguard a firearm.,,VACATION DAYS (20 day(s) ),charge,GUILTY
962518,1,01.Wrongfully discourteous to an individual known to the Department.,A-CD,,allegation,
945876,1,01.Violated patrol rules - failed to provide a business card,TRAINING,TRAINING,allegation,
940331,1,FAILED TO PROVIDE HIS SHIELD NUMBER WHEN REQUESTED TO DO SO BY A PERSON KNOWN TO THE DEPARTMENT.,,VACATION DAYS (1 day(s) ),charge,GUILTY
949158,1,Wrongful used physical force.,,"SUSPENDED W/O PAY (10 day(s) ), VACATION DAYS (10 day(s) )",charge,GUILTY
933751,1,WRONGFULLY AND WITHOUT JUST CAUSE WAS ABSENT FROM  ASSIGNED DUTIES,,VACATION DAYS (15 day(s) ),charge,GUILTY
933751,1,WRONGFULLY UTILIZED A DEPARTMENT VEHICLE WITHOUT PERMISSION,,VACATION DAYS (15 day(s) ),charge,GUILTY
959724,1,01.Failed to activate their body worn camera.,OTHER,,allegation,
959724,1,02.Failed to make required entries in Department Logs.,OTHER,,allegation,
963589,1,01.Improper search,INSTRUCTIONS,INSTRUCTIONS,allegation,
884130,1,Made computer inquiries unrelated to official Department business.,,VACATION DAYS (5 day(s) ),charge,PLEADED GUILTY
936849,1,possession of a forged instrument.,,"DISMISSAL PROBATION (12 month(s) ), RESTITUTION ($500), VACATION DAYS (60 day(s) )",charge,PLEADED GUILTY
936849,1,submission of a forged instrument.,,"DISMISSAL PROBATION (12 month(s) ), RESTITUTION ($500), VACATION DAYS (60 day(s) )",charge,PLEADED GUILTY
960753,1,01.Violated patrol rules - failed to provide a business card,A-CD,A - COMMAND DISCIPLINE,allegation,
960753,1,02.Violated patrol rules.,A-CD,A - COMMAND DISCIPLINE,allegation,
967566,1,01.Failed to activate their body worn camera.,OTHER,,allegation,
956793,1,WHILE OFF-DUTY WRONGFULLY CONSUMED AN INTOXICANT TO THE EXTENT THAT HE WAS UNFIT FOR DUTY.,,"COUNSELING, DISMISSAL PROBATION (12 month(s) ), ORDERED BREATH TESTING, PRE-TRIAL SUSPENSION DAYS (30 day(s) )",charge,GUILTY
956793,1,WHILE OFF-DUTY WRONGFULLY CONSUMED AN INTOXICANT TO THE EXTENT THAT SAID POLICE OFFICER WAS UNFIT FOR DUTY WHILE ARMED.,,"COUNSELING, DISMISSAL PROBATION (12 month(s) ), ORDERED BREATH TESTING, PRE-TRIAL SUSPENSION DAYS (30 day(s) )",charge,GUILTY
956793,1,WHILE OFF-DUTY FAILED AND NEGLECTED TO PROPERLY SAFEGUARD HIS FIREARM.,,"COUNSELING, DISMISSAL PROBATION (12 month(s) ), ORDERED BREATH TESTING, PRE-TRIAL SUSPENSION DAYS (30 day(s) )",charge,GUILTY
960754,1,01.Violated patrol rules.,B-CD,,allegation,
960754,1,02.Wrongfully discourteous.,B-CD,,allegation,
962519,1,01.Violated patrol rules - refused to provide name,A-CD,A - COMMAND DISCIPLINE,allegation,
959726,1,01.Failed to make required entries in Department Logs.,OTHER,,allegation,
959726,2,01.Violated patrol rules - failed to provide name,TRAINING,"A - COMMAND DISCIPLINE, VACATION DAYS (1 day(s) )",allegation,
958750,1,01.Wrongfully discourteous to an individual known to the Department.,A-CD,,allegation,
958750,2,01.Failed to follow proper firearm handling procedures resulting in a discharge,C-CD,"C - COMMAND DISCIPLINE, VACATION DAYS (15 day(s) )",allegation,
921461,1,01.Violated patrol rules.,A-CD,,allegation,
956794,1,Violated Department of Motor Vehicles rules.,,"DISMISSAL PROBATION (12 month(s) ), VACATION DAYS (85 day(s) )",charge,PLEADED GUILTY
956794,1,Violated Department of Motor Vehicles rules.,,"DISMISSAL PROBATION (12 month(s) ), VACATION DAYS (85 day(s) )",charge,PLEADED GUILTY
956794,2,Made computer inquiries unrelated to official Department business.,,"DISMISSAL PROBATION (12 month(s) ), VACATION DAYS (85 day(s) )",charge,PLEADED GUILTY
956794,2,Made or caused to be made false or inaccurate entries in Department records.,,"DISMISSAL PROBATION (12 month(s) ), VACATION DAYS (85 day(s) )",charge,PLEADED GUILTY
956794,2,Violated paid detail rules.,,"DISMISSAL PROBATION (12 month(s) ), VACATION DAYS (85 day(s) )",charge,PLEADED GUILTY
956794,2,Failed to make required entries in Department Logs - Activity Log.,,"DISMISSAL PROBATION (12 month(s) ), VACATION DAYS (85 day(s) )",charge,PLEADED GUILTY
938764,1,01.Computer misuse.,B-CD,"B - COMMAND DISCIPLINE, VACATION DAYS (2 day(s) )",allegation,
938764,1,02.Improper license cover plate on personal vehicle.,B-CD,"B - COMMAND DISCIPLINE, VACATION DAYS (2 day(s) )",allegation,
960756,1,01.Wrongfully used physical force.,B-CD,TRAINING,allegation,
960756,2,01.Wrongfully discourteous to an individual known to the Department.,A-CD,"B - COMMAND DISCIPLINE, VACATION DAYS (1 day(s) )",allegation,
944699,1,"SAID DETECTIVE, WAS LATE TO, WAS ABSENT FROM, OR LEFT EARLY FROM HIS ASSIGNMENT, WITHOUT PERMISSION OR POLICE NECESSITY, ON APPROXIMATELY TWENTY-FOUR (24) OCCASIONS",,"DEDUCTION OF PENSIONABLE TIME, FORFEITURE OF TIME/LEAVE BALANCES, RESTITUTION ($216), VACATION DAYS (20 day(s) )",charge,GUILTY
944699,1,"SAID DETECTIVE, ON APPROXIMATELY THIRTY-FIVE (35) OCCASIONS, WRONGFULLY MADE INACCURATE ENTRIES IN DEPARTMENT RECORDS",,"DEDUCTION OF PENSIONABLE TIME, FORFEITURE OF TIME/LEAVE BALANCES, RESTITUTION ($216), VACATION DAYS (20 day(s) )",charge,GUILTY
944699,1,"SAID DETECTIVE,  ON APPROXIMATELY FORTY-FIVE (45) DATES, WRONGFULLY MADE INACCURATE ENTRIES IN A SIGN IN/SIGN OUT LOG OR HIS ACTIVITY LOG.",,"DEDUCTION OF PENSIONABLE TIME, FORFEITURE OF TIME/LEAVE BALANCES, RESTITUTION ($216), VACATION DAYS (20 day(s) )",charge,GUILTY
944699,1,"SAID DETECTIVE, WRONGFULLY FAILED TO PROPERLY SAFEGUARD HIS ACTIVITY LOG.",,"DEDUCTION OF PENSIONABLE TIME, FORFEITURE OF TIME/LEAVE BALANCES, RESTITUTION ($216), VACATION DAYS (20 day(s) )",charge,GUILTY
957734,1,01.Wrongful entry of a premises.,A-CD,,allegation,
957734,1,02.Wrongfully threatened to arrest an individual known to the Department.,A-CD,,allegation,
964592,1,01.Violated patrol rules - failed to provide a business card,A-CD,"A - COMMAND DISCIPLINE, VACATION DAYS (1 day(s) )",allegation,
956796,1,"01.Failed to safeguard a prisoner.
Poor performance.",C-CD,"B - COMMAND DISCIPLINE, VACATION DAYS (10 day(s) )",allegation,
968540,1,01.Wrongfully discourteous to an individual known to the Department.,B-CD,"B - COMMAND DISCIPLINE, VACATION DAYS (5 day(s) )",allegation,
968540,1,02.Wrongfully searched a vehicle.,B-CD,"B - COMMAND DISCIPLINE, VACATION DAYS (5 day(s) )",allegation,
938768,1,"WHILE ON-DUTY, WAS DISCOURTEOUS TO NEW YORK CITY POLICE LIEUTENANT",,VACATION DAYS (10 day(s) ),charge,GUILTY
959732,1,01.Wrongfully threatened to arrest an individual known to the Department.,B-CD,"B - COMMAND DISCIPLINE, VACATION DAYS (5 day(s) )",allegation,
959732,2,01.Wrongfully discourteous to an individual known to the Department.,A-CD,,allegation,
947133,1,DID WRONGFULLY OPERATE A MOTOR VEHICLE WHILE HAVING A .17 OF ONE PER CENTUM OR MORE BY WEIGHT OF ALCOHOL IN HIS BLOOD.,,"COUNSELING, DISMISSAL PROBATION (12 month(s) ), ORDERED BREATH TESTING, PRE-TRIAL SUSPENSION DAYS (31 day(s) ), VACATION DAYS (9 day(s) )",charge,GUILTY
947133,1,DID WRONGFULLY OPERATE A MOTOR VEHICLE WHILE HIS ABILITY WAS IMPAIRED BY THE CONSUMPTION OF ALCOHOL.,,"COUNSELING, DISMISSAL PROBATION (12 month(s) ), ORDERED BREATH TESTING, PRE-TRIAL SUSPENSION DAYS (31 day(s) ), VACATION DAYS (9 day(s) )",charge,GUILTY
947133,1,DID WRONGFULLY CONSUME AN INTOXICANT TO THE EXTENT THAT HE WAS UNFIT FOR DUTY.,,"COUNSELING, DISMISSAL PROBATION (12 month(s) ), ORDERED BREATH TESTING, PRE-TRIAL SUSPENSION DAYS (31 day(s) ), VACATION DAYS (9 day(s) )",charge,GUILTY
947133,1,DID WRONGFULLY CONSUME AN INTOXICANT TO THE ENTENT THAT SAID POLICE OFFICER WAS UNFIT FOR DUTY WHILE ARMED.,,"COUNSELING, DISMISSAL PROBATION (12 month(s) ), ORDERED BREATH TESTING, PRE-TRIAL SUSPENSION DAYS (31 day(s) ), VACATION DAYS (9 day(s) )",charge,GUILTY
943439,1,Failed to make proper notifications.,,"COUNSELING, DISMISSAL PROBATION (12 month(s) ), ORDERED BREATH TESTING, PRE-TRIAL SUSPENSION DAYS (29 day(s) ), SUSPENDED W/O PAY (16 day(s) ), VACATION DAYS (20 day(s) )",charge,GUILTY
943439,1,Failed to make proper notifications.,,"COUNSELING, DISMISSAL PROBATION (12 month(s) ), ORDERED BREATH TESTING, PRE-TRIAL SUSPENSION DAYS (29 day(s) ), SUSPENDED W/O PAY (16 day(s) ), VACATION DAYS (20 day(s) )",charge,GUILTY
943439,1,Operated a motor vehicle while their ability was impaired.,,"COUNSELING, DISMISSAL PROBATION (12 month(s) ), ORDERED BREATH TESTING, PRE-TRIAL SUSPENSION DAYS (29 day(s) ), SUSPENDED W/O PAY (16 day(s) ), VACATION DAYS (20 day(s) )",charge,GUILTY
943439,1,Unfit for duty while armed.,,"COUNSELING, DISMISSAL PROBATION (12 month(s) ), ORDERED BREATH TESTING, PRE-TRIAL SUSPENSION DAYS (29 day(s) ), SUSPENDED W/O PAY (16 day(s) ), VACATION DAYS (20 day(s) )",charge,GUILTY
938772,1,"WHILE ON-DUTY, FAILED AND NEGLECTED TO PREPARE OR DIRECT THE PREPARATION OF A COMPLAINT REPORT WORKSHEET",,VACATION DAYS (30 day(s) ),charge,GUILTY
938772,1,"WHILE ON-DUTY,  WRONGFULLY FAILED TO SUPERVISE PROPERLY POLICE OFFICERS UNDER HIS DIRECT SUPERVISION REGARDING THE HANDLING AND INVESTIGATION OF AN ASSIGNMENT INVOLVING AN ALLEGED ASSAULT AND A VEHICLE COLLISION",,VACATION DAYS (30 day(s) ),charge,GUILTY
938772,1,"HAVING BECOME AWARE OF AN ALLEGATION OF MISCONDUCT, WRONGFULLY FAILED TO REPORT SAID ALLEGATION TO THE INTERNAL AFFAIRS BUREAU",,VACATION DAYS (30 day(s) ),charge,GUILTY
938772,1,"WHILE ON DUTY,  WRONGFULLY FAILED AND NEGLECTED TO MAKE ACTIVITY LOG ENTRIES",,VACATION DAYS (30 day(s) ),charge,GUILTY
938772,2,"WHILE ON DUTY, WRONGFULLY FAILED TO PREPARE AND/OR SUBMIT OR ENSURE THE PREPARATION AND/OR SUBMISSION OF AN ACCIDENT REPORT - CITY INVOLVED AND/OR AN AIDED REPORT",,VACATION DAYS (30 day(s) ),charge,GUILTY
938772,2,"WHILE ON-DUTY,  WRONGFULLY FAILED TO FOLLOW THE PROPER DEPARTMENT PROCEDURES AND/OR FAILED TO SUPERVISE PROPERLY POLICE OFFICERS UNDER HIS DIRECT SUPERVISION REGARDING THE HANDLING OF AN ASSIGNMENT INVOLVING AN EMOTIONALLY DISTURBED PERSON AND/OR BARRICADED PERSON",,VACATION DAYS (30 day(s) ),charge,GUILTY
938772,2,"WHILE ON-DUTY, HE ENTERED A LOCATION KNOWN TO THE DEPARTMENT WITHOUT SUFFICIENT LEGAL AUTHORITY",,VACATION DAYS (30 day(s) ),charge,GUILTY
938772,1,01.Wrongful seizure of a person's property.,A-CD,,allegation,
965241,1,01.Wrongfully discourteous to an individual known to the Department.,A-CD,A - COMMAND DISCIPLINE,allegation,
954022,1,01.Violated patrol rules.,A-CD,,allegation,
964092,1,Violated patrol rules.,,VACATION DAYS (1 day(s) ),charge,GUILTY
947132,1,01.Wrongful entry of a premises.,CHARGES AND SPECIFICATIONS,,allegation,
947132,1,02.Wrongful search of a premises.,CHARGES AND SPECIFICATIONS,,allegation,
947132,1,03.Wrongfully damaged property.,CHARGES AND SPECIFICATIONS,,allegation,
947132,1,04.Wrongfully threatened to damage property.,CHARGES AND SPECIFICATIONS,,allegation,
948366,1,WHILE OFF DUTY WRONGFULLY ENGAGED IN A PHYSICAL ALTERCATION WITH AN INDIVIDUAL KNOWN TO THE DEPARTMENT.,,"PRE-TRIAL SUSPENSION DAYS (30 day(s) ), RESTORATION OF SUSPENSION DAYS (20 day(s) )",charge,GUILTY
943441,1,"WHILE ON-DUTY FAILED AND NEGLECTED TO SAFEGUARD A PRISONER, RESULTING IN THE LOSS OF SAID PRISONER.",,VACATION DAYS (25 day(s) ),charge,GUILTY
943441,1,WHILE ON-DUTY FAILED TO SAFEGUARD A DEPARTMENT VEHICLE.,,VACATION DAYS (25 day(s) ),charge,GUILTY
943441,2,Offered/Caused a false instrument to be filed.,,VACATION DAYS (20 day(s) ),charge,GUILTY
924028,1,"WHILE ON-DUTY, APPROVED/VERIFIED AN ARREST REPORT AND COMPLAINT REPORT THAT CONTAINED FALSE AND/OR INACCURATE NARRATIVES",,"INSTRUCTIONS, VACATION DAYS (15 day(s) )",charge,GUILTY
924028,2,"WHILE ON-DUTY, AUTHORIZED A STRIP SEARCH OF A PERSON KNOWN TO THE DEPARTMENT WITHOUT SUFFICIENT LEGAL AUTHORITY.",,VACATION DAYS (10 day(s) ),charge,GUILTY
957739,1,01.Violated patrol rules.,A-CD,,allegation,
960762,1,01.Wrongfully discourteous to an individual known to the Department.,B-CD,,allegation,
963096,1,01.Failed to prepare required reports.,B-CD,,allegation,
956803,1,01.Failed to activate body-worn camera.,TRAINING,TRAINING,allegation,
943444,1,01.Wrongful removal to a hospital.,NO DISCIPLINARY ACTION,,allegation,
917826,1,"01.""Rate-Jumping""",CHARGES AND SPECIFICATIONS,"C - COMMAND DISCIPLINE, VACATION DAYS (8 day(s) )",allegation,
958766,1,Involved in a physical altercation.,,"COUNSELING, DISMISSAL PROBATION (0 month(s) ), VACATION DAYS (45 day(s) )",charge,GUILTY
958766,1,Involved in a physical altercation.,,"COUNSELING, DISMISSAL PROBATION (0 month(s) ), VACATION DAYS (45 day(s) )",charge,GUILTY
958766,1,Failed to make proper notifications.,,"COUNSELING, DISMISSAL PROBATION (0 month(s) ), VACATION DAYS (45 day(s) )",charge,GUILTY
946506,1,01.Violated patrol rules - failed to provide a business card,TRAINING,"A - COMMAND DISCIPLINE, VACATION DAYS (1 day(s) )",allegation,
946506,1,02.Wrongfully discourteous to an individual known to the Department.,NO DISCIPLINARY ACTION,"A - COMMAND DISCIPLINE, VACATION DAYS (1 day(s) )",allegation,
946506,1,03.Wrongfully frisked an individual known to the Department.,NO DISCIPLINARY ACTION,"A - COMMAND DISCIPLINE, VACATION DAYS (1 day(s) )",allegation,
925811,1,01.Wrongfully threatened to arrest an individual known to the Department.,NO DISCIPLINARY ACTION,,allegation,
925811,2,01.Wrongfully discourteous to an individual known to the Department.,A-CD,,allegation,
966138,1,01.Wrongful entry of a premises.,A-CD,A - COMMAND DISCIPLINE,allegation,
966138,1,02.Wrongful search of a premises.,A-CD,A - COMMAND DISCIPLINE,allegation,
964096,1,01.Wrongfully discourteous to an individual known to the Department.,A-CD,,allegation,
942016,1,"WHILE ON-DUTY, FAILED TO SIGN IN/OUT OF THE PRECINCT COMMAND LOG.",,"DISMISSAL PROBATION (12 month(s) ), VACATION DAYS (40 day(s) )",charge,GUILTY
942016,1,"WHILE ON-DUTY, FAILED TO SIGN THE INTERRUPTED PATROL LOG IN HIS CAPACITY AS THE DESK SERGEANT.",,"DISMISSAL PROBATION (12 month(s) ), VACATION DAYS (40 day(s) )",charge,GUILTY
942016,1,"WHILE ON-DUTY, FAILED TO SUPERVISE.",,"DISMISSAL PROBATION (12 month(s) ), VACATION DAYS (40 day(s) )",charge,GUILTY
942016,1,"WHILE ON-DUTY, FAILED TO MAKE ACCURATE AND CONCISE ENTRIES IN DEPARTMENT RECORDS.",,"DISMISSAL PROBATION (12 month(s) ), VACATION DAYS (40 day(s) )",charge,GUILTY
942016,1,"WHILE ON-DUTY, FAILED TO SIGN THE RETURN ROLL CALL LOG AT THE END OF HIS TOUR.",,"DISMISSAL PROBATION (12 month(s) ), VACATION DAYS (40 day(s) )",charge,GUILTY
942016,1,"WHILE ON-DUTY, WAS ABSENT FROM SAID ASSIGNMENT WITHOUT PERMISSION OR POLICE NECESSITY AND FAILED TO SUBMIT A LEAVE OF ABSENCE REPORT.",,"DISMISSAL PROBATION (12 month(s) ), VACATION DAYS (40 day(s) )",charge,GUILTY
942016,1,"WHILE ON-DUTY, ENGAGED IN PERSONAL BUSINESS INSIDE OF THE STATIONHOUSE WITH ANOTHER MEMBER OF SERVICE.",,"DISMISSAL PROBATION (12 month(s) ), VACATION DAYS (40 day(s) )",charge,GUILTY
942016,1,"WHILE ON-DUTY, FAILED TO ANSWER QUESTIONS SPECIFICALLY DIRECTED AND NARROWLY RELATED TO HIS OFFICIAL DUTIES.",,"DISMISSAL PROBATION (12 month(s) ), VACATION DAYS (40 day(s) )",charge,GUILTY
942016,1,01.Violated patrol rules - failed to provide business card,TRAINING,TRAINING,allegation,
942016,2,01.Wrongfully discourteous to an individual known to the Department.,A-CD,A - COMMAND DISCIPLINE,allegation,
952940,1,FAILED TO COMPLY WITH AN ORDER.,,PRE-TRIAL SUSPENSION DAYS (30 day(s) ),charge,GUILTY
950695,1,01.Failed to take police action/render police services.,A-CD,,allegation,
924034,1,FAILED TO ENSURE THAT ARREST PAPERWORK WAS PROPERLY COMPLETED.,,VACATION DAYS (20 day(s) ),charge,GUILTY
924034,1,FAILED TO PROPERLY DOCUMENT IN DEPARTMENT RECORDS THAT AN ARREST WAS TRANSFERRED FROM ONE POLICE OFFICER TO ANOTHER.,,VACATION DAYS (20 day(s) ),charge,GUILTY
955019,1,01.Wrongfully discourteous.,A-CD,,allegation,
955019,2,01.Failed to make required entries in Department Logs.,OTHER,,allegation,
949174,1,01.Wrongful removal to a hospital.,A-CD,,allegation,
969864,1,01.Failure to respond to overdose incident,B-CD,INSTRUCTIONS,allegation,
960769,1,01.Violated patrol rules - failed to provide a business card,A-CD,A - COMMAND DISCIPLINE,allegation,
964098,1,"01.Failed to make proper notifications (Patrol Supervisor, IAB, Desk Sergeant, Sick Desk Supervisor, ACS, Commanding Officer if PPO, Operations Unit, CCRB, etc.).",B-CD,A - COMMAND DISCIPLINE,allegation,
964098,1,"01.Failed to make required entries in Department Logs (Command Log, Roll Call, Activity Log, Vehicle Movement/Utilization, Radio Log, Vehicle Assignment, DV Activity Log).",B-CD,A - COMMAND DISCIPLINE,allegation,
964098,1,02.Wrongful removal to a hospital,B-CD,A - COMMAND DISCIPLINE,allegation,
930498,1,01.Wrongful entry of a premises.,B-CD,,allegation,
930498,1,02.Wrongful search of a premises.,B-CD,,allegation,
942021,1,01.Failed to make required entries in Department Logs.,OTHER,,allegation,
942021,2,01.Wrongfully discourteous to an individual known to the Department.,B-CD,,allegation,
954028,1,WAS OUT OF RESIDENCE WHILE ON SICK REPORT WITHOUT THE PERMISSION OF HER DISTRICT SURGEON OR SICK DESK SUPERVISOR.,,VACATION DAYS (10 day(s) ),charge,GUILTY
952946,1,Criminal Trespass,,"COUNSELING, DISMISSAL PROBATION (12 month(s) ), PRE-TRIAL SUSPENSION DAYS (31 day(s) ), VACATION DAYS (34 day(s) )",charge,PLEADED GUILTY
952946,1,Criminal Mischief.,,"COUNSELING, DISMISSAL PROBATION (12 month(s) ), PRE-TRIAL SUSPENSION DAYS (31 day(s) ), VACATION DAYS (34 day(s) )",charge,PLEADED GUILTY
952946,1,Involved in a physical altercation.,,"COUNSELING, DISMISSAL PROBATION (12 month(s) ), PRE-TRIAL SUSPENSION DAYS (31 day(s) ), VACATION DAYS (34 day(s) )",charge,PLEADED GUILTY
952946,1,Endangered the welfare of a child.,,"COUNSELING, DISMISSAL PROBATION (12 month(s) ), PRE-TRIAL SUSPENSION DAYS (31 day(s) ), VACATION DAYS (34 day(s) )",charge,PLEADED GUILTY
952946,1,"Failed to remain at the scene of an off-duty incident.
Failed to make proper notifications (Patrol Supervisor",,"COUNSELING, DISMISSAL PROBATION (12 month(s) ), PRE-TRIAL SUSPENSION DAYS (31 day(s) ), VACATION DAYS (34 day(s) )",charge,PLEADED GUILTY
952946,1,Misused Department electronics (smartphone),,"COUNSELING, DISMISSAL PROBATION (12 month(s) ), PRE-TRIAL SUSPENSION DAYS (31 day(s) ), VACATION DAYS (34 day(s) )",charge,PLEADED GUILTY
949176,1,01.Wrongful removal to a hospital.,A-CD,A - COMMAND DISCIPLINE,allegation,
949178,1,01.Unofficial inquiries in the Department computer.,C-CD,"C - COMMAND DISCIPLINE, VACATION DAYS (5 day(s) )",allegation,
936886,1,Failed to supervise while on-duty.,,"DISMISSAL PROBATION (12 month(s) ), SUSPENDED W/O PAY (5 day(s) ), VACATION DAYS (45 day(s) )",charge,GUILTY
936886,1,Failed to make proper notifications while on duty.,,"DISMISSAL PROBATION (12 month(s) ), SUSPENDED W/O PAY (5 day(s) ), VACATION DAYS (45 day(s) )",charge,GUILTY
936886,1,Failed to properly prepare a property invoice worksheet while on duty.,,"DISMISSAL PROBATION (12 month(s) ), SUSPENDED W/O PAY (5 day(s) ), VACATION DAYS (45 day(s) )",charge,GUILTY
936886,1,Made misleading statements during an official Department interview.,,"DISMISSAL PROBATION (12 month(s) ), SUSPENDED W/O PAY (5 day(s) ), VACATION DAYS (45 day(s) )",charge,GUILTY
954029,1,01.Failed to timely activate their body worn camera.,OTHER,,allegation,
944709,1,01.Wrongfully discourteous to an individual known to the Department.,CHARGES AND SPECIFICATIONS,,allegation,
924040,1,01.Violated patrol rules - failed to provide a business card,TRAINING,TRAINING,allegation,
946604,1,01.Wrongful entry of a premises.,TRAINING,TRAINING,allegation,
968548,1,01.Obstructed Shield Number,A-CD,"A - COMMAND DISCIPLINE, VACATION DAYS (1 day(s) )",allegation,
968548,1,02.Refused to provide shield number,A-CD,"A - COMMAND DISCIPLINE, VACATION DAYS (1 day(s) )",allegation,
954031,1,Failed to make proper notifications.,,"DISMISSAL PROBATION (12 month(s) ), VACATION DAYS (35 day(s) )",charge,GUILTY
954031,1,Made misleading or inaccurate statements during an official Department interview.,,"DISMISSAL PROBATION (12 month(s) ), VACATION DAYS (35 day(s) )",charge,GUILTY
961535,1,01.Deployed a Taser outside Department guidelines.,CHARGES AND SPECIFICATIONS,,allegation,
950705,1,01.Violated patrol rules - failed to provide a business card,TRAINING,TRAINING,allegation,
954032,1,USED PHYSICAL FORCE AGAINST A PERSON KNOWN TO THE DEPARTMENT WITHUT HAVING A JUSTIFIED REASON TO DO SO.,,VACATION DAYS (15 day(s) ),charge,GUILTY
954032,1,WAS DISCOURTEOUS TO A PERSON KNOWN TO THE DEPARTMENT.,,VACATION DAYS (15 day(s) ),charge,GUILTY
954032,1,FRISKED A PERSON KNOWN T THE DEPARTMENT WITHOUT HAVING A JUSTIFIED REASON TO DO SO.,,VACATION DAYS (15 day(s) ),charge,GUILTY
954032,1,SEARCHED A PERSON KNOWN TO THE DEPARTMENT WITHOUT HAVING A JUSTIFIED REASON TO DO SO.,,VACATION DAYS (15 day(s) ),charge,GUILTY
954032,1,WRONGFULLY TOOK PROPERTY FROM A PERSON KNOWN TO THE DEPARTMENT.,,VACATION DAYS (15 day(s) ),charge,GUILTY
954032,1,WAS DISCOURTEOUS TO A PERSON KNOWN TO THE DEPARTMENT.,,VACATION DAYS (15 day(s) ),charge,GUILTY
954032,1,WAS DISCOURTEOUS AND USED PROFANITY TO A PERSON KNOWN TO THE DEPARTMENT.,,VACATION DAYS (15 day(s) ),charge,GUILTY
954032,1,USED PROFANITY AND WAS DISCOURTEOUS TO A PERSON KNOWN TO THE DEPARTMENT.,,VACATION DAYS (15 day(s) ),charge,GUILTY
954032,1,MADE OFFENSIVE REMARKS TO A PERSON KNOWN TO THE DEPARTMENT.,,VACATION DAYS (15 day(s) ),charge,GUILTY
954032,1,WRONGFULLY THREATENED TO ARREST A PERSON KNOWN TO THE DEPARTMENT.,,VACATION DAYS (15 day(s) ),charge,GUILTY
954032,2,WAS DISCOURTEOUS AND USED PROFANITY TO A PERSON KNOWN TO THE DEPARTMENT WITHOUT SUFFICIENT LEGAGL AUTHORITY.,,VACATION DAYS (5 day(s) ),charge,GUILTY
954032,2,WAS DISCOURTEOUS IN THAT HE STUCK HIS TONGUE OUT AT A PERSON KNOWN TO THE DEPARTMENT.,,VACATION DAYS (5 day(s) ),charge,GUILTY
957749,1,01.Wrongfully discourteous to an individual known to the Department.,B-CD,,allegation,
957749,1,02.Wrongfully used physical force.,B-CD,,allegation,
947142,1,Involved in a Verbal Altercation,,"COUNSELING, DISMISSAL PROBATION (12 month(s) ), PRE-TRIAL SUSPENSION DAYS (30 day(s) ), VACATION DAYS (10 day(s) )",charge,PLEADED GUILTY
936890,1,01.Violated patrol rules.,A-CD,,allegation,
949185,1,01.Wrongfully arrested an individual known to the Department.,CHARGES AND SPECIFICATIONS,"B - COMMAND DISCIPLINE, VACATION DAYS (10 day(s) )",allegation,
957798,1,01.Made computer inquiries unrelated to official Department business.,INSTRUCTIONS,INSTRUCTIONS,allegation,
966143,1,01.Wrongfully discourteous to an individual known to the Department.,A-CD,"A - COMMAND DISCIPLINE, VACATION DAYS (1 day(s) )",allegation,
966143,1,02.Wrongfully used physical force.,NO DISCIPLINARY ACTION,"A - COMMAND DISCIPLINE, VACATION DAYS (1 day(s) )",allegation,
958781,1,01.Wrongfully issued a summons to an individual known to the Department.,B-CD,"B - COMMAND DISCIPLINE, VACATION DAYS (10 day(s) )",allegation,
948065,1,01.Failed to notify the radio dispatcher about a vehicle pursuit.,CHARGES AND SPECIFICATIONS,"C - COMMAND DISCIPLINE, VACATION DAYS (18 day(s) )",allegation,
948065,1,02.Failed to supervise.,CHARGES AND SPECIFICATIONS,"C - COMMAND DISCIPLINE, VACATION DAYS (18 day(s) )",allegation,
948065,1,03.Failed to timely activate their body-worn camera.,CHARGES AND SPECIFICATIONS,"C - COMMAND DISCIPLINE, VACATION DAYS (18 day(s) )",allegation,
934925,1,OFF-DUTY EMPLOYMENT WITHOUT PERMISSION OF THE DEPARTMENT.,,VACATION DAYS (35 day(s) ),charge,GUILTY
934925,1,FAILED TO RESIDE WITHIN THE CITY OF NEW YORK OR RESIDENCE COUNTIES AS REQUIRED.,,VACATION DAYS (35 day(s) ),charge,GUILTY
954036,1,FAILED TO REMAIN AT THE SCENE OF AN OFF DUTY INCIDENT AND REQUEST THE RESPONSE OF A PATROL SUPERVISOR.,,VACATION DAYS (15 day(s) ),charge,GUILTY
954036,1,FAILED TO IDENTIFY HIMSELF AS A MEMBER OF SERVICE IN AN INCIDENT HE WAS INVOLVED IN TO UNIFORM OFFICERS.,,VACATION DAYS (15 day(s) ),charge,GUILTY
951892,1,01.Wrongfully deactivated their body-worn camera.,TRAINING,TRAINING,allegation,
961874,1,01.Violated patrol rules.,TRAINING,TRAINING,allegation,
961874,2,01.Wrongfully deactivated their body worn camera.,OTHER,TRAINING,allegation,
965775,1,01.Wrongful entry of a premises.,TRAINING,,allegation,
935140,1,FAILED TO PROPERLY VOUCHER PROPERTY.,,VACATION DAYS (17 day(s) ),charge,GUILTY
935140,1,OMITTED ENTRIES IN MEMO BOOK.,,VACATION DAYS (17 day(s) ),charge,GUILTY
967153,1,01.Violated patrol rules.,TRAINING,TRAINING,allegation,
967153,1,02.Wrongful entry of a premises.,TRAINING,TRAINING,allegation,
952957,1,"WHILE OFF-DUTY, FAILED TO SAFEGUARD HIS DEPARTMENT FIREARM BY LEAVING IT UNATTENDED IN A PUBLIC BATHROOM AND FAILED TO REPORT SAID LOSS.",,VACATION DAYS (25 day(s) ),charge,GUILTY
952957,1,"WHILE ON-DUTY, FAILED TO ASSIGN A NON-EMERGENCY CALL THAT HE RECEIVED AND FAILED TO ENTER SAID CALL IN THE TELEPHONE DISPATCH LOG, AS REQUIRED.",,VACATION DAYS (25 day(s) ),charge,GUILTY
952957,1,FAILED TO SAFEGUARD HIS DEPARTMENT RADIO AND FAILED TO REPORT SAID LOSS TO HIS COMMANDING OFFICER OR PREPARE A COMPLAINT REPORT WITH THE INTERNAL AFFAIRS BUREAU.,,VACATION DAYS (25 day(s) ),charge,GUILTY
945892,1,Made inappropriate comments.,,"DISMISSAL PROBATION (12 month(s) ), VACATION DAYS (40 day(s) )",charge,GUILTY
945892,1,Made inappropriate comments.,,"DISMISSAL PROBATION (12 month(s) ), VACATION DAYS (40 day(s) )",charge,GUILTY
945892,1,Made improper contact/communications (texts).,,"DISMISSAL PROBATION (12 month(s) ), VACATION DAYS (40 day(s) )",charge,GUILTY
945892,1,Made inappropriate comments.,,"DISMISSAL PROBATION (12 month(s) ), VACATION DAYS (40 day(s) )",charge,GUILTY
945892,1,Made improper contact/communications (texts).,,"DISMISSAL PROBATION (12 month(s) ), VACATION DAYS (40 day(s) )",charge,GUILTY
954037,1,Failed to safeguard his firearm.,,VACATION DAYS (25 day(s) ),charge,PLEADED GUILTY
954037,1,Failed to timely make proper notifications.,,VACATION DAYS (25 day(s) ),charge,PLEADED GUILTY
940350,1,"WHILE OFF-DUTY, FAILED TO FOLLOW THE DIRECTIONS GIVEN BY POLICE OFFICERS FROM SOUTH BLOOMING GROVE POLICE DEPARTMENT DURING AN INVESTIGATION.",,"COUNSELING, PRE-TRIAL SUSPENSION DAYS (33 day(s) )",charge,GUILTY
940350,1,"WHILE OFF-DUTY, DID INTENTIONALLY PREVENT OR ATTEMPT TO PREVENT A POLICE OFFICER FROM EFFECTING AN AUTHORIZED ARREST OF HIMSELF OR ANOTHER PERSON.",,"COUNSELING, PRE-TRIAL SUSPENSION DAYS (33 day(s) )",charge,GUILTY
940350,1,"WHILE OFF-DUTY, ENGAGED IN A PHYSICAL ALTERCATION WITH A PERSON KNOWN TO THE DEPARTMENT.",,"COUNSELING, PRE-TRIAL SUSPENSION DAYS (33 day(s) )",charge,GUILTY
940350,1,"WHILE OFF-DUTY, OFFICER FORCIBLY REMOVED PROPERTY FROM A PERSON KNOWN TO THE DEPARTMENT.",,"COUNSELING, PRE-TRIAL SUSPENSION DAYS (33 day(s) )",charge,GUILTY
938803,1,01.Violated patrol rules.,A-CD,"A - COMMAND DISCIPLINE, FORFEITURE OF TIME/LEAVE BALANCES",allegation,
935149,1,"FAILURE TO PREPARE A STOP, QUESTION AND FRISK REPORT.",,VACATION DAYS (5 day(s) ),charge,GUILTY
935149,1,"FAILURE TO PREPARE A STOP, QUESTION AND FRISK REPORT.",,VACATION DAYS (5 day(s) ),charge,GUILTY
935149,1,IMPROPER STOP OF A PERSON WITHOUT SUFFICIENT LEGAL AUTHORITY.,,VACATION DAYS (5 day(s) ),charge,NOLO CONTENDRE
935149,1,IMPROPER STOP OF A PERSON WITHOUT SUFFICIENT LEGAL AUTHORITY.,,VACATION DAYS (5 day(s) ),charge,NOLO CONTENDRE
935149,1,FAILURE TO MAKE ENTRIES IN ACTIVITY LOG.,,VACATION DAYS (5 day(s) ),charge,GUILTY
935149,1,FAILURE TO SAFEGUARD PROPERTY.,,VACATION DAYS (5 day(s) ),charge,GUILTY
941282,1,"01.Failed to complete a Threat, Resistance, or Injury
Report",OTHER,TRAINING,allegation,
941282,1,02.Improper Use of Body Worn Camera,OTHER,TRAINING,allegation,
941282,1,03.Improper entry of a premise,TRAINING,TRAINING,allegation,
941282,2,01.Made false statements during a Civilian Complaint Review Board interview.,TRAINING,INSTRUCTIONS,allegation,
941282,3,01.Failed to make required entries in Department Logs.,OTHER,,allegation,
941282,4,01.Wrongfully frisked an individual known to the Department.,A-CD,,allegation,
960778,1,01.Failed to activate their body worn camera.,A-CD,"A - COMMAND DISCIPLINE, TRAINING",allegation,
925573,1,WRONGFULLY OPERATED A MOTOR VEHICLE WHILE UNDER THE INFLUENCE OF AN INTOXICANT.,,"COUNSELING, DISMISSAL PROBATION (12 month(s) ), ORDERED BREATH TESTING, SUSPENDED W/O PAY (30 day(s) ), VACATION DAYS (30 day(s) )",charge,GUILTY
925573,1,WRONGFULLY OPERATED A MOTOR VEHICLE WHILE HIS ABILITY TO DRIVE WAS IMPAIRED BY AN INTOXICANT.,,"COUNSELING, DISMISSAL PROBATION (12 month(s) ), ORDERED BREATH TESTING, SUSPENDED W/O PAY (30 day(s) ), VACATION DAYS (30 day(s) )",charge,GUILTY
925573,1,WRONGFULLY CONSUMED AN INTOXICANT TO THE EXTENT THAT SAID POLICE OFFICER WAS UNFIT FOR DUTY.,,"COUNSELING, DISMISSAL PROBATION (12 month(s) ), ORDERED BREATH TESTING, SUSPENDED W/O PAY (30 day(s) ), VACATION DAYS (30 day(s) )",charge,GUILTY
925573,1,WAS UNFIT FOR DUTY WHILE ARMED.,,"COUNSELING, DISMISSAL PROBATION (12 month(s) ), ORDERED BREATH TESTING, SUSPENDED W/O PAY (30 day(s) ), VACATION DAYS (30 day(s) )",charge,GUILTY
964104,1,01.Failed to make required entries in Department Logs.,NO DISCIPLINARY ACTION,,allegation,
945224,1,USED EXCESSIVE FORCE IN THAT HE UNNECESSARILY USED PEPPER SPRAY AGAINST INDIVIDUALS.,,VACATION DAYS (10 day(s) ),charge,GUILTY
955036,1,01.Activity Log violation.,B-CD,"B - COMMAND DISCIPLINE, VACATION DAYS (5 day(s) )",allegation,
955036,1,02.Failure to safeguard prisoner property.,B-CD,"B - COMMAND DISCIPLINE, VACATION DAYS (5 day(s) )",allegation,
943457,1,"Failed to conduct an investigation.
Failed to take police action/render police services.
Failed to make proper notifications.
Failed to make required entries in Department Logs.
Failed to prepare required reports.",,VACATION DAYS (35 day(s) ),charge,PLEADED GUILTY
943457,1,Failed to prepare required reports.,,VACATION DAYS (35 day(s) ),charge,PLEADED GUILTY
943457,1,Wrongfully deactivated his body-worn camera.,,VACATION DAYS (35 day(s) ),charge,PLEADED GUILTY
943457,1,Made or caused to be made false or inaccurate entries in Department records.,,VACATION DAYS (35 day(s) ),charge,PLEADED GUILTY
938806,1,01.Wrongfully discourteous to an individual known to the department.,CHARGES AND SPECIFICATIONS,"B - COMMAND DISCIPLINE, VACATION DAYS (5 day(s) )",allegation,
938806,1,02.Wrongfully threatened to remove an individual to the hospital.,CHARGES AND SPECIFICATIONS,"B - COMMAND DISCIPLINE, VACATION DAYS (5 day(s) )",allegation,
938806,1,03.Wrongfully used offensive language.,CHARGES AND SPECIFICATIONS,"B - COMMAND DISCIPLINE, VACATION DAYS (5 day(s) )",allegation,
938806,2,01.Wrongfully discourteous to an individual known to the Department.,A-CD,"A - COMMAND DISCIPLINE, VACATION DAYS (1 day(s) )",allegation,
964106,1,01.Violated patrol rules - failed to provide a business card,CHARGES AND SPECIFICATIONS,"A - COMMAND DISCIPLINE, TRAINING, VACATION DAYS (1 day(s) )",allegation,
964106,1,02.Wrongfully discourteous to an individual known to the Department.,CHARGES AND SPECIFICATIONS,"A - COMMAND DISCIPLINE, TRAINING, VACATION DAYS (1 day(s) )",allegation,
964106,1,03.Wrongfully searched an individual known to the Department.,CHARGES AND SPECIFICATIONS,"A - COMMAND DISCIPLINE, TRAINING, VACATION DAYS (1 day(s) )",allegation,
964106,1,04.Wrongfully used offensive language.,CHARGES AND SPECIFICATIONS,"A - COMMAND DISCIPLINE, TRAINING, VACATION DAYS (1 day(s) )",allegation,
949193,1,01.Wrongfully discourteous to an individual known to the Department.,A-CD,A - COMMAND DISCIPLINE,allegation,
949194,1,01.Violated patrol rules.,B-CD,,allegation,
949194,2,01.Failed to make required entries in Department Logs.,OTHER,,allegation,
947929,1,01.Wrongfully discourteous to an individual known to the Department.,NO DISCIPLINARY ACTION,,allegation,
947929,2,01.Failed to make required entries in Department Logs.,TRAINING,TRAINING,allegation,
940354,1,"WHILE ON-DUTY, FAILED TO REQUEST THE RESPONSE OF A PATROL SUPERVISOR",,VACATION DAYS (10 day(s) ),charge,GUILTY
940354,1,"WHILE ON-DUTY, FAILED TO ENTER DETAILS IN SAID OFFICER's ACTIVITY LOG AND FAILED TO PREPARE AN AIDED REPORT WORKSHEET FOR AN EMOTIONALLY DISTRUBED PERSON, AS REQUIRED",,VACATION DAYS (10 day(s) ),charge,GUILTY
940354,1,"WHILE ON-DUTY, FAILED TO REQUEST THE RESPONSE OF A PATROL SUPERVISOR",,VACATION DAYS (10 day(s) ),charge,GUILTY
969876,1,01.Failed to make required entries in Department Logs.,B-CD,INSTRUCTIONS,allegation,
969876,1,02.Wrongful use of force.,B-CD,INSTRUCTIONS,allegation,
946508,1,Deployed a taser outside of Department guideline. Wrongfully use of physical force.,,"SUSPENDED W/O PAY (30 day(s) ), VACATION DAYS (28 day(s) )",charge,PLEADED GUILTY
946508,1,Improper holster of weapon.,,"SUSPENDED W/O PAY (30 day(s) ), VACATION DAYS (28 day(s) )",charge,PLEADED GUILTY
946508,1,Failed to supervise.,,"SUSPENDED W/O PAY (30 day(s) ), VACATION DAYS (28 day(s) )",charge,PLEADED GUILTY
946508,1,Failed to properly document report in Activity Log.,,"SUSPENDED W/O PAY (30 day(s) ), VACATION DAYS (28 day(s) )",charge,PLEADED GUILTY
946508,1,Failed to use de-escalation techniques.,,"SUSPENDED W/O PAY (30 day(s) ), VACATION DAYS (28 day(s) )",charge,PLEADED GUILTY
947152,1,01.Wrongfully stopped an individual known to the Department.,NO DISCIPLINARY ACTION,,allegation,
947152,1,02.Wrongfully threatened to issue a summons to an individual known to the Department.,NO DISCIPLINARY ACTION,,allegation,
947152,2,01.Failed to activate body-worn camera.,NO DISCIPLINARY ACTION,,allegation,
956822,1,01.Made inappropriate remarks to a person known to the department,CHARGES AND SPECIFICATIONS,"A - COMMAND DISCIPLINE, VACATION DAYS (1 day(s) )",allegation,
956822,1,02.spoke in a discourteous manner to a person known to the department,A-CD,"A - COMMAND DISCIPLINE, VACATION DAYS (1 day(s) )",allegation,
962538,1,Unfit for Duty.,,"COUNSELING, VACATION DAYS (30 day(s) )",charge,GUILTY
950716,1,ARRESTED AN INDIVIDUAL KNOWN TO THE DEPARTMENT WITHOUT SUFFICIENT LEGAL AUTHORITY.,,VACATION DAYS (5 day(s) ),charge,GUILTY
950716,1,01.COMPLIANCE WITH NEW YORK CITY RIGHT TO KNOW ACT,INSTRUCTIONS,TRAINING,allegation,
950716,1,02.Failure to complete required report.,OTHER,TRAINING,allegation,
950716,1,03.Improper USE OF BODY-WORN CAMERA,OTHER,TRAINING,allegation,
923789,1,01.Failed to prepare required reports.,OTHER,,allegation,
964107,1,01.Wrongfully used physical force.,B-CD,,allegation,
951896,1,Operated a motor vehicle while impaired.,,"COUNSELING, DISMISSAL PROBATION (12 month(s) ), ORDERED BREATH TESTING, PRE-TRIAL SUSPENSION DAYS (30 day(s) ), VACATION DAYS (30 day(s) )",charge,PLEADED GUILTY
951896,1,Operated a motor vehicle while under the influence of an intoxicant.,,"COUNSELING, DISMISSAL PROBATION (12 month(s) ), ORDERED BREATH TESTING, PRE-TRIAL SUSPENSION DAYS (30 day(s) ), VACATION DAYS (30 day(s) )",charge,PLEADED GUILTY
951896,1,Refused to submit to a breathalyzer test.,,"COUNSELING, DISMISSAL PROBATION (12 month(s) ), ORDERED BREATH TESTING, PRE-TRIAL SUSPENSION DAYS (30 day(s) ), VACATION DAYS (30 day(s) )",charge,PLEADED GUILTY
951896,1,Unfit for duty.,,"COUNSELING, DISMISSAL PROBATION (12 month(s) ), ORDERED BREATH TESTING, PRE-TRIAL SUSPENSION DAYS (30 day(s) ), VACATION DAYS (30 day(s) )",charge,PLEADED GUILTY
951896,1,Operated a motor vehicle recklessly.,,"COUNSELING, DISMISSAL PROBATION (12 month(s) ), ORDERED BREATH TESTING, PRE-TRIAL SUSPENSION DAYS (30 day(s) ), VACATION DAYS (30 day(s) )",charge,PLEADED GUILTY
942034,1,"WHILE ON-DUTY, WRONGFULLY ARRESTED AN INDIVIDUAL KNOWN TO THE DEPARTMENT WHEN NO OFFENSE OR CRIME HAD OCCURRED.",,VACATION DAYS (20 day(s) ),charge,GUILTY
942034,1,"WHILE ON-DUTY, WRONGFULLY MADE INACCURATE STATEMENTS ON CRIMINAL COURT SUMMONSES.",,VACATION DAYS (20 day(s) ),charge,GUILTY
952962,1,Failed to safeguard a firearm.,,VACATION DAYS (30 day(s) ),charge,PLEADED GUILTY
952962,1,Failed to safeguard a firearm.,,VACATION DAYS (30 day(s) ),charge,PLEADED GUILTY
952962,1,Wrongfully in possession of duplicate shield.,,VACATION DAYS (30 day(s) ),charge,PLEADED GUILTY
930529,1,01.Failed to activate their body worn camera.,OTHER,,allegation,
941474,1,Wrongfully used physical force.,,VACATION DAYS (5 day(s) ),charge,PLEADED GUILTY
941474,1,Wrongfully used physical force.,,VACATION DAYS (5 day(s) ),charge,PLEADED GUILTY
941474,1,False statements.,,VACATION DAYS (5 day(s) ),charge,PLEADED GUILTY
941474,1,False statements.,,VACATION DAYS (5 day(s) ),charge,PLEADED GUILTY
941474,1,01.Made false statements during a Civilian Complaint Review Board interview.,INSTRUCTIONS,INSTRUCTIONS,allegation,
960785,1,"while on-duty, failed to conduct a proper investigation.",,VACATION DAYS (10 day(s) ),charge,GUILTY
960785,1,"while on-duty, failed and neglected to properly safeguard a prisoner resulting in the loss of said prisoner.",,VACATION DAYS (10 day(s) ),charge,GUILTY
967955,1,01.Failed to make required entries in Department logs.,CHARGES AND SPECIFICATIONS,"B - COMMAND DISCIPLINE, VACATION DAYS (5 day(s) )",allegation,
967955,1,02.Violated Department rules.,CHARGES AND SPECIFICATIONS,"B - COMMAND DISCIPLINE, VACATION DAYS (5 day(s) )",allegation,
947157,1,01.Improper entry.,B-CD,"A - COMMAND DISCIPLINE, VACATION DAYS (5 day(s) )",allegation,
910381,1,01.Wrongfully used physical force.,TRAINING,,allegation,
963599,1,01.Failed to take police action/render police services.,A-CD,A - COMMAND DISCIPLINE,allegation,
952966,1,01.Failed to comply with training.,INSTRUCTIONS,TRAINING,allegation,
965253,1,01.Failed to activate their body-worn camera.,CHARGES AND SPECIFICATIONS,,allegation,
965253,1,01.Failed to prepare required reports,"CHARGES AND SPECIFICATIONS,                                                                                                       OTHER",,allegation,
965253,1,02.Wrongfully used physical force,CHARGES AND SPECIFICATIONS,,allegation,
954047,1,HAVING BEEN INVOLVED IN AN OFF-DUTY PHYSICAL ALTERCATION WITH ANOTHER PERSON FAILED TO REMAIN AT THE SCENE OF INCIDENT AND FAILED TO REQUEST RESPONSE OF PATROL SUPERVISOR PRECINCT OF OCCURRENCE.,,VACATION DAYS (12 day(s) ),charge,GUILTY
954047,1,HAVING BEEN INVOLVED IN AN OFF-DUTY PHYSICAL ALTERCATION WITH ANOTHER PERSON FAILED TO ARREST THE OTHER PERSON.,,VACATION DAYS (12 day(s) ),charge,GUILTY
954047,1,HAVING BEEN INVOLVED IN AN OFF-DUTY PHYSICAL ALTERCATION WITH ANOTHER PERSON FAILED TO SEEK MEDICAL ATTENTION FOR OTHER PERSON.,,VACATION DAYS (12 day(s) ),charge,GUILTY
954047,1,01.Said Detective disseminated confidential information from Department databases.,CHARGES AND SPECIFICATIONS,"C - COMMAND DISCIPLINE, VACATION DAYS (12 day(s) )",allegation,
954047,1,01.Said Detective made unauthorized inquiries in Department databases.,CHARGES AND SPECIFICATIONS,"C - COMMAND DISCIPLINE, VACATION DAYS (12 day(s) )",allegation,
954047,1,02.Said Detective engaged in unauthorized off-duty employment.,CHARGES AND SPECIFICATIONS,"C - COMMAND DISCIPLINE, VACATION DAYS (12 day(s) )",allegation,
960786,1,01.Wrongful entry of a premises.,B-CD,,allegation,
960786,1,02.Wrongful search of a premises.,B-CD,,allegation,
965255,1,01.Improper frisk of an individual,TRAINING,TRAINING,allegation,
950730,1,01.Failed to prepare property invoices,C-CD,"C - COMMAND DISCIPLINE, VACATION DAYS (5 day(s) )",allegation,
950730,1,02.Failed to properly voucher property,C-CD,"C - COMMAND DISCIPLINE, VACATION DAYS (5 day(s) )",allegation,
950730,1,03.Omitted Activity Log Entries,C-CD,"C - COMMAND DISCIPLINE, VACATION DAYS (5 day(s) )",allegation,
969166,1,01.Accessed body-worn camera footage for purposes unrelated to official Department business.,B-CD,"C - COMMAND DISCIPLINE, VACATION DAYS (8 day(s) )",allegation,
969166,1,02.Failed to make proper notifications.,B-CD,"C - COMMAND DISCIPLINE, VACATION DAYS (8 day(s) )",allegation,
969166,1,03.Recorded body-worn camera recordings for purposes unrelated to official Department business.,B-CD,"C - COMMAND DISCIPLINE, VACATION DAYS (8 day(s) )",allegation,
936915,1,ENGAGED IN OFF-DUTY EMPLOYMENT WITHOUT AUTHORITY OR PERMISSION TO DO SO.,,VACATION DAYS (10 day(s) ),charge,GUILTY
942041,1,"WHILE ON-DUTY, SAID OFFICER FAILED TO TAKE POLICE ACTION AND PROPERLY INVESTIGATE A RADIO RUN.",,"DISMISSAL PROBATION (12 month(s) ), PRE-TRIAL SUSPENSION DAYS (30 day(s) )",charge,GUILTY
958799,1,Wrongfully used physical force.,,"DISMISSAL PROBATION (12 month(s) ), SUSPENDED W/O PAY (30 day(s) ), VACATION DAYS (40 day(s) )",charge,PLEADED GUILTY
958799,1,"Failed to make proper notifications.
Failed to make required entries in Department logs.",,"DISMISSAL PROBATION (12 month(s) ), SUSPENDED W/O PAY (30 day(s) ), VACATION DAYS (40 day(s) )",charge,PLEADED GUILTY
958799,1,Wrongfully used physical force,,"DISMISSAL PROBATION (12 month(s) ), SUSPENDED W/O PAY (30 day(s) ), VACATION DAYS (40 day(s) )",charge,PLEADED GUILTY
958799,1,Wrongfully discourteous to a person known to the Department.,,"DISMISSAL PROBATION (12 month(s) ), SUSPENDED W/O PAY (30 day(s) ), VACATION DAYS (40 day(s) )",charge,PLEADED GUILTY
958799,1,"Wrongfully frisked a person known to the Department.
Wrongfully search a person known to the Department.
Violated patrol rules.",,"DISMISSAL PROBATION (12 month(s) ), SUSPENDED W/O PAY (30 day(s) ), VACATION DAYS (40 day(s) )",charge,PLEADED GUILTY
958799,1,Wrongfully used physical force.,,"DISMISSAL PROBATION (12 month(s) ), SUSPENDED W/O PAY (30 day(s) ), VACATION DAYS (40 day(s) )",charge,PLEADED GUILTY
958799,1,"Failed to make proper notifications.
Failed to make required entries in Department logs.
Failed to activate body-worn camera.",,"DISMISSAL PROBATION (12 month(s) ), SUSPENDED W/O PAY (30 day(s) ), VACATION DAYS (40 day(s) )",charge,PLEADED GUILTY
958799,1,01.Made inappropriate comments.,CHARGES AND SPECIFICATIONS,,allegation,
958799,1,01.Wrongful threat of force.,CHARGES AND SPECIFICATIONS,,allegation,
958799,1,01.Wrongfully discourteous to an individual known to the Department.,CHARGES AND SPECIFICATIONS,,allegation,
958799,1,02.Violated patrol rules.,CHARGES AND SPECIFICATIONS,,allegation,
958799,1,03.Wrongful threat of force,CHARGES AND SPECIFICATIONS,,allegation,
958799,1,04.Wrongfully frisked an individual known to the Department.,CHARGES AND SPECIFICATIONS,,allegation,
958799,1,05.Wrongfully searched an individual known to the Department.,CHARGES AND SPECIFICATIONS,,allegation,
958799,1,06.Wrongfully used offensive language.,CHARGES AND SPECIFICATIONS,,allegation,
958799,1,07.Wrongfully used physical force.,CHARGES AND SPECIFICATIONS,,allegation,
958799,2,01.Wrongfully used physical force.,CHARGES AND SPECIFICATIONS,,allegation,
947160,1,Living outside the state or permissible counties.,,VACATION DAYS (30 day(s) ),charge,PLEADED GUILTY
947160,1,Out of residence while on sick leave.,,VACATION DAYS (30 day(s) ),charge,PLEADED GUILTY
947160,1,Out of residence while on sick leave.,,VACATION DAYS (30 day(s) ),charge,PLEADED GUILTY
936789,1,01.Wrongful entry of a premises.,B-CD,,allegation,
954051,1,Failed to conduct an investigation.,,PRE-TRIAL SUSPENSION DAYS (33 day(s) ),charge,GUILTY
947161,1,Use of physical force resulting in injury.,,"SUSPENDED W/O PAY (10 day(s) ), VACATION DAYS (10 day(s) )",charge,PLEADED GUILTY
947161,1,Use of physical force.,,"SUSPENDED W/O PAY (10 day(s) ), VACATION DAYS (10 day(s) )",charge,PLEADED GUILTY
947161,1,Failed to make required entries in Department logs.,,"SUSPENDED W/O PAY (10 day(s) ), VACATION DAYS (10 day(s) )",charge,PLEADED GUILTY
963601,1,Failed to render police services.,,"PRE-TRIAL SUSPENSION DAYS (27 day(s) ), VACATION DAYS (11 day(s) )",charge,PLEADED GUILTY
963601,1,Failed to make proper notifications.,,"PRE-TRIAL SUSPENSION DAYS (27 day(s) ), VACATION DAYS (11 day(s) )",charge,PLEADED GUILTY
963601,1,Failed to activate body-worn camera.,,"PRE-TRIAL SUSPENSION DAYS (27 day(s) ), VACATION DAYS (11 day(s) )",charge,PLEADED GUILTY
963601,1,Failed to make Required Entries in Department Logs.,,"PRE-TRIAL SUSPENSION DAYS (27 day(s) ), VACATION DAYS (11 day(s) )",charge,PLEADED GUILTY
966662,1,01.Wrongfully searched an individual known to the Department.,CHARGES AND SPECIFICATIONS,"A - COMMAND DISCIPLINE, TRAINING",allegation,
966662,1,02.Wrongfully threatened to remove an individual to the hospital.,CHARGES AND SPECIFICATIONS,"A - COMMAND DISCIPLINE, TRAINING",allegation,
952972,1,"WHILE OFF-DUTY, ENGAGED IN A PHYSICAL ALTERCATION WITH A PERSON KNOWN TO THE DEPARTMENT.",,"COUNSELING, VACATION DAYS (15 day(s) )",charge,GUILTY
952972,1,"WHILE OFF-DUTY, SLAPPED THE TELEPHONE OUT OF A PERSON KNOWN TO THE DEPARTMENT'S HAND AND KEPT IT TO PREVENT SAID PERSON FROM CALLING 911 FOR ASSISTANCE.",,"COUNSELING, VACATION DAYS (15 day(s) )",charge,GUILTY
952972,1,01.Wrongful threat to arrest.,TRAINING,TRAINING,allegation,
952972,1,01.Wrongfully used physical force.,TRAINING,TRAINING,allegation,
952972,1,02.Wrongfully deactivated body-worn camera.,TRAINING,TRAINING,allegation,
963602,1,Discharged a firearm outside Department guidelines.,,VACATION DAYS (25 day(s) ),charge,PLEADED GUILTY
949201,1,"Made computer inquiries unrelated to official Department business.
On Duty.",,"SUSPENDED W/O PAY (15 day(s) ), VACATION DAYS (30 day(s) )",charge,GUILTY
949201,1,"Made computer inquiries unrelated to official Department business.
On Duty.",,"SUSPENDED W/O PAY (15 day(s) ), VACATION DAYS (30 day(s) )",charge,GUILTY
949201,1,"Wrongfully disseminated confidential Department information.
Off Duty.",,"SUSPENDED W/O PAY (15 day(s) ), VACATION DAYS (30 day(s) )",charge,GUILTY
949201,1,"Made inaccurate statements during an official Department interview. 
On Duty.",,"SUSPENDED W/O PAY (15 day(s) ), VACATION DAYS (30 day(s) )",charge,GUILTY
971522,1,01.Violated patrol rules.,TRAINING,TRAINING,allegation,
966663,1,01.Failed to prepare required reports.,A-CD,,allegation,
966663,2,01.Wrongfully discourteous to an individual known to the Department.,CHARGES AND SPECIFICATIONS,,allegation,
966663,2,01.Wrongfully used offensive language.,CHARGES AND SPECIFICATIONS,,allegation,
966663,3,01.Violated patrol rules - failed to provide a business card,"A-CD,                                                                                                                                                                                                             TRAINING","B - COMMAND DISCIPLINE, TRAINING",allegation,
966663,3,02.Wrongfully stopped an individual known to the Department.,NO DISCIPLINARY ACTION,"B - COMMAND DISCIPLINE, TRAINING",allegation,
966663,4,01.Violated patrol rules - failed to provide name,B-CD,"B - COMMAND DISCIPLINE, VACATION DAYS (2 day(s) )",allegation,
966663,4,02.Violated patrol rules - failed to provide shield number,B-CD,"B - COMMAND DISCIPLINE, VACATION DAYS (2 day(s) )",allegation,
963110,1,01.Violated patrol rules.,B-CD,,allegation,
963110,2,01.Failed to prepare required reports.,OTHER,,allegation,
965014,1,01.Violated patrol rules - refused to provide name,A-CD,A - COMMAND DISCIPLINE,allegation,
965014,2,01.Wrongfully discourteous to an individual known to the Department.,A-CD,A - COMMAND DISCIPLINE,allegation,
971292,1,01.Violated patrol rules - failed to provide a business card,B-CD,"B - COMMAND DISCIPLINE, VACATION DAYS (1 day(s) )",allegation,
971292,1,02.Wrongful entry of a premises.,B-CD,"B - COMMAND DISCIPLINE, VACATION DAYS (1 day(s) )",allegation,
943470,1,WRONGFULLY MADE INACCURATE OR MISLEADING STATEMENTS WHICH CAUSED INACCURATE ENTRIES TO BE MADE IN A DEPARTMENT RECORD,,VACATION DAYS (12 day(s) ),charge,GUILTY
943470,2,"WHILE ON-DUTY, WRONGFULLY USED FORCE BY PUSHING A PERSON KNOWN TO THE DEPARTMENT WITHOUT POLICE NECESSITY.",,VACATION DAYS (9 day(s) ),charge,GUILTY
943470,1,01.Violated patrol rules.,TRAINING,,allegation,
943470,1,02.Wrongfully discourteous to an individual known to the Department.,A-CD,,allegation,
948374,1,UTILIZED A DEPARTMENT COMPUTER TO CONDUCT A DATABASE QUERY UNRELATED TO DEPARTMENT BUSINESS AND WRONGFULLY DIVULGED INFORMATION FROM THAT QUERY.,,VACATION DAYS (25 day(s) ),charge,GUILTY
948374,1,"WRONGFULLY AND KNOWINGLY ASSOCIATED WITH A PERSON REASONABLY BELIEVED TO BE ENGAGED IN, LIKELY TO ENGAGE IN, OR HAVE ENGAGED IN CRIMINAL ACTIVITIES.",,VACATION DAYS (25 day(s) ),charge,GUILTY
948374,1,WRONGFULLY DIVULGED OR DISCUSSED OFFICIAL DEPARTMENT BUSINESS WITHOUT AUTHORITY OR PERMISSION TO DO SO.,,VACATION DAYS (25 day(s) ),charge,GUILTY
936922,1,"WHILE ON-DUTY, ABUSED HIS AUTHORITY AS A MEMBER OF THE NEW YORK CITY POLICE DEPARTMENT IN THAT HE FRISKED A PERSON KNOWN TO THE DEPARTMENT WITHOUT SUFFICIENT LEGAL AUTHORITY.",,VACATION DAYS (3 day(s) ),charge,GUILTY
964608,1,01.Wrongfully searched a vehicle.,A-CD,A - COMMAND DISCIPLINE,allegation,
964111,1,Theft of time,,"FORFEITURE OF TIME/LEAVE BALANCES, VACATION DAYS (35 day(s) )",charge,PLEADED GUILTY
964111,1,Failed to comply with driving rules and regulations.,,"FORFEITURE OF TIME/LEAVE BALANCES, VACATION DAYS (35 day(s) )",charge,PLEADED GUILTY
967956,1,01.Failed to timely activate their body worn camera.,A-CD,,allegation,
952974,1,01.Wrongful search of a premises.,B-CD,,allegation,
958803,1,01.Improper search.,TRAINING,TRAINING,allegation,
958803,1,02.Improper vehicle search.,TRAINING,TRAINING,allegation,
958803,2,"01.Wrongful threat of force.
Wrongfully unholstered/displayed a Taser.",CHARGES AND SPECIFICATIONS,,allegation,
958803,2,02.Wrongful threat of force.,CHARGES AND SPECIFICATIONS,,allegation,
943471,1,01.Wrongful entry of a premises.,B-CD,"B - COMMAND DISCIPLINE, VACATION DAYS (5 day(s) )",allegation,
943471,1,02.Wrongful search of a premises.,B-CD,"B - COMMAND DISCIPLINE, VACATION DAYS (5 day(s) )",allegation,
961881,1,Wrongful used physical force,,"DISMISSAL PROBATION (12 month(s) ), SUSPENDED W/O PAY (30 day(s) ), VACATION DAYS (30 day(s) )",charge,PLEADED GUILTY
961881,1,Made or caused to be made false or inaccurate entries in Department records.,,"DISMISSAL PROBATION (12 month(s) ), SUSPENDED W/O PAY (30 day(s) ), VACATION DAYS (30 day(s) )",charge,PLEADED GUILTY
961881,1,Failed to make required entries in Department Logs.,,"DISMISSAL PROBATION (12 month(s) ), SUSPENDED W/O PAY (30 day(s) ), VACATION DAYS (30 day(s) )",charge,PLEADED GUILTY
961881,1,Failed to make proper notifications.,,"DISMISSAL PROBATION (12 month(s) ), SUSPENDED W/O PAY (30 day(s) ), VACATION DAYS (30 day(s) )",charge,PLEADED GUILTY
961881,1,01.Wrongfully discourteous to an individual known to the Department.,CHARGES AND SPECIFICATIONS,,allegation,
961881,1,02.Wrongfully used physical force.,CHARGES AND SPECIFICATIONS,,allegation,
947165,1,01.Violated patrol rules - refused to provide a business card,B-CD,"B - COMMAND DISCIPLINE, VACATION DAYS (1 day(s) )",allegation,
947165,1,02.Violated patrol rules - refused to provide his name,B-CD,"B - COMMAND DISCIPLINE, VACATION DAYS (1 day(s) )",allegation,
947165,1,03.Violated patrol rules - refused to provide his shield number,B-CD,"B - COMMAND DISCIPLINE, VACATION DAYS (1 day(s) )",allegation,
955050,1,"WHILE ON-DUTY DID FAIL AND NEGLECT TO PROPERLY SAFEGUARD A PRISONER, RESULTING IN LOSS OF SAID PRISONER.",,PRE-TRIAL SUSPENSION DAYS (16 day(s) ),charge,GUILTY
955050,1,FAILED TO TIMELY MAKE NOTIFICATIONS AND INITIATE MOBILIZATION AFTER A PRISONER ESCAPED CUSTODY.,,PRE-TRIAL SUSPENSION DAYS (16 day(s) ),charge,GUILTY
955050,1,01.Failed to make required entries in Department Logs.,OTHER,,allegation,
930421,1,Violated patrol rules.,,VACATION DAYS (20 day(s) ),charge,GUILTY
930421,1,Violated patrol rules.,,VACATION DAYS (20 day(s) ),charge,GUILTY
930421,1,01.Wrongfully discourteous to an individual known to the Department.,A-CD,A - COMMAND DISCIPLINE,allegation,
945912,1,01.Violated patrol rules - failed to provide a business card,A-CD,A - COMMAND DISCIPLINE,allegation,
945912,2,01.Wrongfully discourteous to an individual known to the Department.,A-CD,A - COMMAND DISCIPLINE,allegation,
940373,1,"WHILE OFF-DUTY, BECAME INVOLVED IN A VERBAL ARGUMENT WHICH ESCALATED INTO A PHYSICAL ALTERCATION, IDENTITIES KNOWN TO THE DEPARTMENT.",,"COUNSELING, PRE-TRIAL SUSPENSION DAYS (32 day(s) )",charge,GUILTY
940373,1,01.Made computer inquiries unrelated to official Department business.,B-CD,"C - COMMAND DISCIPLINE, VACATION DAYS (8 day(s) )",allegation,
968585,1,01.Failed to make required entries in Department Logs.,OTHER,,allegation,
947169,1,-,,VACATION DAYS (3 day(s) ),charge,GUILTY
947169,1,01.Failed to timely activate their body worn camera.,OTHER,,allegation,
967906,1,01.Violated patrol rules - failed to provide a shield number,TRAINING,TRAINING,allegation,
968568,1,01.Wrongfully discourteous to an individual known to the Department.,B-CD,,allegation,
948376,1,01.Wrongfully frisked an individual known to the Department.,CHARGES AND SPECIFICATIONS,"B - COMMAND DISCIPLINE, VACATION DAYS (9 day(s) )",allegation,
948376,1,01.Wrongfully stopped an individual known to the Department.,CHARGES AND SPECIFICATIONS,"B - COMMAND DISCIPLINE, VACATION DAYS (9 day(s) )",allegation,
948376,1,02.Wrongfully searched a vehicle.,CHARGES AND SPECIFICATIONS,"B - COMMAND DISCIPLINE, VACATION DAYS (9 day(s) )",allegation,
948376,2,01.Wrongfully discourteous to an individual known to the Department.,A-CD,,allegation,
948376,3,01.Made false statements during a Civilian Complaint Review Board interview.,CHARGES AND SPECIFICATIONS,"A - COMMAND DISCIPLINE, VACATION DAYS (1 day(s) )",allegation,
948376,3,02.Wrongfully discourteous to an individual known to the Department.,CHARGES AND SPECIFICATIONS,"A - COMMAND DISCIPLINE, VACATION DAYS (1 day(s) )",allegation,
948376,3,03.Wrongfully searched an individual known to the Department.,CHARGES AND SPECIFICATIONS,"A - COMMAND DISCIPLINE, VACATION DAYS (1 day(s) )",allegation,
948376,3,04.Wrongfully used physical force.,CHARGES AND SPECIFICATIONS,"A - COMMAND DISCIPLINE, VACATION DAYS (1 day(s) )",allegation,
948376,4,01.Wrongful entry of a premises.,B-CD,"B - COMMAND DISCIPLINE, TRAINING",allegation,
960793,1,01.Violated patrol rules - failed to provide a business card,TRAINING,TRAINING,allegation,
943476,1,Left the scene of an accident.,,VACATION DAYS (30 day(s) ),charge,PLEADED GUILTY
943476,1,Made inaccurate statements to supervisors.,,VACATION DAYS (30 day(s) ),charge,PLEADED GUILTY
949885,1,"WHILE ON-DUTY, IMPROPERLY USED EXCESSIVE FORCE UNPON HANDCUFFING A PERSON KNOWN TO THE DEPARTMENT.",,VACATION DAYS (30 day(s) ),charge,GUILTY
958808,1,01.Conducted an improper vehicle stop.,TRAINING,TRAINING,allegation,
958808,1,02.Provided an inaccurate official statement to the CCRB.,TRAINING,TRAINING,allegation,
966664,1,01.Violated patrol rules.,A-CD,,allegation,
943477,1,01.Failed to activate his body-worn camera.,NO DISCIPLINARY ACTION,"C - COMMAND DISCIPLINE, VACATION DAYS (13 day(s) )",allegation,
943477,1,02.Failed to make proper notifications.,B-CD,"C - COMMAND DISCIPLINE, VACATION DAYS (13 day(s) )",allegation,
943477,1,03.Failed to safeguard a prisoner.,B-CD,"C - COMMAND DISCIPLINE, VACATION DAYS (13 day(s) )",allegation,
930557,1,ABUSED HIS AUTHORITY IN THAT HE AUTHORIZED A STRIP SEARCH OF A PERSON KNOWN TO THE DEPARTMENT WITHOUT SUFFICIENT LEGAL AUTHORITY,,VACATION DAYS (18 day(s) ),charge,GUILTY
930557,2,"WHILE ON-DUTY, ABUSED HIS AUTHORITY IN THAT HE AUTHORIZED A STRIP SEARCH OF A PERSON KNOWN TO THE DEPARTMENT WITHOUT SUFFICIENT LEGAL AUTHORITY",,VACATION DAYS (18 day(s) ),charge,GUILTY
930557,3,"WHILE ON-DUTY, AUTHORIZED THE STOP OF A PERSON KNOWN TO THE DEPARTMENT WITHOUT SUFFICIENT LEGAL AUTHORITY",,VACATION DAYS (18 day(s) ),charge,GUILTY
930557,3,"WHILE ON-DUTY, AUTHORIZED THE ISSUANCE OF A SUMMONS TO A PERSON KNOWN TO THE DEPARTMENT WITHOUT SUFFICIENT LEGAL AUTHORITY",,VACATION DAYS (18 day(s) ),charge,GUILTY
930557,4,"WHILE ON-DUTY, AUTHORIZED A STRIP SEARCH OF A PERSON KNOWN TO THE DEPARTMENT WITHOUT SUFFICIENT LEGAL AUTHORITY.",,VACATION DAYS (18 day(s) ),charge,GUILTY
930557,4,"WHILE ON-DUTY, AUTHORIZED A STRIP SEARCH OF A PERSON KNOWN TO THE DEPARTMENT WITHOUT SUFFICIENT LEGAL AUTHORITY.",,VACATION DAYS (18 day(s) ),charge,GUILTY
938846,1,"HAVING BECOME AWARE OF AN ALLEGATION OF CORRUPTION OR OTHER MISCONDUCT INVOLVING A MEMBER OF THE SERVICE, DID FAIL AND NEGLECT TO NOTIFY THE INTERNAL AFFAIRS BUREAU COMMAND CENTER AS REQUIRED.",,VACATION DAYS (10 day(s) ),charge,PLEADED GUILTY
938846,2,"AFTER LEARNING OF AN ALLEGATION OF CORRUPTION OR MISCONDUCT AGAINST ANOTHER MEMBER OF THE SEERVICE, FAILED TO REPORT SAID ALLEGATION TO THE INTERNAL AFFAIRS BUREAU, AS REQUIRED.",,VACATION DAYS (5 day(s) ),charge,GUILTY
938846,3,Wrongfully discourteous to an individual known to the Department.,,VACATION DAYS (15 day(s) ),charge,PLEADED GUILTY
938846,3,Wrongfully used offensive language towards an individual known to the Department.,,VACATION DAYS (15 day(s) ),charge,PLEADED GUILTY
938846,3,Wrongfully used offensive language towards an individual known to the Department.,,VACATION DAYS (15 day(s) ),charge,PLEADED GUILTY
938846,3,Wrongfully discourteous to an individual known to the Department.,,VACATION DAYS (15 day(s) ),charge,PLEADED GUILTY
938846,3,Wrongful threat of force.,,VACATION DAYS (15 day(s) ),charge,PLEADED GUILTY
938846,3,Wrongfully discourteous to an individual known to the Department.,,VACATION DAYS (15 day(s) ),charge,PLEADED GUILTY
938846,3,Wrongfully discourteous to an individual known to the Department.,,VACATION DAYS (15 day(s) ),charge,PLEADED GUILTY
938846,3,Wrongfully discourteous to an individual known to the Department.,,VACATION DAYS (15 day(s) ),charge,PLEADED GUILTY
938846,3,Wrongfully discourteous to an individual known to the Department.,,VACATION DAYS (15 day(s) ),charge,PLEADED GUILTY
938846,3,Wrongfully threatened to arrest an individual known to the Department.,,VACATION DAYS (15 day(s) ),charge,PLEADED GUILTY
957765,1,Operated a motor vehicle while their ability was impaired.,,"COUNSELING, DISMISSAL PROBATION (12 month(s) ), ORDERED BREATH TESTING, PRE-TRIAL SUSPENSION DAYS (30 day(s) ), VACATION DAYS (30 day(s) )",charge,PLEADED GUILTY
957765,1,Operated a motor vehicle while under the influence of an intoxicant.,,"COUNSELING, DISMISSAL PROBATION (12 month(s) ), ORDERED BREATH TESTING, PRE-TRIAL SUSPENSION DAYS (30 day(s) ), VACATION DAYS (30 day(s) )",charge,PLEADED GUILTY
957765,1,Refused to submit to a breathalyzer/coordination test.,,"COUNSELING, DISMISSAL PROBATION (12 month(s) ), ORDERED BREATH TESTING, PRE-TRIAL SUSPENSION DAYS (30 day(s) ), VACATION DAYS (30 day(s) )",charge,PLEADED GUILTY
957765,1,Unfit for Duty,,"COUNSELING, DISMISSAL PROBATION (12 month(s) ), ORDERED BREATH TESTING, PRE-TRIAL SUSPENSION DAYS (30 day(s) ), VACATION DAYS (30 day(s) )",charge,PLEADED GUILTY
957765,1,Operated a motor vehicle recklessly.,,"COUNSELING, DISMISSAL PROBATION (12 month(s) ), ORDERED BREATH TESTING, PRE-TRIAL SUSPENSION DAYS (30 day(s) ), VACATION DAYS (30 day(s) )",charge,PLEADED GUILTY
970660,1,01.Wrongful entry of a premises.,TRAINING,TRAINING,allegation,
959751,1,Failed to activate body worn camera.,,VACATION DAYS (35 day(s) ),charge,PLEADED GUILTY
959751,1,Failure to notify.,,VACATION DAYS (35 day(s) ),charge,PLEADED GUILTY
959751,1,Failed to make proper notifications to Patrol Supervisor.,,VACATION DAYS (35 day(s) ),charge,PLEADED GUILTY
959751,1,Improper vehicle pursuit.,,VACATION DAYS (35 day(s) ),charge,PLEADED GUILTY
959751,1,01.Failed to activate their body worn camera.,OTHER,,allegation,
959751,1,02.Failed to make required entries in Department Logs.,OTHER,,allegation,
937827,1,..,,VACATION DAYS (20 day(s) ),charge,GUILTY
937827,1,..,,VACATION DAYS (20 day(s) ),charge,GUILTY
963120,1,Failed to conduct an investigation.,,VACATION DAYS (30 day(s) ),charge,PLEADED GUILTY
963120,1,Failed to make timely notifications.,,VACATION DAYS (30 day(s) ),charge,PLEADED GUILTY
934337,1,01.Violated patrol rules.,TRAINING,TRAINING,allegation,
948070,1,01.Violated patrol rules.,B-CD,,allegation,
948070,1,02.Wrongfully discourteous to an individual known to the Department.,B-CD,,allegation,
957767,1,01.Failed to safeguard a prisoner.,B-CD,B - COMMAND DISCIPLINE,allegation,
950745,1,Misuse of time (straight or overtime).,,"DEDUCTION OF PENSIONABLE TIME, DISMISSAL PROBATION (12 month(s) ), FORFEITURE OF TIME/LEAVE BALANCES, RESTITUTION ($1,820), VACATION DAYS (35 day(s) )",charge,PLEADED GUILTY
950745,1,Made or caused to be made false or inaccurate entries in Department records (Sign-In/Sign-Out Log or CityTime System database).,,"DEDUCTION OF PENSIONABLE TIME, DISMISSAL PROBATION (12 month(s) ), FORFEITURE OF TIME/LEAVE BALANCES, RESTITUTION ($1,820), VACATION DAYS (35 day(s) )",charge,PLEADED GUILTY
950745,1,Made or caused to be made false or inaccurate entries in Department records (overtime slips),,"DEDUCTION OF PENSIONABLE TIME, DISMISSAL PROBATION (12 month(s) ), FORFEITURE OF TIME/LEAVE BALANCES, RESTITUTION ($1,820), VACATION DAYS (35 day(s) )",charge,PLEADED GUILTY
950745,1,Illegal download of copyrighted material.,,"DEDUCTION OF PENSIONABLE TIME, DISMISSAL PROBATION (12 month(s) ), FORFEITURE OF TIME/LEAVE BALANCES, RESTITUTION ($1,820), VACATION DAYS (35 day(s) )",charge,PLEADED GUILTY
950747,1,Wrongfully disseminated confidential Department information.,,VACATION DAYS (20 day(s) ),charge,GUILTY
941284,1,"WHILE ON-DUTY, WHILE CONDUCTING A WELLNESS CHECK WHERE THE OCCUPANT OF THE RESIDENCE WAS UNRESPONSIVE, DID FAIL TO REQUEST THE RESPONSE OF THE PATROL SUPERVISOR AND EMERGENCY SERVICES UNIT.",,VACATION DAYS (15 day(s) ),charge,GUILTY
941284,1,"WHILE ON-DUTY, DID FAIL AND NEGLECT TO PROVIDE CENTRAL DISPATCH WITH A FINAL DISPOSITION FOR A RADIO RUN.",,VACATION DAYS (15 day(s) ),charge,GUILTY
938852,1,Operated a motor vehicle while under the influence of an intoxicant.,,"COUNSELING, DISMISSAL PROBATION (12 month(s) ), ORDERED BREATH TESTING, PRE-TRIAL SUSPENSION DAYS (33 day(s) ), VACATION DAYS (30 day(s) )",charge,PLEADED GUILTY
938852,1,Operated a motor vehicle while their ability was impaired.,,"COUNSELING, DISMISSAL PROBATION (12 month(s) ), ORDERED BREATH TESTING, PRE-TRIAL SUSPENSION DAYS (33 day(s) ), VACATION DAYS (30 day(s) )",charge,PLEADED GUILTY
938852,1,Unfit for duty.,,"COUNSELING, DISMISSAL PROBATION (12 month(s) ), ORDERED BREATH TESTING, PRE-TRIAL SUSPENSION DAYS (33 day(s) ), VACATION DAYS (30 day(s) )",charge,PLEADED GUILTY
938852,1,Refused to submit to a breathalyzer/coordination test.,,"COUNSELING, DISMISSAL PROBATION (12 month(s) ), ORDERED BREATH TESTING, PRE-TRIAL SUSPENSION DAYS (33 day(s) ), VACATION DAYS (30 day(s) )",charge,PLEADED GUILTY
938852,1,Operated a motor vehicle recklessly.,,"COUNSELING, DISMISSAL PROBATION (12 month(s) ), ORDERED BREATH TESTING, PRE-TRIAL SUSPENSION DAYS (33 day(s) ), VACATION DAYS (30 day(s) )",charge,PLEADED GUILTY
938852,1,Open container of alcohol in a vehicle.,,"COUNSELING, DISMISSAL PROBATION (12 month(s) ), ORDERED BREATH TESTING, PRE-TRIAL SUSPENSION DAYS (33 day(s) ), VACATION DAYS (30 day(s) )",charge,PLEADED GUILTY
938853,1,"WHILE ON-DUTY, WRONGFULLY DIRECTED A PERSON KNOWN TO THE DEPARTMENT TO CLASSIFY A REPORTED BURGLARY AS A CRIMINAL TRESPASS",,VACATION DAYS (10 day(s) ),charge,GUILTY
951915,1,01.Failed to activate their body worn camera.,OTHER,,allegation,
951915,2,01.Violated patrol rules.,TRAINING,TRAINING,allegation,
941054,1,"ON DUTY, WRONGFULLY USED FORCE IN THAT HE STRUCK A PERSON KNOWN TO THE DEPARTMENT WITHOUT POLICE NECESSITY.",,VACATION DAYS (15 day(s) ),charge,GUILTY
936948,1,Misuse of time (straight hours).,,"FORFEITURE OF TIME/LEAVE BALANCES, VACATION DAYS (20 day(s) )",charge,PLEADED GUILTY
936948,1,Failed to make required entries in Department Logs  (Activity Log).,,"FORFEITURE OF TIME/LEAVE BALANCES, VACATION DAYS (20 day(s) )",charge,PLEADED GUILTY
936948,1,Failed to submit Report (Leave of Absence).,,"FORFEITURE OF TIME/LEAVE BALANCES, VACATION DAYS (20 day(s) )",charge,PLEADED GUILTY
936948,1,Violated personnel rules (vehicle registration).,,"FORFEITURE OF TIME/LEAVE BALANCES, VACATION DAYS (20 day(s) )",charge,PLEADED GUILTY
936948,1,01.Violated patrol rules.,B-CD,B - COMMAND DISCIPLINE,allegation,
953981,1,Failed to notify the radio dispatcher about a vehicle pursuit.,,"DISMISSAL PROBATION (12 month(s) ), VACATION DAYS (60 day(s) )",charge,GUILTY
953981,1,Improper vehicle pursuit.,,"DISMISSAL PROBATION (12 month(s) ), VACATION DAYS (60 day(s) )",charge,GUILTY
953981,1,Failed to intervene (stop/mitigate/prevent).,,"DISMISSAL PROBATION (12 month(s) ), VACATION DAYS (60 day(s) )",charge,GUILTY
953981,1,Made misleading statements to supervisor.,,"DISMISSAL PROBATION (12 month(s) ), VACATION DAYS (60 day(s) )",charge,GUILTY
959752,1,01.Violated patrol rules.,B-CD,,allegation,
959752,1,02.Wrongfully searched a vehicle.,B-CD,,allegation,
966666,1,01.Violated patrol rules.,A-CD,"A - COMMAND DISCIPLINE, FORFEITURE OF TIME/LEAVE BALANCES",allegation,
944737,1,PLACED AN UNAUTHORIZED PLASTIC COVER OVER THE FRONT AND REAR LICENSE PLATE OF HIS PERSONAL VEHICLE.,,VACATION DAYS (25 day(s) ),charge,GUILTY
944737,1,WHILE ON PATROL FAILED TO ACTIVATE THE RMP'S LICENSE PLATE READER AS REQUIRED.,,VACATION DAYS (25 day(s) ),charge,GUILTY
944737,1,"WHILE ON-DUTY, REMAINED ON AN UNAUTHORIZED INTERRUPTED PATROL FOR ONE HOUR AND EIGHT MINUTES (1:08).",,VACATION DAYS (25 day(s) ),charge,GUILTY
944737,1,FAILED TO CONDUCT A PROPER INVESTIGATION OF A REPORTED GRAND LARCENT.,,VACATION DAYS (25 day(s) ),charge,GUILTY
944737,1,FAILED TO PREPARE A COMPLAINT REPORT WORKSHEET AS REQUIRED.,,VACATION DAYS (25 day(s) ),charge,GUILTY
944737,1,FAILED TO NOTIFY AND CONSULT WITH THE PATROL SUPERVISOR REGARDING A GRAND LARCENY.,,VACATION DAYS (25 day(s) ),charge,GUILTY
965267,1,01.Violated patrol rules - failed to provide a business card,A-CD,A - COMMAND DISCIPLINE,allegation,
967579,1,01.Wrongfully threatened to arrest an individual known to the Department.,A-CD,A - COMMAND DISCIPLINE,allegation,
950748,1,01.Wrongfully frisked an individual known to the Department.,B-CD,"B - COMMAND DISCIPLINE, TRAINING",allegation,
950748,1,02.Wrongfully searched an individual known to the Department.,B-CD,"B - COMMAND DISCIPLINE, TRAINING",allegation,
960806,1,Failed an Integrity Test.,,VACATION DAYS (21 day(s) ),charge,PLEADED GUILTY
960806,1,Wrongfully discourteous to an individual known to the Department.,,VACATION DAYS (21 day(s) ),charge,PLEADED GUILTY
960806,1,Failed to activate their body-worn camera.,,VACATION DAYS (21 day(s) ),charge,PLEADED GUILTY
960806,1,"01.Wrongfully discourteous to an individual known to the Department.
Failure to cover an individual in custody exposed body parts.",B-CD,B - COMMAND DISCIPLINE,allegation,
938857,1,"WHILE ON-DUTY, DID FAIL AND NEGLECT TO NOTIFY THE RADIO DISPATCHER OF A VEHICLE PURSUIT.",,"DISMISSAL PROBATION (12 month(s) ), VACATION DAYS (50 day(s) )",charge,PLEADED GUILTY
938857,1,"WHILE ON-DUTY, DID FAIL AND NEGLECT TO TERMINATE A VEHICLE PURSUIT.",,"DISMISSAL PROBATION (12 month(s) ), VACATION DAYS (50 day(s) )",charge,PLEADED GUILTY
938857,1,"WHILE ON-DUTY, IMPROPERLY STRUCK A VEHICLE DURING A VEHICLE PURSUIT AND INTENTIONALLY UTILIZED A PIT MANEUVER ON THE SUBJECT VEHICLE.",,"DISMISSAL PROBATION (12 month(s) ), VACATION DAYS (50 day(s) )",charge,PLEADED GUILTY
938857,1,"WHILE ON-DUTY, PROVIDED MISLEADING AND INACCURATE STATEMENTS REGARDING A DEPARTMENT VEHICLE ACCIDENT RESULTING IN INACCURATE INFORMATION INCLUDED IN DEPARTMENT PAPERWORK.",,"DISMISSAL PROBATION (12 month(s) ), VACATION DAYS (50 day(s) )",charge,PLEADED GUILTY
938857,1,"WHILE ON-DUTY, INCLUDED MISLEADING AND INACCURATE STATEMENTS IN THE ARREST REPORT.",,"DISMISSAL PROBATION (12 month(s) ), VACATION DAYS (50 day(s) )",charge,PLEADED GUILTY
938858,1,01.Wrongful threat of force.,NO DISCIPLINARY ACTION,,allegation,
924688,1,Engaged in a physical and verbal altercation while off-duty.,,"COUNSELING, DISMISSAL PROBATION (12 month(s) ), PRE-TRIAL SUSPENSION DAYS (30 day(s) ), VACATION DAYS (10 day(s) )",charge,PLEADED GUILTY
935187,1,01.Possessed a controlled or banned substance.,CHARGES AND SPECIFICATIONS,"B - COMMAND DISCIPLINE, VACATION DAYS (1 day(s) )",allegation,
935187,1,02.Used a controlled or banned substance,CHARGES AND SPECIFICATIONS,"B - COMMAND DISCIPLINE, VACATION DAYS (1 day(s) )",allegation,
943486,1,01.Unauthorized off-duty employment.,C-CD,"C - COMMAND DISCIPLINE, VACATION DAYS (5 day(s) )",allegation,
960808,1,01.Wrongfully frisked an individual known to the Department.,B-CD,,allegation,
960808,1,02.Wrongfully searched a vehicle.,B-CD,,allegation,
950751,1,01.Wrongfully arrested an individual known to the Department.,CHARGES AND SPECIFICATIONS,"B - COMMAND DISCIPLINE, VACATION DAYS (10 day(s) )",allegation,
950751,1,02.Wrongfully damaged property.,CHARGES AND SPECIFICATIONS,"B - COMMAND DISCIPLINE, VACATION DAYS (10 day(s) )",allegation,
950751,1,03.Wrongfully discourteous to an individual known to the Department.,CHARGES AND SPECIFICATIONS,"B - COMMAND DISCIPLINE, VACATION DAYS (10 day(s) )",allegation,
950751,2,01.Failed to activate body-worn camera.,OTHER,,allegation,
938861,1,01.Wrongfully discourteous to an individual known to the Department.,A-CD,"A - COMMAND DISCIPLINE, VACATION DAYS (1 day(s) )",allegation,
955067,1,01.Wrongfully threatened to remove an individual to the hospital.,A-CD,A - COMMAND DISCIPLINE,allegation,
945921,1,01.Wrongful detainment.,B-CD,"B - COMMAND DISCIPLINE, VACATION DAYS (3 day(s) )",allegation,
955068,1,01.Wrongfully frisked an individual known to the Department.,A-CD,,allegation,
947177,1,Operated a motor vehicle while under the influence of an intoxicant.,,"COUNSELING, DISMISSAL PROBATION (12 month(s) ), ORDERED BREATH TESTING, PRE-TRIAL SUSPENSION DAYS (31 day(s) ), VACATION DAYS (39 day(s) )",charge,PLEADED GUILTY
947177,1,Operated a motor vehicle while their ability was impaired.,,"COUNSELING, DISMISSAL PROBATION (12 month(s) ), ORDERED BREATH TESTING, PRE-TRIAL SUSPENSION DAYS (31 day(s) ), VACATION DAYS (39 day(s) )",charge,PLEADED GUILTY
947177,1,Refused to submit to a breathalyzer/coordination test.,,"COUNSELING, DISMISSAL PROBATION (12 month(s) ), ORDERED BREATH TESTING, PRE-TRIAL SUSPENSION DAYS (31 day(s) ), VACATION DAYS (39 day(s) )",charge,PLEADED GUILTY
947177,1,Unfit for duty.,,"COUNSELING, DISMISSAL PROBATION (12 month(s) ), ORDERED BREATH TESTING, PRE-TRIAL SUSPENSION DAYS (31 day(s) ), VACATION DAYS (39 day(s) )",charge,PLEADED GUILTY
947177,1,Unfit for duty while armed.,,"COUNSELING, DISMISSAL PROBATION (12 month(s) ), ORDERED BREATH TESTING, PRE-TRIAL SUSPENSION DAYS (31 day(s) ), VACATION DAYS (39 day(s) )",charge,PLEADED GUILTY
947177,1,01.Violated patrol rules - failed to provide a business card,A-CD,A - COMMAND DISCIPLINE,allegation,
972740,1,01.Failed to safeguard a prisoner (not resulting in loss).,B-CD,"C - COMMAND DISCIPLINE, VACATION DAYS (10 day(s) )",allegation,
964614,1,01.Violated patrol rules.,B-CD,,allegation,
964614,2,01.Wrongfully discourteous to an individual known to the Department.,A-CD,,allegation,
953000,1,01.Made computer inquiries unrelated to official Department business.,B-CD,"B - COMMAND DISCIPLINE, VACATION DAYS (5 day(s) )",allegation,
951925,1,01.Wrongful entry of a premises.,CHARGES AND SPECIFICATIONS,,allegation,
951925,1,02.Wrongfully threatened to arrest an individual known to the Department.,CHARGES AND SPECIFICATIONS,,allegation,
938863,1,01.Violated patrol rules.,A-CD,,allegation,
950758,1,01.Failed to prepare required reports.,TRAINING,TRAINING,allegation,
950758,1,02.Violated patrol rules - failed to provide business card,TRAINING,TRAINING,allegation,
950758,1,03.Wrongfully deactivated their body-worn camera.,OTHER,TRAINING,allegation,
950758,2,01.Wrongfully frisked an individual known to the Department.,B-CD,"B - COMMAND DISCIPLINE, TRAINING",allegation,
950758,2,01.Wrongfully searched an individual known to the Department.,B-CD,"B - COMMAND DISCIPLINE, TRAINING",allegation,
932906,1,01.Wrongful search of a person’s property.,CHARGES AND SPECIFICATIONS,"A - COMMAND DISCIPLINE, VACATION DAYS (5 day(s) )",allegation,
932906,1,02.Wrongfully threatened to remove an individual to the hospital.,CHARGES AND SPECIFICATIONS,"A - COMMAND DISCIPLINE, VACATION DAYS (5 day(s) )",allegation,
958824,1,01.Failed to activate their body worn camera.,OTHER,,allegation,
958824,2,01.Failed to activate their body worn camera.,OTHER,,allegation,
935196,1,Involved in a verbal altercation.,,VACATION DAYS (15 day(s) ),charge,PLEADED GUILTY
972741,1,01.Violated patrol rules.,TRAINING,TRAINING,allegation,
943493,1,WHILE ON-DUTY WRONGFULLY FAILED TO RENDER REASONABLE AID TO AN ADULT REQUIRING CARE DUE TO THE ARREST OF THE PERSON RESPONSIBLE FOR HER CARE.,,VACATION DAYS (10 day(s) ),charge,GUILTY
943493,1,WHILE ON-DUTY WRONGFULLY FAILED AND NEGLECTED TO MAKE ACTIVITY LOG ENTRIES AS REQUIRED,,VACATION DAYS (10 day(s) ),charge,GUILTY
943493,1,WHILE ON-DUTY WRONGFULLY FAILED TO INFORM  OR NOTIFY A SUPERVISOR THAT AN ARRESTED PERSON HAD STATED THAT HE MAY HAVE OR HAD LEFT HIS STOVE TURNED ON IN HIS RESIDENCE.,,VACATION DAYS (10 day(s) ),charge,GUILTY
970666,1,01.Violated patrol rules.,TRAINING,,allegation,
967965,1,01.Failed to take police action/render police services.,A-CD,A - COMMAND DISCIPLINE,allegation,
960816,1,01.Failed to make required entries in Department Logs.,OTHER,,allegation,
965275,1,01.Wrongfully used physical force.,B-CD,,allegation,
970667,1,01.Failed to obtain language interpretation services.,A-CD,A - COMMAND DISCIPLINE,allegation,
953005,1,01.Wrongfully discourteous to an individual known to the Department.,A-CD,,allegation,
953005,2,01.Wrongful entry of a premises.,TRAINING,TRAINING,allegation,
972400,1,01.Failed to safeguard a prisoner (not resulting in loss).,CHARGES AND SPECIFICATIONS,"B - COMMAND DISCIPLINE, VACATION DAYS (6 day(s) )",allegation,
942071,1,WHILE ON-DUTY STOPPED AN INDIVIDUAL KNOWN TO THE DEPARTMENT WITHOUT SUFFICIENT LEGAL AUTHORITY.,,VACATION DAYS (10 day(s) ),charge,GUILTY
942071,1,WHILE ON-DUTY FRISKED AN INDIVIDUAL KNOWN TO THE DEPARTMENT WITHOUT SUFFICIENT LEGAL AUTHORITY.,,VACATION DAYS (10 day(s) ),charge,GUILTY
942071,2,WHILE ON-DUTY FRISKED AN INDIVIDUAL KNOWN TO THE DEPARTMENT WITHOUT SUFFICIENT LEGAL AUTHORITY.,,VACATION DAYS (10 day(s) ),charge,GUILTY
942071,2,WHILE ON-DUTY SEARCHED A VEHICLE WITHOUT SUFFICIENT LEGAL AUTHORITY.,,VACATION DAYS (10 day(s) ),charge,GUILTY
936967,1,"WHILE OFF-DUTY, WRONGFULLY ENGAGED IN A PHYSICAL ALTERCATION WITH A PERSON KNOWN TO THE DEPARTMENT.",,"PRE-TRIAL SUSPENSION DAYS (30 day(s) ), RESTORATION OF SUSPENSION DAYS (13 day(s) )",charge,GUILTY
936967,1,"AFTER BEING INVOLVED IN AN OFF-DUTY INCIDENT, WRONGFULLY FAILED AND NEGLECTED TO REQUEST THE RESPONSE OF A PATROL SUPERVISOR FROM THE PRECINCT OF OCCURRENCE OF THE OFF-DUTY INCIDENT, AS REQUIRED.",,"PRE-TRIAL SUSPENSION DAYS (30 day(s) ), RESTORATION OF SUSPENSION DAYS (13 day(s) )",charge,GUILTY
967967,1,01.Wrongfully discourteous to an individual known to the Department.,A-CD,,allegation,
897890,1,"WHILE ON-DUTY, LIEUTENANT CONDUCTED PERSONAL BUSINESS WHILE ON DEPARTMENT TIME.",,VACATION DAYS (40 day(s) ),charge,GUILTY
897890,1,"WHILE ON-DUTY, SAID LIEUTENANT HAVING BECOME AWARE THAT THE DESK SERGEANT SUPERVISING THE ARREST PROCESSING OF A PERSON KNOWN TO THE DEPARTMENT, WAS INTIMATELY INVOLVED, FAILED TO REASSIGN THE SERGEANT TO OTHER DUTIES NOT RELATED TO THE SUPERVISION OF THE ARREST PROCESSING OR NOTIFY A SUPERVISOR OF THE CONFLICT OF INTEREST.",,VACATION DAYS (40 day(s) ),charge,GUILTY
897890,1,01.Wrongful threat of force.,B-CD,,allegation,
897890,2,01.Violated patrol rules.,B-CD,,allegation,
897890,2,02.Wrongfully frisked an individual and individual known to the Department.,B-CD,,allegation,
897890,2,03.Wrongfully stopped an individual known to the Department.,B-CD,,allegation,
974280,1,01.Failed to follow proper firearm handling procedures resulting in a discharge.,C-CD,"C - COMMAND DISCIPLINE, VACATION DAYS (15 day(s) )",allegation,
966172,1,01.Wrongful entry of a premises.,TRAINING,,allegation,
961899,1,01.Made computer inquiries unrelated to official Department business.,C-CD,"C - COMMAND DISCIPLINE, VACATION DAYS (10 day(s) )",allegation,
956855,1,01.Wrongfully discourteous to an individual known to the Department.,A-CD,,allegation,
936972,1,01.Wrongfully used physical force.,B-CD,,allegation,
936972,2,01.Failed to make required entries in Department Logs.,OTHER,,allegation,
933942,1,"WHILE ON-DUTY, WAS DISCOURTEOUS TO NEW YORK CITY POLICE SERGEANT.",,VACATION DAYS (45 day(s) ),charge,GUILTY
933942,1,"WHILE ON-DUTY, HAVING BEEN GIVEN A LAWFUL ORDER BY A NEW YORK CITY POLICE SERGEANT, DID WRONGFULLY AND WITHOUT JUST CAUSE REFUSE TO COMPLY WITH SAID LAWFUL ORDER.",,VACATION DAYS (45 day(s) ),charge,GUILTY
933942,1,"WHILE ON-DUTY, AFTER HAVING BEEN SCHEDULED TO PERFORM A TOUR FROM 0705 HOURS TO 1540 HOURS, WAS ABSENT FROM SAID ASSIGNMENT AT 0705 HOURS AND DID NOT REPORT UNTIL APPROXIMATELY 0900 HOURS, A PERIOD OF APPROXIMATELY 2 HOURS AND 5 MINUTES WITHOUT LEAVE.",,VACATION DAYS (45 day(s) ),charge,GUILTY
933942,1,"WHILE ON-DUTY, WAS ABSENT FROM SAID ASSIGNMENT WITHOUT PERMISSION OR POLICE NECESSITY FOR APPROXIMATELY 1 HOUR.",,VACATION DAYS (45 day(s) ),charge,GUILTY
933942,2,FAILED TO TAKE POLICE ACTION AND PROPERLY INVESTIGATE TWO (2) SEPARATE RADIO RUNS.,,VACATION DAYS (2 day(s) ),charge,GUILTY
963127,1,01.Wrongfully threatened to issue a summons to an individual known to the Department.,B-CD,,allegation,
958827,1,Living outside of state or permissible counties.,,VACATION DAYS (20 day(s) ),charge,PLEADED GUILTY
958827,1,"01.Violated patrol rules - failed to provide a business card
`",TRAINING,TRAINING,allegation,
958827,2,01.Wrongfully searched a vehicle.,TRAINING,TRAINING,allegation,
958827,2,02.Wrongfully searched an individual known to the Department.,TRAINING,TRAINING,allegation,
969177,1,01.Interfere with a recording device.,CHARGES AND SPECIFICATIONS,,allegation,
969177,1,01.Wrongfully discourteous to an individual known to the Department.,CHARGES AND SPECIFICATIONS,,allegation,
969177,1,02.Wrongfully used offensive language.,CHARGES AND SPECIFICATIONS,,allegation,
939756,1,01.Wrongfully threatened to remove an individual to the hospital.,B-CD,"B - COMMAND DISCIPLINE, VACATION DAYS (5 day(s) )",allegation,
946514,1,01.Engaged in inappropriate conduct with a complainant.,CHARGES AND SPECIFICATIONS,,allegation,
946514,1,02.Wrongfully used offensive language.,CHARGES AND SPECIFICATIONS,,allegation,
962555,1,01.Violated patrol rules - failed to provide a business card,B-CD,"B - COMMAND DISCIPLINE, VACATION DAYS (1 day(s) )",allegation,
962555,1,02.Wrongfully frisked an individual known to the Department.,B-CD,"B - COMMAND DISCIPLINE, VACATION DAYS (1 day(s) )",allegation,
962555,1,03.Wrongfully searched an individual known to the Department.,B-CD,"B - COMMAND DISCIPLINE, VACATION DAYS (1 day(s) )",allegation,
935203,1,01.Failed to activate their body worn camera.,OTHER,,allegation,
945925,1,"while off-duty, wrongfully operated a motor vehicle while intoxicated.",,"COUNSELING, DISMISSAL PROBATION (12 month(s) ), ORDERED BREATH TESTING, PRE-TRIAL SUSPENSION DAYS (33 day(s) ), SUSPENDED W/O PAY (12 day(s) ), VACATION DAYS (10 day(s) )",charge,GUILTY
945925,1,"while off-duty, wrongfully operated a motor vehicle while his ability to do so was impaired by an intoxicant.",,"COUNSELING, DISMISSAL PROBATION (12 month(s) ), ORDERED BREATH TESTING, PRE-TRIAL SUSPENSION DAYS (33 day(s) ), SUSPENDED W/O PAY (12 day(s) ), VACATION DAYS (10 day(s) )",charge,GUILTY
945925,1,"while off-duty, refused to submit to a chemical breath test to determine his Blood Alcohol Content.",,"COUNSELING, DISMISSAL PROBATION (12 month(s) ), ORDERED BREATH TESTING, PRE-TRIAL SUSPENSION DAYS (33 day(s) ), SUSPENDED W/O PAY (12 day(s) ), VACATION DAYS (10 day(s) )",charge,GUILTY
945925,1,"while off-duty, was unfit for duty due to the consumption of alcohol.",,"COUNSELING, DISMISSAL PROBATION (12 month(s) ), ORDERED BREATH TESTING, PRE-TRIAL SUSPENSION DAYS (33 day(s) ), SUSPENDED W/O PAY (12 day(s) ), VACATION DAYS (10 day(s) )",charge,GUILTY
976236,1,01.Accessed BWC footage unrelated to official Department business.,A-CD,"A - COMMAND DISCIPLINE, VACATION DAYS (1 day(s) )",allegation,
955086,1,01.Wrongfully used offensive language.,NO DISCIPLINARY ACTION,,allegation,
950773,1,01.Failed to make required entries in Department Logs.,TRAINING,TRAINING,allegation,
950773,2,01.Failed to prepare required reports.,OTHER,,allegation,
937431,1,WHILE OFF-DUTY ENGAGED IN A VERBAL AND PHYSICAL DOMESTIC DISPUTE WITH ANOTHER MOS CAUSING HER PHYSICAL INJURY.,,"COUNSELING, VACATION DAYS (15 day(s) )",charge,GUILTY
968582,1,01.Failed to make proper notifications.,INSTRUCTIONS,INSTRUCTIONS,allegation,
958832,1,01.Improper frisk.,A-CD,TRAINING,allegation,
938876,1,IMPEDED A DEPARTMENT INVESTIGATION BY NOT DISCLOSING AND PREVENTING THE INTERVIEW OF A MEMBER OF SERVICE WHO WAS PRESENT AT AN INCIDENT INVOLVING ANOTHER MEMBER OF SERVICE.,,"DISMISSAL PROBATION (12 month(s) ), SUSPENDED W/O PAY (20 day(s) ), VACATION DAYS (20 day(s) )",charge,GUILTY
938876,1,WRONGFULLY ENGAGED IN PERSONAL ACTIVITIES UNRELATED TO OFFICIAL DEPARTMENT BUSINESS.,,"DISMISSAL PROBATION (12 month(s) ), SUSPENDED W/O PAY (20 day(s) ), VACATION DAYS (20 day(s) )",charge,GUILTY
938876,1,WRONGFULLY ALLOWED OR DIRECTED THE USE OF A DEPARTMENT VEHICLE FOR A NON-DEPARTMENT PURPOSE OR NON-CITY PURPOSE.,,"DISMISSAL PROBATION (12 month(s) ), SUSPENDED W/O PAY (20 day(s) ), VACATION DAYS (20 day(s) )",charge,GUILTY
938876,1,WRONGFULLY FAILED TO PROPERLY SUPERVISE HER SUBORDINATES.,,"DISMISSAL PROBATION (12 month(s) ), SUSPENDED W/O PAY (20 day(s) ), VACATION DAYS (20 day(s) )",charge,GUILTY
938876,1,"MADE INCOMPLETE, INACCURATE, OR OTHERWISE MISLEADING STATEMENTS DURING AN OFFICAL DEPARTMENT INTERVIEW.",,"DISMISSAL PROBATION (12 month(s) ), SUSPENDED W/O PAY (20 day(s) ), VACATION DAYS (20 day(s) )",charge,GUILTY
938876,1,FAILED TO RENDER ALL NECESSARY POLICE SERVICES BY FAILING TO TAKE ACTION AFTER ANOTHER MEMBER OF THE SERVICE HAD BEEN STRUCK BY ANOTHER PERSON IN HER PRESENCE.,,"DISMISSAL PROBATION (12 month(s) ), SUSPENDED W/O PAY (20 day(s) ), VACATION DAYS (20 day(s) )",charge,GUILTY
938876,1,01.Petit Larceny,CHARGES AND SPECIFICATIONS,RESTORATION OF SUSPENSION DAYS (1 day(s) ),allegation,
938876,1,02.Possession of Stolen Property,CHARGES AND SPECIFICATIONS,RESTORATION OF SUSPENSION DAYS (1 day(s) ),allegation,
965285,1,Wrongfully de-activate BWC.,,VACATION DAYS (30 day(s) ),charge,PLEADED GUILTY
936983,1,"AFFIXED HIS SIGNATURE TO A CRIMINAL COURT COMPLAINT THAT HE DID NOT CORRECTLY REVIEW AND WHICH INDICATED THAT HE HAD RECEIVED THE INFORMATION HE WAS SWEARING TO FROM THE COMPLAINANT, WHEN IN FACT HE OBSERVED THE INCIDENT.",,VACATION DAYS (10 day(s) ),charge,PLEADED GUILTY
936983,1,WRONGFULLY CAUSED AN INACCURATE INSTRUMENT TO BE FILED WITH THE NEW YORK COUNTY CRIMINAL COURT.,,VACATION DAYS (10 day(s) ),charge,PLEADED GUILTY
965783,1,01.Wrongful entry of a premises.,B-CD,"B - COMMAND DISCIPLINE, VACATION DAYS (5 day(s) )",allegation,
965783,1,02.Wrongful threat of force.,B-CD,"B - COMMAND DISCIPLINE, VACATION DAYS (5 day(s) )",allegation,
943498,1,01.Violated patrol rules.,A-CD,,allegation,
969914,1,01.Wrongfully searched a vehicle.,TRAINING,TRAINING,allegation,
950779,1,FAILED AND NEGLECTED TO PREPARE A COMPLAINT REPORT WORKSHEET UPON RESPONDING TO A RADIO TRANSMISSION OF A ROBBERY AND SPEAKING TO THE COMPLAINANT.,,VACATION DAYS (10 day(s) ),charge,GUILTY
970671,1,"01.Failed to prepare a Property Clerk's Invoice Worksheet, as required.",INSTRUCTIONS,INSTRUCTIONS,allegation,
948080,1,"WHILE ON-DUTY, WRONGFULLY REMOVED A DEPARTMENT SCOOTER HELMET ISSUED TO ANOTHER MEMBER OF SERVICE.",,"DISMISSAL PROBATION (12 month(s) ), PRE-TRIAL SUSPENSION DAYS (30 day(s) )",charge,GUILTY
948080,1,WRONGFULLY POSSESSED A DEPARTMENT SCOOTER HELMET ISSUED TO ANOTHER MEMBER OF SERVICE IN HIS DEPARTMENT LOCKER.,,"DISMISSAL PROBATION (12 month(s) ), PRE-TRIAL SUSPENSION DAYS (30 day(s) )",charge,GUILTY
950780,1,Failed to investigate.,,"TRAINING, VACATION DAYS (20 day(s) )",charge,PLEADED GUILTY
965288,1,01.Failed to make proper notifications.,B-CD,"B - COMMAND DISCIPLINE, VACATION DAYS (2 day(s) )",allegation,
972070,1,01.Out of residence,C-CD,"C - COMMAND DISCIPLINE, VACATION DAYS (20 day(s) )",allegation,
949225,1,"WHILE ON-DUTY, WRONGFULLY USED FORCE AGAINST A PERSON KNOWN TO THE DEPARTMENT",,VACATION DAYS (5 day(s) ),charge,GUILTY
927098,1,DISCOURTEOUS TO A PERSON KNOWN TO THE DEPARTMENT.,,VACATION DAYS (5 day(s) ),charge,GUILTY
927098,1,ISSUED A SUMMONS WITHOUT SUFFICIENT LEGAL AUTHORITY.,,VACATION DAYS (5 day(s) ),charge,GUILTY
950782,1,"WHILE OFF-DUTY, WRONGFULLY ENGAGED IN A PHYSICAL ALTERCATION WITH A PERSON KNOWN TO THE DEPARTMENT.",,"COUNSELING, PRE-TRIAL SUSPENSION DAYS (20 day(s) )",charge,GUILTY
950782,1,"WHILE OFF-DUTY, FAILED TO REQUEST THE PATROL SUPERVISOR, PRECINCT OF OCCURRENCE, OR TO PROMPTLY NOTIFY THE DESK OFFICER, PRECINCT OF OCCURRENCE.",,"COUNSELING, PRE-TRIAL SUSPENSION DAYS (20 day(s) )",charge,GUILTY
950782,1,01.COMPUTER MISUSE.,OTHER,INSTRUCTIONS,allegation,
950782,1,02.IMPEDE INVESTIGATION.,NO DISCIPLINARY ACTION,INSTRUCTIONS,allegation,
950782,1,03.KNOWINGLY ASSOCIATED WITH CRIMINAL OR PERSON LIKELY TO BE ENGAGED IN CRIMINAL ACTIVITES.,CHARGES AND SPECIFICATIONS,INSTRUCTIONS,allegation,
966677,1,01.Wrongfully discourteous.,A-CD,A - COMMAND DISCIPLINE,allegation,
966677,2,01.Wrongfully deactivated their body worn camera.,OTHER,TRAINING,allegation,
954081,1,01.Wrongfully discourteous to an individual known to the Department.,CHARGES AND SPECIFICATIONS,,allegation,
954081,1,02.Wrongfully offensive.,CHARGES AND SPECIFICATIONS,,allegation,
954081,2,01.Wrongfully discourteous to an individual known to the Department.,TRAINING,"A - COMMAND DISCIPLINE, VACATION DAYS (1 day(s) )",allegation,
954081,2,02.Wrongfully offensive.,TRAINING,"A - COMMAND DISCIPLINE, VACATION DAYS (1 day(s) )",allegation,
955099,1,"WHILE ON-DUTY, IMPROPERLY ENTERED AN APARTMENT WITHOUT SUFFICIENT LEGAL AUTHORITY.",,VACATION DAYS (17 day(s) ),charge,GUILTY
955099,1,"WHILE ON-DUTY, WRONGFULLY INTERFERED WITH A PERSON KNOWN TO THE DEPARTMENT'S ABILITY TO RECORD AN INCIDENT WITHOUT SUFFICIENT LEGAL AUTHORITY.",,VACATION DAYS (17 day(s) ),charge,GUILTY
955099,1,"WHILE ON DUTY, WRONGFULLY USED FORCE, IN THAT HE PUSHED A PERSON KNOWN TO THE DEPARTMENT WITHOUT POLICE NECESSITY.",,VACATION DAYS (17 day(s) ),charge,GUILTY
955099,1,"WHILE ON-DUTY, ABUSED HIS AUTHORITY AS A MEMBER OF THE NEW YORK CITY POLICE DEPARTMENT, IN THAT HE STRIP-SEARCHED A PERSON KNOWN TO THE DEPARTMENT WITHOUT SUFFICIENT LEGAL AUTHORITY.",,VACATION DAYS (17 day(s) ),charge,GUILTY
955101,1,01.FAILED TO CONDUCT PROPER INVESTIGATION,CHARGES AND SPECIFICATIONS,"C - COMMAND DISCIPLINE, VACATION DAYS (3 day(s) )",allegation,
955101,1,02.FAILED TO PREPARE REQUIRED REPORTS,CHARGES AND SPECIFICATIONS,"C - COMMAND DISCIPLINE, VACATION DAYS (3 day(s) )",allegation,
960836,1,01.Wrongfully searched a vehicle.,A-CD,A - COMMAND DISCIPLINE,allegation,
964624,1,01.Failed to make required entries in Department Logs.,OTHER,,allegation,
958843,1,01.Violated patrol rules.,A-CD,,allegation,
958843,1,02.Wrongful search of a premises.,NO DISCIPLINARY ACTION,,allegation,
942084,1,01.Violated patrol rules.,A-CD,,allegation,
942084,2,01.Failed to activate their body worn camera.,OTHER,,allegation,
942084,2,02.Failed to make required entries in Department Logs.,OTHER,,allegation,
942084,2,03.Failed to prepare required reports.,OTHER,,allegation,
958844,1,possession of a forged instrument.,,VACATION DAYS (85 day(s) ),charge,PLEADED GUILTY
958844,1,submission of a forged instrument.,,VACATION DAYS (85 day(s) ),charge,PLEADED GUILTY
958844,1,Made misleading or inaccurate statements during an official Department interview.,,VACATION DAYS (85 day(s) ),charge,PLEADED GUILTY
958844,1,01.Threat to arrest.,TRAINING,TRAINING,allegation,
947190,1,FAILED TO AKE A TIMELY NOTIFICATION THAT HE WOULD BE LATE FOR HIS SCHEDULED TOUR OF DUTY.,,VACATION DAYS (2 day(s) ),charge,GUILTY
960838,1,01.Spoke discourteously to an individual known to the department,TRAINING,TRAINING,allegation,
960838,2,01.Violated patrol rules.,B-CD,"B - COMMAND DISCIPLINE, VACATION DAYS (2 day(s) )",allegation,
960838,2,02.Wrongfully frisked an individual.,B-CD,"B - COMMAND DISCIPLINE, VACATION DAYS (2 day(s) )",allegation,
965292,1,01.Wrongful search of a person's property.,A-CD,,allegation,
958845,1,01.Improper search of an individual,TRAINING,TRAINING,allegation,
963620,1,01.Wrongfully used physical force.,A-CD,,allegation,
963620,2,01.Wrongful search of a person's property.,B-CD,,allegation,
963620,2,02.Wrongfully frisked an individual known to the Department.,B-CD,,allegation,
963620,2,03.Wrongfully searched an individual known to the Department.,B-CD,,allegation,
938890,1,"WHILE ON-DUTY, INAPPROPRIATELY TOUCHED A PERSON KNOWN TO THE DEPARTMENT ON AT LEAS FOUR (4) OCCASIONS.",,VACATION DAYS (6 day(s) ),charge,GUILTY
938891,1,Violated patrol rules.,,VACATION DAYS (10 day(s) ),charge,GUILTY
938891,1,Violated patrol rules.,,VACATION DAYS (10 day(s) ),charge,GUILTY
945934,1,01.Wrongfully disseminated confidential Department information.,B-CD,,allegation,
946515,1,Made false/misleading/inaccurate statements to supervisors.,,"DISMISSAL PROBATION (12 month(s) ), PRE-TRIAL SUSPENSION DAYS (30 day(s) )",charge,GUILTY
946515,1,Made or caused to be made false or inaccurate entries in Department records.,,"DISMISSAL PROBATION (12 month(s) ), PRE-TRIAL SUSPENSION DAYS (30 day(s) )",charge,GUILTY
946515,1,Failed to prepare required reports.,,"DISMISSAL PROBATION (12 month(s) ), PRE-TRIAL SUSPENSION DAYS (30 day(s) )",charge,GUILTY
946515,1,Failed to timely make proper notifications.,,"DISMISSAL PROBATION (12 month(s) ), PRE-TRIAL SUSPENSION DAYS (30 day(s) )",charge,GUILTY
946515,1,Made misleading or inaccurate statements during an official Department interview.,,"DISMISSAL PROBATION (12 month(s) ), PRE-TRIAL SUSPENSION DAYS (30 day(s) )",charge,GUILTY
953018,1,01.Violated patrol rules.,NO DISCIPLINARY ACTION,,allegation,
953018,1,02.Wrongful entry of a premises.,NO DISCIPLINARY ACTION,,allegation,
953018,1,03.Wrongful search of a premises.,B-CD,,allegation,
950786,1,Failed to take police action.,,VACATION DAYS (10 day(s) ),charge,PLEADED GUILTY
962561,1,01.Wrongfully discourteous to an individual known to the department,A-CD,A - COMMAND DISCIPLINE,allegation,
944111,1,"WHILE OFF-DUTY, ENGAGED IN A PHYSICAL ALTERCATION WITH A PERSON KNOWN TO THE DEPARTMENT.",,"COUNSELING, PRE-TRIAL SUSPENSION DAYS (31 day(s) )",charge,GUILTY
944111,1,"ACTED IN A MANNER LIKELY TO BE INJURIOUS TO THE PHYSICAL, MENTAL OR MORAL WELFARE OF A CHILD LESS THAN SEVENTEEN (17) YEARS OLD.",,"COUNSELING, PRE-TRIAL SUSPENSION DAYS (31 day(s) )",charge,GUILTY
944111,1,"AFTER HAVING BEEN INVOLVED IN AN OFF-DUTY DOMESTIC INCIDENT, FAILED TO TIMELY NOTIFY THE OPERATIONS UNIT, AS REQUIRED.",,"COUNSELING, PRE-TRIAL SUSPENSION DAYS (31 day(s) )",charge,GUILTY
951487,1,01.Failed to activate body-worn camera.,TRAINING,TRAINING,allegation,
935216,1,01.Improper use of his body worn camera,TRAINING,TRAINING,allegation,
935216,2,01.Wrongfully discourteous to an individual known to the Department.,A-CD,,allegation,
935216,3,01.Violated patrol rules.,B-CD,,allegation,
928676,1,ON APPROXIMATELY FIVE (5) OCCASIONS WRONGFULLY CAUSED COMPLAINT REPORTS TO BE PREPARED INCORRECTLY.,,VACATION DAYS (60 day(s) ),charge,GUILTY
