taxid,full_name,first_name,last_name,middle_initial,rank,shield_no,appt_date,recognition_count,arrest_count,command,ethnicity,assignment_date,arrests_infraction,arrests_misdemeanor,arrests_felony,arrests_violation,arrests_other
956732,"HERNANDEZ, JOHAN M",JOHAN,HERNANDEZ,M,POLICE OFFICER,10107,7/9/2014,0,115,HIGHWAY UNIT 1,HISPANIC,7/16/2021,3,91,19,2,
952844,"HERNANDEZ, JOHN S",JOHN,HERNANDEZ,S,POLICE OFFICER,22889,7/11/2012,1,97,042 PRECINCT,HISPANIC,11/4/2013,1,82,14,,
936755,"HERNANDEZ, JONATHAN",JONATHAN,HERNANDEZ,,LIEUTENANT,,1/10/2005,14,66,UNIFORMED PROMOTIONS TRN UNIT,HISPANIC,10/30/2025,,51,,15,
953962,"HERNANDEZ, JONATHAN J",JONATHAN,HERNANDEZ,J,POLICE OFFICER,29867,1/9/2013,2,38,HOUSING PSA 2,HISPANIC,7/29/2021,1,18,14,5,
963883,"HERNANDEZ, JONATHAN L",JONATHAN,HERNANDEZ,L,POLICE OFFICER,26164,7/5/2017,4,141,094 PRECINCT,HISPANIC,1/9/2019,,42,99,,
983301,"HERNANDEZ, JONATHAN S",JONATHAN,HERNANDEZ,S,POLICE OFFICER,,8/20/2025,0,0,RTS RECRUITS,HISPANIC,8/20/2025,,,,,
936756,"HERNANDEZ, JOSE A",JOSE,HERNANDEZ,A,SERGEANT,4180,1/10/2005,8,247,048 PRECINCT,HISPANIC,12/23/2024,1,187,25,32,2
941899,"HERNANDEZ, JOSE U",JOSE,HERNANDEZ,U,POLICE OFFICER,8396,7/10/2006,0,132,STRATEGIC RESP GRP 2 BRONX,HISPANIC,11/10/2015,,111,21,,
954933,"HERNANDEZ, JOSE A",JOSE,HERNANDEZ,A,LIEUTENANT,,7/9/2013,0,60,028 PRECINCT,HISPANIC,10/29/2025,2,47,5,6,
964554,"HERNANDEZ, JOSE M",JOSE,HERNANDEZ,M,POLICE OFFICER,10700,10/18/2017,2,71,TRANSIT DISTRICT 12,HISPANIC,12/6/2018,,58,11,2,
965183,"HERNANDEZ, JOSE D",JOSE,HERNANDEZ,D,POLICE OFFICER,19507,1/10/2018,1,155,044 PRECINCT,HISPANIC,7/1/2021,,106,49,,
979929,"HERNANDEZ, JOSE",JOSE,HERNANDEZ,,POLICE OFFICER,1007,7/3/2024,0,12,019 PRECINCT,HISPANIC,6/6/2025,,8,3,1,
974182,"HERNANDEZ, JOSELITO",JOSELITO,HERNANDEZ,,POLICE OFFICER,11536,4/13/2022,0,4,TRANSIT DISTRICT 2,HISPANIC,12/26/2022,,4,,,
973463,"HERNANDEZ, JOSEPH J",JOSEPH,HERNANDEZ,J,POLICE OFFICER,18762,12/29/2021,0,105,048 PRECINCT,HISPANIC,12/21/2022,,76,29,,
975533,"HERNANDEZ, JOSHUA J",JOSHUA,HERNANDEZ,J,POLICE OFFICER,16250,10/19/2022,1,57,040 PRECINCT,HISPANIC,4/25/2023,,37,20,,
976708,"HERNANDEZ, JOSHUA J",JOSHUA,HERNANDEZ,J,POLICE OFFICER,26885,4/26/2023,0,41,050 PRECINCT,HISPANIC,10/31/2023,,28,13,,
977547,"HERNANDEZ, JOSHUA E",JOSHUA,HERNANDEZ,E,POLICE OFFICER,23963,7/19/2023,0,21,QUARTERMASTER SECTION,HISPANIC,1/30/2025,,12,9,,
935016,"HERNANDEZ, JUAN C",JUAN,HERNANDEZ,C,POLICE OFFICER,14023,7/1/2004,1,114,NARC BORO BRONX,HISPANIC,11/25/2024,,84,22,8,
949100,"HERNANDEZ, JUAN J",JUAN,HERNANDEZ,J,LIEUTENANT,,7/6/2010,8,99,DEP COMM PUBLIC INFORMATION,HISPANIC,10/3/2025,,86,3,10,
953963,"HERNANDEZ, JUAN M",JUAN,HERNANDEZ,M,SERGEANT,2028,1/9/2013,29,297,TRANSIT DISTRICT 4,HISPANIC,3/10/2022,,184,71,42,
959692,"HERNANDEZ, JUAN F",JUAN,HERNANDEZ,F,POLICE OFFICER,16068,10/7/2015,9,188,TB CITYWIDE VANDALS TASK FORCE,HISPANIC,3/24/2021,,183,4,1,
938662,"HERNANDEZ, JULIO C",JULIO,HERNANDEZ,C,DETECTIVE 3RD GRADE,559,7/11/2005,3,383,109TH DET SQUAD,HISPANIC,4/8/2016,2,180,194,7,
963568,"HERNANDEZ, JUSTIN A",JUSTIN,HERNANDEZ,A,POLICE OFFICER,2616,4/12/2017,0,316,043 PRECINCT,HISPANIC,5/2/2018,,254,61,1,
964053,"HERNANDEZ, JUSTIN",JUSTIN,HERNANDEZ,,POLICE OFFICER,23966,7/5/2017,7,195,INTERNAL AFFAIRS BUREAU,HISPANIC,2/25/2025,,143,51,1,
968485,"HERNANDEZ, KATHERINE",KATHERINE,HERNANDEZ,,POLICE OFFICER,26797,10/7/2019,1,42,077 PRECINCT,HISPANIC,3/10/2021,,35,4,3,
968486,"HERNANDEZ, KEILLY",KEILLY,HERNANDEZ,,POLICE OFFICER,6727,10/7/2019,0,125,041 PRECINCT,HISPANIC,3/10/2021,,78,46,1,
966620,"HERNANDEZ, KEVIN",KEVIN,HERNANDEZ,,POLICE OFFICER,7459,10/24/2018,2,45,077 PRECINCT,HISPANIC,11/25/2019,,21,24,,
978542,"HERNANDEZ, KYAN K",KYAN,HERNANDEZ,K,POLICE OFFICER,24318,1/3/2024,0,2,041 PRECINCT,HISPANIC,7/16/2024,,1,1,,
964054,"HERNANDEZ, LARAINE",LARAINE,HERNANDEZ,,POLICE OFFICER,18201,7/5/2017,0,49,048 DOMESTIC VIOLENCE SQUAD,HISPANIC,10/20/2025,,36,13,,
953102,"HERNANDEZ, LAUREN M",LAUREN,HERNANDEZ,M,POLICE OFFICER,12431,7/11/2012,3,118,COD INVESTIGATION REVIEW SECTION,WHITE,2/15/2021,4,89,12,13,
960665,"HERNANDEZ, LEAH",LEAH,HERNANDEZ,,POLICE OFFICER,15598,1/6/2016,5,34,HOUSING PSA 1,HISPANIC,2/14/2017,,24,8,2,
983302,"HERNANDEZ, LITZY Y",LITZY,HERNANDEZ,Y,POLICE OFFICER,,8/20/2025,0,0,RTS RECRUITS,HISPANIC,8/20/2025,,,,,
972691,"HERNANDEZ, LUIS R",LUIS,HERNANDEZ,R,POLICE OFFICER,6415,10/12/2021,0,25,TRANSIT DISTRICT 33,HISPANIC,11/20/2023,,18,5,2,
977548,"HERNANDEZ, LUIS A",LUIS,HERNANDEZ,A,POLICE OFFICER,21640,7/19/2023,7,43,049 DOMESTIC VIOLENCE SQUAD,HISPANIC,10/20/2025,,28,15,,
979930,"HERNANDEZ, MARIO I",MARIO,HERNANDEZ,I,POLICE OFFICER,13054,7/3/2024,0,13,HOUSING PSA 7,HISPANIC,9/2/2025,,11,2,,
928475,"HERNANDEZ, MARLENE",MARLENE,HERNANDEZ,,CAPTAIN,,7/2/2001,0,27,DET BORO MANHATTAN SOUTH,HISPANIC,10/23/2025,,18,9,,
969119,"HERNANDEZ, MARLEY M",MARLEY,HERNANDEZ,M,POLICE OFFICER,26492,1/6/2020,0,56,PBQN CITI FIELD DETAIL,HISPANIC,5/11/2023,,46,10,,
971995,"HERNANDEZ, MATTHEW",MATTHEW,HERNANDEZ,,POLICE OFFICER,27330,7/7/2021,0,47,007 PRECINCT,HISPANIC,12/30/2021,,35,12,,
970597,"HERNANDEZ, MAURICIO",MAURICIO,HERNANDEZ,,POLICE OFFICER,11373,12/29/2020,0,76,042 PRECINCT,HISPANIC,7/1/2021,,42,34,,
978543,"HERNANDEZ, MERLYNE R",MERLYNE,HERNANDEZ,R,POLICE OFFICER,19079,1/3/2024,0,29,019 PRECINCT,HISPANIC,7/16/2024,,21,8,,
947078,"HERNANDEZ, MICHAEL",MICHAEL,HERNANDEZ,,DETECTIVE SPECIALIST,3113,7/8/2008,2,953,TB METROCARD TASK FORCE,HISPANIC,4/15/2024,,514,326,113,
966621,"HERNANDEZ, MICHAEL A",MICHAEL,HERNANDEZ,A,POLICE OFFICER,3966,10/24/2018,6,99,TRANSIT DISTRICT 3,HISPANIC,6/26/2020,,76,21,1,1
967106,"HERNANDEZ, MICHAEL A",MICHAEL,HERNANDEZ,A,POLICE OFFICER,23917,1/3/2019,0,31,019 PRECINCT,HISPANIC,11/4/2024,,21,10,,
983303,"HERNANDEZ, MICHAEL A",MICHAEL,HERNANDEZ,A,POLICE OFFICER,,8/20/2025,0,0,RTS RECRUITS,HISPANIC,8/20/2025,,,,,
971474,"HERNANDEZ, MOISES W",MOISES,HERNANDEZ,W,POLICE OFFICER,13489,4/28/2021,1,5,MILITARY & EXTENDED LEAVE DESK,HISPANIC,2/19/2025,,4,1,,
981387,"HERNANDEZ, NATHALY C",NATHALY,HERNANDEZ,C,POLICE OFFICER,6752,1/29/2025,0,1,034 PCT FIELD TRAINING UNIT,HISPANIC,8/7/2025,,,1,,
967920,"HERNANDEZ, NAYELY",NAYELY,HERNANDEZ,,POLICE OFFICER,14524,7/1/2019,3,18,TRANSIT DISTRICT 1,HISPANIC,8/12/2020,,16,1,1,
954934,"HERNANDEZ, NELSON V",NELSON,HERNANDEZ,V,POLICE OFFICER,2220,7/9/2013,1,21,HOUSING PSA 3,HISPANIC,1/28/2016,,12,3,6,
949101,"HERNANDEZ, NICHOLAS J",NICHOLAS,HERNANDEZ,J,POLICE OFFICER,11071,7/6/2010,0,9,WORLD TRADE CENTER COMMAND,HISPANIC,7/21/2011,,5,,4,
968487,"HERNANDEZ, NICHOLAS G",NICHOLAS,HERNANDEZ,G,POLICE OFFICER,8647,10/7/2019,0,18,094 PRECINCT,HISPANIC,1/18/2024,1,11,6,,
977180,"HERNANDEZ, NICHOLAS R",NICHOLAS,HERNANDEZ,R,POLICE OFFICER,29809,7/5/2023,0,45,034 PRECINCT,HISPANIC,1/1/2024,,36,9,,
958693,"HERNANDEZ, NIVEZ A",NIVEZ,HERNANDEZ,A,POLICE OFFICER,19129,7/8/2015,14,239,TRANSIT DISTRICT 32,HISPANIC,9/5/2024,,179,28,32,
967545,"HERNANDEZ, OSCAR S",OSCAR,HERNANDEZ,S,POLICE OFFICER,6231,4/15/2019,3,117,048 PRECINCT,HISPANIC,10/14/2020,,76,38,3,
949102,"HERNANDEZ, OSVALDO A",OSVALDO,HERNANDEZ,A,SERGEANT,4768,7/6/2010,5,138,020 DET SQUAD,HISPANIC,4/9/2025,,113,18,7,
979931,"HERNANDEZ, PAMELA",PAMELA,HERNANDEZ,,POLICE OFFICER,750,7/3/2024,0,16,052 PRECINCT,HISPANIC,9/15/2025,,12,4,,
927788,"HERNANDEZ, RALFI A",RALFI,HERNANDEZ,A,DETECTIVE 2ND GRADE,4628,7/1/2001,11,1221,SID COMPUTER CRIMES,HISPANIC,5/28/2020,3,979,222,15,2
936758,"HERNANDEZ, RAMON A",RAMON,HERNANDEZ,A,POLICE OFFICER,15702,1/10/2005,13,111,CT OPERATIONAL SUPPORT SECTION,HISPANIC,3/17/2025,,80,31,,
949103,"HERNANDEZ, RAMON M",RAMON,HERNANDEZ,M,LIEUTENANT,,7/6/2010,0,19,TRANSIT DISTRICT 12,HISPANIC,7/11/2022,,16,2,1,
977181,"HERNANDEZ, RANDY R",RANDY,HERNANDEZ,R,POLICE OFFICER,13537,7/5/2023,0,19,017 PRECINCT,HISPANIC,1/1/2024,,12,7,,
970598,"HERNANDEZ, ROBERT L",ROBERT,HERNANDEZ,L,POLICE OFFICER,12367,12/29/2020,0,23,050 PRECINCT,HISPANIC,7/1/2021,,14,9,,
923442,"HERNANDEZ, RONALD",RONALD,HERNANDEZ,,POLICE OFFICER,16001,7/6/1999,2,142,CRITICAL RESPONSE COMMAND,HISPANIC,10/30/2015,,128,10,4,
969786,"HERNANDEZ, RONALD",RONALD,HERNANDEZ,,POLICE OFFICER,24191,11/2/2020,0,34,CENTRAL PARK PRECINCT,HISPANIC,5/23/2024,,26,8,,
977182,"HERNANDEZ, SAMANTHA N",SAMANTHA,HERNANDEZ,N,POLICE OFFICER,14079,7/5/2023,0,3,LB BODY WORN CAMERA LEGAL UNIT,HISPANIC,5/20/2024,,1,2,,
983304,"HERNANDEZ, SAMUEL E",SAMUEL,HERNANDEZ,E,POLICE OFFICER,,8/20/2025,0,0,RTS RECRUITS,HISPANIC,8/20/2025,,,,,
975532,"HERNANDEZ, SCOTTY J",SCOTTY,HERNANDEZ,J,POLICE OFFICER,15859,10/19/2022,0,19,TRANSIT DISTRICT 1,HISPANIC,7/15/2024,,11,4,4,
965185,"HERNANDEZ, SEBASTIAN A",SEBASTIAN,HERNANDEZ,A,POLICE OFFICER,2002,1/10/2018,25,85,046 PRECINCT,HISPANIC,5/8/2019,,27,56,1,1
960666,"HERNANDEZ, SHACHA",SHACHA,HERNANDEZ,,POLICE OFFICER,12005,1/6/2016,0,30,TRANSIT DISTRICT 30,HISPANIC,3/17/2025,,20,4,6,
977549,"HERNANDEZ, SHAYLIN C",SHAYLIN,HERNANDEZ,C,POLICE OFFICER,25006,7/19/2023,0,32,034 PRECINCT,HISPANIC,2/18/2025,,24,8,,
956733,"HERNANDEZ, SHELBY M",SHELBY,HERNANDEZ,M,DETECTIVE 3RD GRADE,1441,7/9/2014,9,262,MILITARY & EXTENDED LEAVE DESK,HISPANIC,1/21/2025,3,141,113,5,
976710,"HERNANDEZ, SMARLYN",SMARLYN,HERNANDEZ,,POLICE OFFICER,24506,4/26/2023,0,18,047 PRECINCT,HISPANIC,5/9/2024,,8,10,,
954935,"HERNANDEZ, STEVE",STEVE,HERNANDEZ,,POLICE OFFICER,744,7/9/2013,1,48,HOUSING PSA 3,HISPANIC,2/9/2023,2,34,4,8,
967107,"HERNANDEZ, STEVE R",STEVE,HERNANDEZ,R,POLICE OFFICER,23552,1/3/2019,0,24,TRANSIT DISTRICT 11,HISPANIC,9/1/2021,,18,5,1,
965186,"HERNANDEZ, STEVEN",STEVEN,HERNANDEZ,,POLICE OFFICER,135,1/10/2018,0,31,BROOKLYN COURT SECTION,HISPANIC,9/11/2023,,18,12,1,
952845,"HERNANDEZ, SULEIDY M",SULEIDY,HERNANDEZ,M,POLICE OFFICER,22554,7/11/2012,0,27,MANHATTAN WARRANT SQD,HISPANIC,9/2/2025,,21,6,,
941900,"HERNANDEZ, TANISHA Y",TANISHA,HERNANDEZ,Y,POLICE OFFICER,3935,7/10/2006,0,176,COD DOMESTIC VIOLENCE UNIT,HISPANIC,11/27/2017,1,95,80,,
930343,"HERNANDEZ, TOMAS",TOMAS,HERNANDEZ,,POLICE OFFICER,6224,7/1/2002,1,215,COD DOMESTIC VIOLENCE UNIT,HISPANIC,9/16/2021,1,160,54,,
969118,"HERNANDEZ, VALERIE M",VALERIE,HERNANDEZ,M,POLICE OFFICER,23034,1/6/2020,0,67,NARC BORO BRONX,HISPANIC,1/6/2025,,39,28,,
967546,"HERNANDEZ, VIVIANA",VIVIANA,HERNANDEZ,,DETECTIVE 3RD GRADE,7727,4/15/2019,0,152,MANHATTAN NORTH GRAND LARCENY SQD,HISPANIC,1/2/2022,,29,123,,
932787,"HERNANDEZ, WILBERT M",WILBERT,HERNANDEZ,M,DETECTIVE 3RD GRADE,4925,7/1/2003,10,580,NARC BORO BRONX,HISPANIC,1/16/2015,,414,164,2,
975298,"HERNANDEZ, WILDANIA",WILDANIA,HERNANDEZ,,POLICE OFFICER,25095,7/22/2022,0,8,MILITARY & EXTENDED LEAVE DESK,HISPANIC,12/8/2024,,7,1,,
946602,"HERNANDEZ, WILLIAM",WILLIAM,HERNANDEZ,,SERGEANT,4189,7/8/2008,9,108,072 PRECINCT,HISPANIC,9/14/2020,,71,18,19,
961817,"HERNANDEZ, WILLIAM A",WILLIAM,HERNANDEZ,A,POLICE OFFICER,13519,7/13/2016,2,44,YANKEE STADIUM DETAIL,HISPANIC,4/7/2023,,28,16,,
967547,"HERNANDEZ, WILLIAM B",WILLIAM,HERNANDEZ,B,POLICE OFFICER,15338,4/15/2019,1,60,067 PRECINCT,HISPANIC,10/14/2020,,34,26,,
944650,"HERNANDEZ, WILLMER D",WILLMER,HERNANDEZ,D,POLICE OFFICER,5901,7/9/2007,11,131,076 DOMESTIC VIOLENCE SQUAD,HISPANIC,10/20/2025,1,93,30,6,1
979214,"HERNANDEZ, WILMINGTON",WILMINGTON,HERNANDEZ,,POLICE OFFICER,2908,4/24/2024,0,19,043 PRECINCT,HISPANIC,11/1/2024,,14,5,,
979217,"HERNANDEZARGUETA, MELISSA S",MELISSA,HERNANDEZARGUETA,S,POLICE OFFICER,1516,4/24/2024,0,28,063 PRECINCT,HISPANIC,11/1/2024,,13,13,2,
967919,"HERNANDEZCARPIO, ISMAEL J",ISMAEL,HERNANDEZCARPIO,J,POLICE OFFICER,19759,7/1/2019,6,111,072 PRECINCT,HISPANIC,10/22/2020,,71,40,,
973465,"HERNANDEZCRUZ, RONNY A",RONNY,HERNANDEZCRUZ,A,POLICE OFFICER,29344,12/29/2021,0,11,DET BORO QUEENS NORTH,HISPANIC,4/28/2025,,7,4,,
980591,"HERNANDEZCUADRAS, JESICA B",JESICA,HERNANDEZCUADRAS,B,POLICE OFFICER,13624,10/30/2024,0,9,073 PCT FIELD TRAINING UNIT,HISPANIC,7/28/2025,,5,5,,
982342,"HERNANDEZGONZALEZ, ADRIANA R",ADRIANA,HERNANDEZGONZALEZ,R,POLICE OFFICER,3208,4/30/2025,0,0,RTS RECRUITS,HISPANIC,4/30/2025,,,,,
980588,"HERNANDEZGONZALEZ, JOSE L",JOSE,HERNANDEZGONZALEZ,L,POLICE OFFICER,14268,10/30/2024,0,8,067 PCT FIELD TRAINING UNIT,HISPANIC,7/28/2025,,10,1,,
980589,"HERNANDEZGONZALEZ, MONICA",MONICA,HERNANDEZGONZALEZ,,POLICE OFFICER,10145,10/30/2024,0,16,PSA 5 FIELD TRAINING UNIT,HISPANIC,7/28/2025,,11,9,,
971092,"HERNANDEZHACHAC, GIANJAIRA",GIANJAIRA,HERNANDEZHACHAC,,POLICE OFFICER,25659,2/24/2021,1,45,110 PRECINCT,HISPANIC,9/20/2023,,28,17,,
968488,"HERNANDEZLOPEZ, GISELLE G",GISELLE,HERNANDEZLOPEZ,G,POLICE OFFICER,25537,10/7/2019,1,31,083 PRECINCT,HISPANIC,3/10/2021,,18,9,4,
979215,"HERNANDEZMEDINA, MIA D",MIA,HERNANDEZMEDINA,D,POLICE OFFICER,16570,4/24/2024,0,32,042 PRECINCT,HISPANIC,11/1/2024,,17,15,,
979216,"HERNANDEZMORAN, RONALD W",RONALD,HERNANDEZMORAN,W,POLICE OFFICER,4008,4/24/2024,0,2,BRONX COURT SECTION,HISPANIC,1/7/2025,,2,,,
975299,"HERNANDEZMUNOZ, LUIS C",LUIS,HERNANDEZMUNOZ,C,POLICE OFFICER,25104,7/22/2022,0,23,001 PRECINCT,HISPANIC,1/5/2023,,15,8,,
982344,"HERNANDEZNUNEZ, FELIXAUL",FELIXAUL,HERNANDEZNUNEZ,,POLICE OFFICER,3613,4/30/2025,0,0,RTS RECRUITS,HISPANIC,4/30/2025,,,,,
967108,"HERNANDEZRAMOS, MICHAEL",MICHAEL,HERNANDEZRAMOS,,POLICE OFFICER,25322,1/3/2019,0,28,TRANSIT DISTRICT 11,HISPANIC,2/13/2020,,25,3,,
980590,"HERNANDEZRIVAS, ELSY M",ELSY,HERNANDEZRIVAS,M,POLICE OFFICER,5485,10/30/2024,0,7,043 PCT FIELD TRAINING UNIT,HISPANIC,7/28/2025,,5,2,,
976182,"HERNANDEZROQUE, YOKAIRY",YOKAIRY,HERNANDEZROQUE,,POLICE OFFICER,8570,1/17/2023,0,28,018 PCT-MIDTOWN NO. PCT,HISPANIC,7/26/2023,1,18,9,,
982347,"HERNANDEZSEVILLA, ALYSSA N",ALYSSA,HERNANDEZSEVILLA,N,POLICE OFFICER,8483,4/30/2025,0,0,RTS RECRUITS,BLACK,4/30/2025,,,,,
972692,"HERNANDEZTORRES, JESUS",JESUS,HERNANDEZTORRES,,POLICE OFFICER,3634,10/12/2021,4,120,109 PRECINCT,HISPANIC,11/4/2024,,79,41,,
983305,"HERNANDEZVALENCIA, CHRISTIAN E",CHRISTIAN,HERNANDEZVALENCIA,E,POLICE OFFICER,,8/20/2025,0,0,RTS RECRUITS,HISPANIC,8/20/2025,,,,,
974917,"HERNANDEZVARGAS, PAUL M",PAUL,HERNANDEZVARGAS,M,POLICE OFFICER,16296,7/13/2022,0,31,047 PRECINCT,HISPANIC,1/5/2023,2,20,9,,
977550,"HERNANDEZVASQUEZ, OSCAR A",OSCAR,HERNANDEZVASQUEZ,A,POLICE OFFICER,25772,7/19/2023,0,31,108 PRECINCT,HISPANIC,1/1/2024,,24,7,,
941129,"HERNDON, JANICE G",JANICE,HERNDON,G,SGT DET SQUAD,5544,1/31/2006,1,57,BROOKLYN CHILD ABUSE SQUAD,WHITE,6/7/2021,,45,10,2,
938663,"HERNDONSOTO, ALAN",ALAN,HERNDONSOTO,,DETECTIVE 3RD GRADE,2200,7/11/2005,0,156,INTERNAL AFFAIRS BUREAU,HISPANIC,9/4/2019,3,120,24,9,
970358,"HERODMCPHERSON, MICHAEL J",MICHAEL,HERODMCPHERSON,J,POLICE OFFICER,18186,11/16/2020,0,27,CRIMINAL INTELLIGENCE SECTION,BLACK,7/26/2024,,15,11,1,
944078,"HERON, RORY",RORY,HERON,,SERGEANT,2137,1/23/2007,2,177,067 PRECINCT,BLACK,10/4/2021,4,112,47,14,
941039,"HERRARTE, KENNETH",KENNETH,HERRARTE,,DEPUTY INSPECTOR,,1/31/2006,2,41,066 PRECINCT,HISPANIC,9/27/2023,,37,4,,
976184,"HERRERA, ALBERTO L",ALBERTO,HERRERA,L,POLICE OFFICER,148,1/17/2023,0,39,041 PRECINCT,HISPANIC,7/26/2023,,26,13,,
982348,"HERRERA, ALEX G",ALEX,HERRERA,G,POLICE OFFICER,10779,4/30/2025,0,0,RTS RECRUITS,HISPANIC,4/30/2025,,,,,
981388,"HERRERA, ALONDRA",ALONDRA,HERRERA,,POLICE OFFICER,9209,1/29/2025,0,8,103 PCT FIELD TRAINING UNIT,HISPANIC,8/7/2025,,5,2,1,
971997,"HERRERA, ANDY",ANDY,HERRERA,,POLICE OFFICER,27099,7/7/2021,0,23,WORLD TRADE CENTER COMMAND,HISPANIC,11/18/2024,,17,6,,
952846,"HERRERA, CARINA L",CARINA,HERRERA,L,DETECTIVE 3RD GRADE,5036,7/11/2012,0,223,QUEENS CHILD ABUSE SQUAD,HISPANIC,10/30/2022,,152,66,5,
952847,"HERRERA, CARLOS A",CARLOS,HERRERA,A,SERGEANT,4176,7/11/2012,33,313,"GUN VIOL SUPP DIV Z1 (BK,Q,SI)",HISPANIC,4/10/2024,2,137,116,58,
969787,"HERRERA, CARLOS G",CARLOS,HERRERA,G,POLICE OFFICER,24364,11/2/2020,2,30,INTEL CIS FIO PROGRAM,HISPANIC,8/7/2025,,19,11,,
970599,"HERRERA, CESIA D",CESIA,HERRERA,D,POLICE OFFICER,8718,12/29/2020,1,87,088 DOMESTIC VIOLENCE SQUAD,HISPANIC,10/20/2025,,44,43,,
977551,"HERRERA, CHRISTIAN A",CHRISTIAN,HERRERA,A,POLICE OFFICER,22806,7/19/2023,0,22,030 PRECINCT,HISPANIC,1/1/2024,,20,2,,
980592,"HERRERA, DAIGUEL",DAIGUEL,HERRERA,,POLICE OFFICER,21866,10/30/2024,0,7,044 PCT FIELD TRAINING UNIT,HISPANIC,7/28/2025,,6,1,,
964555,"HERRERA, EDUARD E",EDUARD,HERRERA,E,POLICE OFFICER,10140,10/18/2017,4,61,TB ANTI TERRORISM 1,HISPANIC,6/23/2025,,47,4,7,3
978544,"HERRERA, EDWIN A",EDWIN,HERRERA,A,POLICE OFFICER,26454,1/3/2024,1,23,067 PRECINCT,HISPANIC,7/16/2024,,17,6,,
982349,"HERRERA, ELVIN",ELVIN,HERRERA,,POLICE OFFICER,13270,4/30/2025,0,0,RTS RECRUITS,HISPANIC,4/30/2025,,,,,
978920,"HERRERA, ERICK",ERICK,HERRERA,,POLICE OFFICER,1883,1/17/2024,0,14,042 PRECINCT,HISPANIC,7/16/2024,,11,2,1,
983306,"HERRERA, GIOVANI",GIOVANI,HERRERA,,POLICE OFFICER,,8/20/2025,0,0,RTS RECRUITS,HISPANIC,8/20/2025,,,,,
941218,"HERRERA, GUIDO J",GUIDO,HERRERA,J,DETECTIVE SPECIALIST,5141,7/10/2006,0,27,MANHATTAN COURT SECTION,HISPANIC,10/27/2011,,25,2,,
975534,"HERRERA, JENIFER E",JENIFER,HERRERA,E,POLICE OFFICER,16950,10/19/2022,0,22,TRANSIT DISTRICT 32,HISPANIC,9/4/2024,,17,2,3,
941040,"HERRERA, JESSICA I",JESSICA,HERRERA,I,DETECTIVE 3RD GRADE,4414,1/31/2006,0,299,DET BORO BKLYN SOUTH,HISPANIC,7/21/2025,,138,146,15,
980593,"HERRERA, JESSICA L",JESSICA,HERRERA,L,POLICE OFFICER,14273,10/30/2024,0,7,040 PCT FIELD TRAINING UNIT,HISPANIC,7/28/2025,,2,5,,
976711,"HERRERA, JORDAN A",JORDAN,HERRERA,A,POLICE OFFICER,17528,4/26/2023,0,42,052 PRECINCT,HISPANIC,10/31/2023,,36,6,,
981389,"HERRERA, JOSEPH E",JOSEPH,HERRERA,E,POLICE OFFICER,8088,1/29/2025,0,2,023 PCT FIELD TRAINING UNIT,HISPANIC,8/7/2025,,2,,,
964556,"HERRERA, KEVIN L",KEVIN,HERRERA,L,POLICE OFFICER,12928,10/18/2017,15,69,067 PRECINCT,HISPANIC,1/9/2019,,33,36,,
976524,"HERRERA, KLEIVER O",KLEIVER,HERRERA,O,POLICE OFFICER,11467,1/31/2023,0,72,043 PRECINCT,HISPANIC,7/26/2023,1,49,22,,
971998,"HERRERA, MANUEL G",MANUEL,HERRERA,G,POLICE OFFICER,26180,7/7/2021,2,70,110 DOMESTIC VIOLENCE SQUAD,WHITE,10/20/2025,,41,29,,
983307,"HERRERA, MELVIN",MELVIN,HERRERA,,POLICE OFFICER,,8/20/2025,0,0,RTS RECRUITS,HISPANIC,8/20/2025,,,,,
960667,"HERRERA, PEDRO J",PEDRO,HERRERA,J,POLICE OFFICER,5346,1/6/2016,7,100,047 PRECINCT,HISPANIC,2/14/2017,2,65,32,1,
936761,"HERRERA, SAMUEL",SAMUEL,HERRERA,,LT DET COMMANDER,,1/10/2005,42,111,DET BORO BKLYN NO HOMICIDE SQ,HISPANIC,8/16/2018,,29,73,9,
968489,"HERRERA, SHAKIRA",SHAKIRA,HERRERA,,DETECTIVE 3RD GRADE,1666,10/7/2019,0,135,049 DET SQUAD,HISPANIC,7/21/2025,,37,98,,
952848,"HERRERABAYAS, RICHARD A",RICHARD,HERRERABAYAS,A,SERGEANT,1663,7/11/2012,2,75,FIREARMS & TACTICS SECTION,HISPANIC,1/26/2024,1,61,13,,
977183,"HERRERACASTILLO, RICHY",RICHY,HERRERACASTILLO,,POLICE OFFICER,14666,7/5/2023,0,24,034 PRECINCT,HISPANIC,1/1/2024,,21,3,,
971476,"HERRERAMENDEZ, JOSE E",JOSE,HERRERAMENDEZ,E,POLICE OFFICER,14880,4/28/2021,0,51,033 PRECINCT,HISPANIC,10/28/2021,,32,19,,
977953,"HERRERAPALMA, CESAR E",CESAR,HERRERAPALMA,E,POLICE OFFICER,173,10/25/2023,0,30,HOUSING PSA 2,HISPANIC,5/7/2024,,17,13,,
977184,"HERRERAREYES, ASHLEY",ASHLEY,HERRERAREYES,,POLICE OFFICER,15127,7/5/2023,0,27,025 PRECINCT,HISPANIC,1/1/2024,,24,3,1,
977185,"HERRERAROMERO, CHRISTOPHER S",CHRISTOPHER,HERRERAROMERO,S,POLICE OFFICER,13600,7/5/2023,0,3,TRANSIT DISTRICT 3,HISPANIC,1/1/2024,,3,,,
982350,"HERRERAVAZQUEZ, CARLOS G",CARLOS,HERRERAVAZQUEZ,G,POLICE OFFICER,19593,4/30/2025,0,0,RTS RECRUITS,HISPANIC,4/30/2025,,,,,
974184,"HERRON, AMANDA L",AMANDA,HERRON,L,POLICE OFFICER,11544,4/13/2022,0,23,HOUSING PSA 9,BLACK,12/26/2022,,19,4,,
956734,"HERSH, DANIEL M",DANIEL,HERSH,M,DETECTIVE 3RD GRADE,6758,7/9/2014,4,87,POL LAB FIREARMS ANALYSIS SEC,HISPANIC,4/16/2021,,58,29,,
945821,"HERTRICH, MICHAEL A",MICHAEL,HERTRICH,A,DETECTIVE SPECIALIST,7422,1/7/2008,8,121,CHIEF OF DEPARTMENT,WHITE,5/21/2025,1,105,10,5,
973468,"HERTZWIG, CONNOR S",CONNOR,HERTZWIG,S,POLICE OFFICER,30625,12/29/2021,0,82,PBQS JAMAICA AVE BID,WHITE,12/21/2022,,66,16,,
965187,"HERVEY, DAVID S",DAVID,HERVEY,S,POLICE OFFICER,30919,1/10/2018,8,105,052 PRECINCT,WHITE,7/17/2025,,69,35,1,
981390,"HERVING, LAYQWAN",LAYQWAN,HERVING,,POLICE OFFICER,10170,1/29/2025,0,1,032 PCT FIELD TRAINING UNIT,BLACK,8/7/2025,,1,,,
955981,"HERZOG, STEVEN J",STEVEN,HERZOG,J,SERGEANT,583,1/8/2014,1,30,IAB INVESTIGATIONS UNIT 32,WHITE,5/7/2024,,19,6,5,
964557,"HESLIN, DARIA N",DARIA,HESLIN,N,DETECTIVE 3RD GRADE,1802,10/18/2017,7,174,116TH DET SQUAD,WHITE,12/12/2024,,72,99,3,
972693,"HESLIN, LIAM J",LIAM,HESLIN,J,POLICE OFFICER,2765,10/12/2021,0,18,HOUSING PSA 4,WHITE,4/14/2022,,12,6,,
979218,"HESLIN, THOMAS P",THOMAS,HESLIN,P,POLICE OFFICER,19871,4/24/2024,0,37,018 PCT-MIDTOWN NO. PCT,WHITE,11/1/2024,,25,12,,
962474,"HESPELER, WILLIAM S",WILLIAM,HESPELER,S,DETECTIVE 3RD GRADE,2693,10/11/2016,16,258,116TH DET SQUAD,WHITE,12/12/2024,1,120,135,2,
956735,"HESS, GREGORY A",GREGORY,HESS,A,POLICE OFFICER,89,7/9/2014,7,56,AVIATION UNIT,WHITE,4/11/2019,2,45,8,1,
949868,"HESTERHAGEN, ROBERT E",ROBERT,HESTERHAGEN,E,LIEUTENANT,,7/6/2011,71,203,068 DET SQUAD,WHITE,8/14/2025,,118,84,1,
959695,"HEUGAS, DOMINICK",DOMINICK,HEUGAS,,POLICE OFFICER,19465,10/7/2015,4,122,049 PRECINCT,HISPANIC,11/18/2016,1,89,32,,
938666,"HEURTELOU, NASTASSIA A",NASTASSIA,HEURTELOU,A,POLICE OFFICER,21831,7/11/2005,0,116,MOVIE & TV UNIT,BLACK,10/5/2014,2,94,14,6,
925452,"HEUSER, JOHN R",JOHN,HEUSER,R,POLICE OFFICER,29808,3/1/2000,1,45,EMERGENCY SERVICE UNIT,WHITE,1/17/2014,1,31,7,6,
917756,"HEWITSON, CHRISTOPHER B",CHRISTOPHER,HEWITSON,B,SGT SPECIAL ASSIGN,2150,7/26/1996,17,0,018 PCT-MIDTOWN NO. PCT,WHITE,4/14/2003,,,,,
950585,"HEWITT, JOHN T",JOHN,HEWITT,T,POLICE OFFICER,2308,7/6/2011,1,49,HOUSING PSA 9,WHITE,12/12/2024,,24,5,19,1
979632,"HEWITT, KYLE J",KYLE,HEWITT,J,POLICE OFFICER,5612,5/8/2024,0,5,033 PRECINCT,WHITE,8/18/2025,,5,,,
967109,"HEYER, CHRISTINA R",CHRISTINA,HEYER,R,POLICE OFFICER,7916,1/3/2019,6,56,TARU DRONE TEAM,WHITE,8/29/2024,,39,15,2,
936762,"HIBBERT, KAREEM A",KAREEM,HIBBERT,A,DETECTIVE 3RD GRADE,2864,1/10/2005,1,506,063 DET SQUAD,BLACK,1/7/2020,1,293,195,17,
971477,"HICHEZFERNANDEZ, VICTORIA A",VICTORIA,HICHEZFERNANDEZ,A,POLICE OFFICER,21068,4/28/2021,0,20,033 PRECINCT,HISPANIC,10/28/2021,,15,5,,
963070,"HICHEZPIMENTEL, FRANKELINA",FRANKELINA,HICHEZPIMENTEL,,POLICE OFFICER,29214,1/4/2017,1,17,045 PRECINCT,HISPANIC,9/9/2025,,15,2,,
977552,"HICIANO, ITZAMARY E",ITZAMARY,HICIANO,E,POLICE OFFICER,22835,7/19/2023,0,16,020 PRECINCT,HISPANIC,1/1/2024,,10,6,,
969790,"HICIANO, KARINA",KARINA,HICIANO,,POLICE OFFICER,24960,11/2/2020,1,23,050 PRECINCT,HISPANIC,9/2/2025,,13,10,,
979219,"HICIANO, OMAR V",OMAR,HICIANO,V,POLICE OFFICER,8752,4/24/2024,0,19,WAREHOUSE SYSTEM,HISPANIC,7/11/2025,,17,2,,
957674,"HICIANO, TOMAS F",TOMAS,HICIANO,F,POLICE OFFICER,16561,1/7/2015,3,54,LSSD ELECTRONICS SECTION,HISPANIC,10/13/2025,1,41,11,1,
967548,"HICIANO, VICTOR A",VICTOR,HICIANO,A,POLICE OFFICER,13496,4/15/2019,0,9,YOUTH STRATEGIES DIVISION,HISPANIC,8/25/2025,,3,6,,
980594,"HICIANOROBLES, ESMERALDA",ESMERALDA,HICIANOROBLES,,POLICE OFFICER,15661,10/30/2024,0,4,048 PCT FIELD TRAINING UNIT,HISPANIC,7/28/2025,,4,,,
950586,"HICKEY, BRIAN P",BRIAN,HICKEY,P,DETECTIVE 3RD GRADE,6833,7/6/2011,6,318,006 DET SQUAD,WHITE,8/31/2020,,147,163,8,
928480,"HICKEY, JOSEPH",JOSEPH,HICKEY,,DETECTIVE 3RD GRADE,4177,7/2/2001,8,379,SPECIAL INVESTIGATIONS UNIT,WHITE,1/5/2024,,134,241,3,1
958695,"HICKEY, KEVIN R",KEVIN,HICKEY,R,POLICE OFFICER,17829,7/8/2015,9,81,052 PRECINCT,WHITE,12/30/2015,1,41,36,1,2
959426,"HICKEY, THOMAS P",THOMAS,HICKEY,P,POLICE OFFICER,19259,7/8/2015,2,79,116 PRECINCT,WHITE,10/16/2025,,40,38,1,
957675,"HICKMAN, JAMES R",JAMES,HICKMAN,R,POLICE OFFICER,27081,1/7/2015,0,61,HOUSING PSA 3,WHITE,7/3/2015,,42,11,8,
936763,"HICKMAN, SHENITA R",SHENITA,HICKMAN,R,POLICE OFFICER,18492,1/10/2005,1,116,088 PRECINCT,BLACK,9/29/2025,2,82,24,8,
960669,"HICKMON, BRITTNEY J",BRITTNEY,HICKMON,J,DETECTIVE 3RD GRADE,1734,1/6/2016,2,89,MANHATTAN TRANSIT CRIMES SQD,BLACK,5/21/2025,,61,22,6,
948544,"HICKS, BRANDIS L",BRANDIS,HICKS,L,DETECTIVE SPECIALIST,3137,1/11/2010,1,382,STRATEGIC RESP GRP 4 QUEENS,BLACK,9/14/2016,3,273,19,88,
928481,"HICKS, RALPH E",RALPH,HICKS,E,LT DET COMMANDER,,7/2/2001,4,144,TECH. ASSIST. & RESPONSE UNIT,BLACK,7/6/2020,,82,55,7,
949105,"HICKS, RICHARD A",RICHARD,HICKS,A,POLICE OFFICER,5776,7/6/2010,0,50,CHARACTER ASSESSMENT SECTION,WHITE,10/23/2025,,26,7,17,
974185,"HICKS, RYAN D",RYAN,HICKS,D,POLICE OFFICER,12805,4/13/2022,0,56,120 DOMESTIC VIOLENCE SQUAD,WHITE,10/20/2025,,25,31,,
972000,"HICKS, SAMARA B",SAMARA,HICKS,B,POLICE OFFICER,25420,7/7/2021,0,22,112 PRECINCT,BLACK,12/30/2021,,12,8,2,
967111,"HICKS, SHANIECE D",SHANIECE,HICKS,D,POLICE OFFICER,26971,1/3/2019,5,100,067 PRECINCT,BLACK,7/1/2024,,47,53,,
929562,"HICKS, YASMIN Q",YASMIN,HICKS,Q,LIEUTENANT,,7/1/2002,0,16,OPERATIONS DIVISION,BLACK,9/25/2023,,10,5,1,
979220,"HICKSON, EDWARD F",EDWARD,HICKSON,F,POLICE OFFICER,9373,4/24/2024,0,12,020 PRECINCT,WHITE,11/1/2024,,8,3,1,
976525,"HICKSON, MATTHEW D",MATTHEW,HICKSON,D,POLICE OFFICER,11487,1/31/2023,0,50,106 PRECINCT,BLACK,7/26/2023,,29,19,2,
968490,"HICKSON, STANLEY J",STANLEY,HICKSON,J,POLICE OFFICER,12378,10/7/2019,0,72,083 PRECINCT,BLACK,8/14/2023,,41,31,,
953968,"HIDALGO, CARLINA",CARLINA,HIDALGO,,POLICE OFFICER,22452,1/9/2013,0,58,041 PRECINCT,HISPANIC,5/17/2025,,44,13,1,
972001,"HIDALGO, CARLOS M",CARLOS,HIDALGO,M,POLICE OFFICER,26614,7/7/2021,1,38,047 PRECINCT,HISPANIC,12/30/2021,1,28,9,,
950587,"HIDALGO, JOAN",JOAN,HIDALGO,,DETECTIVE 3RD GRADE,4369,7/6/2011,3,353,NARC BORO QUEENS NORTH,HISPANIC,12/18/2016,,198,130,23,2
930353,"HIDALGO, JOHN E",JOHN,HIDALGO,E,DETECTIVE 2ND GRADE,584,7/1/2002,12,434,COLD CASE SQUAD,HISPANIC,12/17/2024,,235,170,28,1
954937,"HIDALGO, JOSE",JOSE,HIDALGO,,POLICE OFFICER,19247,7/9/2013,0,101,MILITARY & EXTENDED LEAVE DESK,HISPANIC,8/16/2025,,79,3,19,
936764,"HIDALGO, JOSENNY",JOSENNY,HIDALGO,,LT DET COMMANDER,,1/10/2005,2,40,MANHATTAN NORTH VICE MODULE,HISPANIC,5/3/2021,1,33,6,,
936043,"HIDALGO, MICHAELANGELO",MICHAELANGELO,HIDALGO,,SERGEANT,497,1/10/2005,8,411,TRANSIT DISTRICT 30,HISPANIC,7/15/2024,,283,116,12,
958696,"HIDALGO, RICARDO A",RICARDO,HIDALGO,A,POLICE OFFICER,21045,7/8/2015,0,36,PSA 9 VIPER 3,HISPANIC,12/6/2024,,26,7,3,
983308,"HIDALGO, ROBERT",ROBERT,HIDALGO,,POLICE OFFICER,,8/20/2025,0,0,RTS RECRUITS,HISPANIC,8/20/2025,,,,,
979221,"HIDALGO, YASMIN",YASMIN,HIDALGO,,POLICE OFFICER,9997,4/24/2024,0,17,024 PRECINCT,HISPANIC,11/1/2024,,17,,,
944080,"HIDALGO, YOEL",YOEL,HIDALGO,,CAPTAIN,,1/23/2007,6,93,HOUSING PSA 7,HISPANIC,4/25/2025,,78,9,6,
951820,"HIDALGOGOLDMAN, JHUNAISSY",JHUNAISSY,HIDALGOGOLDMAN,,POLICE OFFICER,12852,1/9/2012,0,97,043 PRECINCT,HISPANIC,1/13/2018,3,73,20,1,
968491,"HIDALGORODRIGUEZ, ELVIS J",ELVIS,HIDALGORODRIGUEZ,J,POLICE OFFICER,19257,10/7/2019,0,98,052 PRECINCT,HISPANIC,3/10/2021,,54,44,,
983309,"HIDALGOSURIEL, ASHLEY",ASHLEY,HIDALGOSURIEL,,POLICE OFFICER,,8/20/2025,0,0,RTS RECRUITS,HISPANIC,8/20/2025,,,,,
972695,"HIDALGOURENA, YESSI W",YESSI,HIDALGOURENA,W,POLICE OFFICER,7543,10/12/2021,1,20,034 PRECINCT,HISPANIC,4/14/2022,,10,10,,
965188,"HIERRO, NARELYS",NARELYS,HIERRO,,POLICE OFFICER,9161,1/10/2018,0,22,MANHATTAN COURT SECTION,HISPANIC,11/9/2023,,10,12,,
967921,"HIERRO, RODNEY",RODNEY,HIERRO,,POLICE OFFICER,16436,7/1/2019,0,49,REAL TIME CRIME CENTER,HISPANIC,8/25/2025,,27,22,,
952849,"HIGGINS, CAITLIN E",CAITLIN,HIGGINS,E,DETECTIVE 3RD GRADE,6108,7/11/2012,0,50,IN-SERVICE TRAINING SECTION,WHITE,10/28/2025,1,37,11,1,
936767,"HIGGINS, COLIN M",COLIN,HIGGINS,M,DETECTIVE 2ND GRADE,1688,1/10/2005,5,931,DET BORO BX HOMICIDE SQ,WHITE,7/5/2021,,578,340,11,2
920392,"HIGGINS, JAMES W",JAMES,HIGGINS,W,DETECTIVE SPECIALIST,596,12/8/1997,5,50,MOUNTED UNIT,WHITE,2/18/2005,,32,18,,
920393,"HIGGINS, JOSEPH F",JOSEPH,HIGGINS,F,DETECTIVE 3RD GRADE,6101,12/8/1997,7,425,NARC BORO BRONX,WHITE,8/31/2020,,300,124,1,
940260,"HIGGINS, KEVIN R",KEVIN,HIGGINS,R,POLICE OFFICER,370,1/9/2006,0,64,UNIFORMED OPERATIONS UNIT,WHITE,1/17/2017,,44,20,,
941903,"HIGGINS, KIERAN",KIERAN,HIGGINS,,LIEUTENANT,,7/10/2006,2,328,TRANSIT DISTRICT 30,WHITE,1/9/2023,,209,2,117,
964559,"HIGGINS, MICHAEL J",MICHAEL,HIGGINS,J,POLICE OFFICER,4709,10/18/2017,0,33,046 PRECINCT,BLACK,1/9/2019,,20,13,,
941338,"HIGGINS, RAYMOND M",RAYMOND,HIGGINS,M,DETECTIVE 3RD GRADE,3230,7/20/2006,33,711,070 DET SQUAD,WHITE,6/29/2016,,320,379,12,
950588,"HIGGINS, STEVE A",STEVE,HIGGINS,A,POLICE OFFICER,7734,7/6/2011,1,31,WORLD TRADE CENTER COMMAND,BLACK,2/26/2014,,27,3,1,
935020,"HIGH, WILLIAM",WILLIAM,HIGH,,POLICE OFFICER,10229,7/1/2004,1,75,DRIVER EDUCATION & TRAINING UNIT,WHITE,6/21/2011,,68,7,,
945840,"HIGHSMITH, JUSTINA M",JUSTINA,HIGHSMITH,M,POLICE OFFICER,31006,1/17/2008,0,36,NARC BORO QUEENS SOUTH,BLACK,3/13/2023,,27,9,,
963071,"HIGLEY, MICHAEL J",MICHAEL,HIGLEY,J,DETECTIVE SPECIALIST,7970,1/4/2017,5,41,EMER SERV SQ 10,WHITE,3/30/2023,,26,14,1,
966623,"HIJAZI, ZAKARIA O",ZAKARIA,HIJAZI,O,DETECTIVE 3RD GRADE,1882,10/24/2018,19,180,NARC BORO BRONX,WHITE,5/16/2023,,71,109,,
980313,"HILAIRE, CHRISTOPHER A",CHRISTOPHER,HILAIRE,A,POLICE OFFICER,15682,7/19/2024,0,7,026 PRECINCT,BLACK,9/15/2025,,2,1,4,
971478,"HILAIRE, JAMEL I",JAMEL,HILAIRE,I,POLICE OFFICER,9734,4/28/2021,1,16,AVIATION UNIT,BLACK,8/13/2025,2,12,2,,
961818,"HILAIRE, STACEY",STACEY,HILAIRE,,DETECTIVE 3RD GRADE,4741,7/13/2016,2,125,083 DET SQUAD,BLACK,3/3/2024,,62,56,7,
979932,"HILANO, ALEX J",ALEX,HILANO,J,POLICE OFFICER,19304,7/3/2024,0,20,083 PRECINCT,HISPANIC,9/23/2025,,18,2,,
973469,"HILARIO, ARIEL J",ARIEL,HILARIO,J,POLICE OFFICER,30185,12/29/2021,0,34,046 PRECINCT,HISPANIC,12/21/2022,,26,8,,
962475,"HILARIO, WILLY",WILLY,HILARIO,,POLICE OFFICER,21759,10/11/2016,1,36,LEGAL BUREAU,HISPANIC,5/8/2023,,27,9,,
974919,"HILARIOMARIA, DENY F",DENY,HILARIOMARIA,F,POLICE OFFICER,16678,7/13/2022,0,56,032 PRECINCT,HISPANIC,1/5/2023,,27,25,4,
974186,"HILARIOSEVERINO, KATHERINE",KATHERINE,HILARIOSEVERINO,,POLICE OFFICER,12114,4/13/2022,0,52,047 PRECINCT,HISPANIC,12/26/2022,,37,15,,
982351,"HILBERT, THOMAS E",THOMAS,HILBERT,E,POLICE OFFICER,20344,4/30/2025,0,0,RTS RECRUITS,WHITE,4/30/2025,,,,,
976962,"HILDEBRAND, SEAN",SEAN,HILDEBRAND,,POLICE OFFICER,30087,5/10/2023,0,149,005 PRECINCT,ASIAN,10/31/2023,,69,80,,
972394,"HILDENBRAND, BRIAN R",BRIAN,HILDENBRAND,R,POLICE OFFICER,23339,7/13/2021,4,40,069 PRECINCT,WHITE,12/30/2021,,22,17,,1
965189,"HILDEVERT, MARCELLA",MARCELLA,HILDEVERT,,POLICE OFFICER,29260,1/10/2018,2,10,DET BORO MANHATTAN NORTH,HISPANIC,9/29/2025,,6,4,,
952850,"HILI, JONATHAN A",JONATHAN,HILI,A,POLICE OFFICER,19287,7/11/2012,7,163,CCCS JUVENILE STRATEGIES UNIT,WHITE,8/25/2025,5,85,49,24,
963569,"HILL, AYANA S",AYANA,HILL,S,DETECTIVE 3RD GRADE,6042,4/12/2017,2,125,BKLYN TRANSIT CRIMES SQUAD,BLACK,6/20/2023,,65,60,,
978545,"HILL, DANASIA E",DANASIA,HILL,E,POLICE OFFICER,7106,1/3/2024,0,16,078 PRECINCT,BLACK,7/16/2024,,13,3,,
957678,"HILL, EDWIN L",EDWIN,HILL,L,DETECTIVE 3RD GRADE,4138,1/7/2015,0,118,HWY DIST COLLISION INV SQD,BLACK,1/5/2023,2,94,17,5,
982352,"HILL, JAQUAN A",JAQUAN,HILL,A,POLICE OFFICER,9287,4/30/2025,0,0,RTS RECRUITS,BLACK,4/30/2025,,,,,
969792,"HILL, MICHAEL R",MICHAEL,HILL,R,POLICE OFFICER,24786,11/2/2020,3,60,HOUSING PSA 1,WHITE,12/17/2021,,41,19,,
974188,"HILL, RICKEY L",RICKEY,HILL,L,POLICE OFFICER,12512,4/13/2022,0,61,060 PRECINCT,BLACK,9/9/2024,,43,18,,
969793,"HILL, ROMEL X",ROMEL,HILL,X,POLICE OFFICER,25844,11/2/2020,1,127,071 PRECINCT,BLACK,5/10/2021,,88,39,,
965190,"HILL, SAMANTHA A",SAMANTHA,HILL,A,POLICE OFFICER,25521,1/10/2018,0,76,084 PRECINCT,WHITE,8/17/2024,,52,20,2,2
916998,"HILL, STEVEN",STEVEN,HILL,,DEPUTY CHIEF,,6/30/1992,6,0,TRANSIT BUREAU,BLACK,12/8/2023,,,,,
964059,"HILLCECIL, SAVONN D",SAVONN,HILLCECIL,D,DETECTIVE 3RD GRADE,2631,7/5/2017,0,152,NARC BORO MANHATTAN NORTH,BLACK,5/16/2023,,69,82,,1
944653,"HILLERY, CHARLES J",CHARLES,HILLERY,J,POLICE OFFICER,7731,7/9/2007,0,60,047 PRECINCT,BLACK,6/15/2019,,41,11,8,
935022,"HILLIARD, KIMBERLY",KIMBERLY,HILLIARD,,LIEUTENANT,,7/1/2004,1,47,IN-SERVICE TRAINING SECTION,BLACK,10/29/2024,,35,8,4,
983310,"HILLIARD, NICHOLAS J",NICHOLAS,HILLIARD,J,POLICE OFFICER,,8/20/2025,0,0,RTS RECRUITS,WHITE,8/20/2025,,,,,
932792,"HILLMANN, BRIAN M",BRIAN,HILLMANN,M,LT DET COMMANDER,,7/1/2003,0,538,QUEENS ROBBERY SQUAD,WHITE,11/11/2022,,469,33,35,1
941904,"HILLMANN, STEPHEN E",STEPHEN,HILLMANN,E,SGT DET SQUAD,5359,7/10/2006,29,222,CEIS METRO SAFE STREETS TF,WHITE,3/31/2025,,118,100,3,1
983311,"HILLOCKS, XAVRON A",XAVRON,HILLOCKS,A,POLICE OFFICER,,8/20/2025,0,0,RTS RECRUITS,BLACK,8/20/2025,,,,,
923443,"HILLS, CARLOS J",CARLOS,HILLS,J,SGT SPECIAL ASSIGN,446,7/6/1999,3,28,STRATEGIC RESP GRP 4 QUEENS,HISPANIC,11/10/2015,,21,6,1,
983312,"HILLS, MALIK L",MALIK,HILLS,L,POLICE OFFICER,,8/20/2025,0,0,RTS RECRUITS,BLACK,8/20/2025,,,,,
938667,"HILT, BRIAN J",BRIAN,HILT,J,DETECTIVE 2ND GRADE,6133,7/11/2005,5,482,SPECIAL INVESTIGATIONS UNIT,WHITE,7/11/2025,2,164,313,3,
969121,"HILTON, MELANIE",MELANIE,HILTON,,POLICE OFFICER,27719,1/6/2020,0,88,104 PRECINCT,HISPANIC,4/29/2024,,55,31,2,
974921,"HINCHY, JASON T",JASON,HINCHY,T,POLICE OFFICER,23207,7/13/2022,0,30,061 PRECINCT,WHITE,1/5/2023,,25,5,,
975909,"HINCKSON, LATOYA S",LATOYA,HINCKSON,S,POLICE OFFICER,30697,10/21/2022,0,65,084 PRECINCT,BLACK,9/25/2023,,46,19,,
966625,"HINDERMAN, BENJAMIN M",BENJAMIN,HINDERMAN,M,DETECTIVE 3RD GRADE,6186,10/24/2018,1,104,WARRANT SECTION,WHITE,9/4/2023,,68,36,,
915896,"HINDS, BARRY M",BARRY,HINDS,M,POLICE OFFICER,8744,6/30/1995,0,134,LEGAL BUREAU,BLACK,5/17/2024,,70,60,3,1
936771,"HINDS, DION",DION,HINDS,,DEPUTY INSPECTOR,,1/10/2005,24,72,069 PRECINCT,BLACK,8/29/2023,,48,16,8,
968492,"HINDS, JONATHAN L",JONATHAN,HINDS,L,POLICE OFFICER,26802,10/7/2019,0,65,046 PRECINCT,BLACK,7/27/2021,,45,20,,
980595,"HINDS, LATOYA A",LATOYA,HINDS,A,POLICE OFFICER,794,10/30/2024,0,2,MILITARY & EXTENDED LEAVE DESK,BLACK,6/26/2025,,1,1,,
977186,"HINDS, MATTHEW A",MATTHEW,HINDS,A,POLICE OFFICER,14092,7/5/2023,0,25,083 PRECINCT,BLACK,1/1/2024,,20,7,,
976713,"HINDS, REGINALD E",REGINALD,HINDS,E,POLICE OFFICER,24605,4/26/2023,0,6,TRANSIT BORO MAN TASK FORCE,BLACK,5/31/2024,,4,2,,
926957,"HINDS, WENDELL A",WENDELL,HINDS,A,LIEUTENANT,,9/29/2000,0,55,HOUSING PSA 2,BLACK,12/16/2024,2,27,25,,1
965192,"HINES, ASHLEY M",ASHLEY,HINES,M,DETECTIVE 3RD GRADE,364,1/10/2018,8,109,AC ZONE II BRONX/ MANHATTAN,BLACK,8/19/2024,,60,49,,
977954,"HINES, BRIANA C",BRIANA,HINES,C,POLICE OFFICER,12611,10/25/2023,0,26,TRANSIT DISTRICT 33,BLACK,9/4/2025,1,20,2,3,
943371,"HINES, GEORGE P",GEORGE,HINES,P,SERGEANT,457,1/10/2007,12,389,UNIFORMED OPERATIONS UNIT,BLACK,3/31/2023,1,254,130,4,
944654,"HINES, JOHNNY J",JOHNNY,HINES,J,SGT SPECIAL ASSIGN,360,7/9/2007,4,62,YOUTH STRATEGIES DIVISION,BLACK,9/19/2022,3,50,8,1,
937822,"HINES, KENNETH W",KENNETH,HINES,W,DETECTIVE 3RD GRADE,2320,7/11/2005,4,419,BRONX GRAND LARCENY SQD,BLACK,5/20/2016,,200,164,,55
964060,"HINES, MICHAEL J",MICHAEL,HINES,J,SERGEANT,4777,7/5/2017,3,68,040 PRECINCT,WHITE,10/30/2023,,41,27,,
958697,"HINES, TAHREEK M",TAHREEK,HINES,M,POLICE OFFICER,20555,7/8/2015,0,146,052 PRECINCT,BLACK,12/30/2015,1,98,46,1,
979933,"HINES, VICTORIA M",VICTORIA,HINES,M,POLICE OFFICER,5772,7/3/2024,0,28,083 PRECINCT,HISPANIC,3/2/2025,,15,13,,
981391,"HINESMACIAS, JASON J",JASON,HINESMACIAS,J,POLICE OFFICER,11474,1/29/2025,0,3,075 PCT FIELD TRAINING UNIT,BLACK,8/7/2025,,3,,,
967550,"HINRICHS, ANDREW M",ANDREW,HINRICHS,M,DETECTIVE 3RD GRADE,4760,4/15/2019,17,212,114TH DET SQUAD,WHITE,3/17/2024,1,94,116,1,
952853,"HINSON, JARRET D",JARRET,HINSON,D,SERGEANT,1029,7/11/2012,9,88,066 PRECINCT,BLACK,11/5/2018,,64,12,12,
931733,"HINTEMAN, TIMOTHY J",TIMOTHY,HINTEMAN,J,LIEUTENANT,,7/22/2002,23,118,104TH DET SQUAD,WHITE,6/9/2023,1,38,61,16,2
956739,"HINTON, BRIAN P",BRIAN,HINTON,P,POLICE OFFICER,13916,7/9/2014,5,104,STRATEGIC RESP GRP 4 QUEENS,WHITE,9/5/2019,1,71,30,2,
979222,"HINTON, RASHAD C",RASHAD,HINTON,C,POLICE OFFICER,5624,4/24/2024,0,8,113 PRECINCT,BLACK,11/1/2024,,8,,,
932794,"HINTONKELLY, CHRISTOPHER P",CHRISTOPHER,HINTONKELLY,P,DETECTIVE 3RD GRADE,6966,7/1/2003,2,685,067 DET SQUAD,BLACK,8/1/2011,,291,391,3,
958698,"HIONAS, THOMAS W",THOMAS,HIONAS,W,POLICE OFFICER,17202,7/8/2015,9,63,061 PRECINCT,WHITE,12/30/2015,1,35,25,2,
980596,"HIPOLITO, GABRIELA",GABRIELA,HIPOLITO,,POLICE OFFICER,15694,10/30/2024,0,11,079 PCT FIELD TRAINING UNIT,HISPANIC,7/28/2025,,9,2,,
959696,"HIRALDO, EDUARDO L",EDUARDO,HIRALDO,L,POLICE OFFICER,12872,10/7/2015,1,53,033 PRECINCT,HISPANIC,6/19/2024,1,36,16,,
977553,"HIRALDO, JORGE L",JORGE,HIRALDO,L,POLICE OFFICER,26556,7/19/2023,0,74,TRANSIT DISTRICT 1,HISPANIC,1/1/2024,,62,7,5,
978328,"HIRALDOGARCIA, FAVIOLA",FAVIOLA,HIRALDOGARCIA,,POLICE OFFICER,5856,11/2/2023,0,68,TRANSIT DISTRICT 33,HISPANIC,5/7/2024,,59,3,6,
963570,"HIRALDOGARCIA, LUIS J",LUIS,HIRALDOGARCIA,J,POLICE OFFICER,2986,4/12/2017,2,73,STRATEGIC RESP GRP 4 QUEENS,HISPANIC,1/10/2024,,52,16,4,1
935025,"HIRANI, MALIK I",MALIK,HIRANI,I,CAPTAIN,,7/1/2004,0,159,TRANSIT DISTRICT 11,ASIAN,7/31/2024,2,106,42,9,
975537,"HIRDT, PATRICK J",PATRICK,HIRDT,J,POLICE OFFICER,15319,10/19/2022,0,12,102 PRECINCT,WHITE,9/9/2025,,6,6,,
906464,"HIRDT, THOMAS P",THOMAS,HIRDT,P,DETECTIVE 1ST GRADE,1909,2/28/1994,12,580,108TH DET SQUAD,WHITE,3/14/2007,,147,429,3,1
941905,"HIRSCH, FORREST N",FORREST,HIRSCH,N,LT SPECIAL ASSIGN,,7/10/2006,127,234,PBBN PUBLIC SAFETY TEAMS,WHITE,9/21/2022,,154,78,2,
975538,"HIRSCHFIELD, GERARD J",GERARD,HIRSCHFIELD,J,POLICE OFFICER,3588,10/19/2022,0,44,107 PRECINCT,WHITE,4/25/2023,,32,12,,
931734,"HIRSCHMAN, BRIAN D",BRIAN,HIRSCHMAN,D,POLICE OFFICER,22623,7/22/2002,0,276,TRAFFIC ENFORCEMENT DISTRICT,WHITE,10/27/2025,3,226,44,3,
962478,"HIRSH, ANDREW M",ANDREW,HIRSH,M,DETECTIVE 3RD GRADE,1255,10/11/2016,9,59,INTEL CIS FIO PROGRAM,WHITE,7/15/2021,,52,6,1,
950589,"HIRSH, PHILIP A",PHILIP,HIRSH,A,LIEUTENANT,,7/6/2011,5,76,023 PRECINCT,WHITE,4/9/2025,,47,25,4,
974922,"HIRST, DAVID M",DAVID,HIRST,M,POLICE OFFICER,23233,7/13/2022,0,49,001 PRECINCT,WHITE,1/5/2023,,37,12,,
977955,"HIRST, TIMOTHY J",TIMOTHY,HIRST,J,POLICE OFFICER,22778,10/25/2023,0,43,101 PRECINCT,WHITE,10/8/2024,,31,11,1,
964560,"HLAWATY, KARL T",KARL,HLAWATY,T,POLICE OFFICER,657,10/18/2017,1,17,HOUSING PSA 9,WHITE,7/21/2022,,13,4,,
941907,"HO, ANDREW P",ANDREW,HO,P,SGT SPECIAL ASSIGN,5155,7/10/2006,15,237,INTEL CIS FIO PROGRAM,ASIAN,2/1/2022,,158,68,11,
979934,"HO, ANTHONY",ANTHONY,HO,,POLICE OFFICER,13057,7/3/2024,0,7,076 PRECINCT,ASIAN,9/15/2025,,5,2,,
944270,"HO, EDWARD L",EDWARD,HO,L,LIEUTENANT,,7/9/2007,2,154,108 PRECINCT,ASIAN,5/29/2020,1,89,22,42,
958699,"HO, JIMMY C",JIMMY,HO,C,POLICE OFFICER,19753,7/8/2015,5,161,TB CANINE UNIT,ASIAN,10/19/2025,,130,21,10,
940262,"HO, KENNETH",KENNETH,HO,,LIEUTENANT,,1/9/2006,2,25,SIB CMO INTERNAL COMMUNICATIONS UNIT,ASIAN,10/21/2025,,24,1,,
978546,"HO, KEVIN D",KEVIN,HO,D,POLICE OFFICER,18457,1/3/2024,0,24,HOUSING PSA 8,ASIAN,7/16/2024,,15,9,,
958700,"HO, LAM T",LAM,HO,T,POLICE OFFICER,19502,7/8/2015,3,151,STRATEGIC RESP GRP 1 MANHATTAN,ASIAN,10/9/2019,1,103,46,1,
934798,"HO, MINGFANG",MINGFANG,HO,,LIEUTENANT,,7/1/2004,3,64,HIGHWAY UNIT 3,ASIAN,4/19/2021,,48,16,,
972002,"HO, NAM",NAM,HO,,POLICE OFFICER,25915,7/7/2021,0,19,043 PRECINCT,ASIAN,4/1/2025,,11,7,1,
963571,"HO, RICHARD",RICHARD,HO,,POLICE OFFICER,6932,4/12/2017,1,47,066 PRECINCT,ASIAN,5/2/2018,,29,17,1,
945822,"HOANG, MINH X",MINH,HOANG,X,POLICE OFFICER,22595,1/7/2008,8,185,CRIME PREVENTION DIVISION,ASIAN,10/30/2023,3,120,52,10,
926960,"HOBAN, BRIAN K",BRIAN,HOBAN,K,LT DET COMMANDER,,9/29/2000,15,47,050 DET SQUAD,WHITE,10/24/2022,,32,9,6,
982353,"HOBBESLAND, CHRISTIAN",CHRISTIAN,HOBBESLAND,,POLICE OFFICER,21012,4/30/2025,0,0,RTS RECRUITS,WHITE,4/30/2025,,,,,
952299,"HOBBS, MELISSA L",MELISSA,HOBBS,L,POLICE OFFICER,7982,1/9/2012,3,54,YOUTH STRATEGIES DIVISION,HISPANIC,9/9/2025,,35,13,6,
977554,"HOBSON, RICHARD N",RICHARD,HOBSON,N,POLICE OFFICER,29839,7/19/2023,0,21,033 PRECINCT,BLACK,1/1/2024,,15,6,,
941908,"HOBSON, RONALD",RONALD,HOBSON,,DETECTIVE 3RD GRADE,3861,7/10/2006,3,522,WARRANT SECTION,BLACK,12/3/2019,1,468,52,1,
912989,"HOCH, JOSEPH B",JOSEPH,HOCH,B,DEPUTY CHIEF,,7/16/1984,7,0,PATROL BORO BRONX,WHITE,1/12/2023,,,,,
962823,"HOCH, JULIA",JULIA,HOCH,,POLICE OFFICER,19384,10/11/2016,0,18,YOUTH STRATEGIES DIVISION,WHITE,9/12/2022,,13,5,,
940263,"HOCKADAY, KEITH W",KEITH,HOCKADAY,W,LIEUTENANT,,1/9/2006,4,269,STRATEGIC RESP GRP 2 BRONX,BLACK,3/3/2025,,210,49,9,1
945823,"HODA, RICHARD",RICHARD,HODA,,SERGEANT,4707,1/7/2008,4,130,116 PRECINCT,WHITE,12/14/2024,,100,16,12,2
963072,"HODELIN, ADAM E",ADAM,HODELIN,E,POLICE OFFICER,23821,1/4/2017,0,75,115 PRECINCT,HISPANIC,2/7/2018,,49,25,1,
979223,"HODGE, AMANDA M",AMANDA,HODGE,M,POLICE OFFICER,19265,4/24/2024,0,7,063 PRECINCT,HISPANIC,11/1/2024,,5,2,,
949270,"HODGE, DWAYNE I",DWAYNE,HODGE,I,SERGEANT,3798,7/6/2010,17,370,HWY DIST SPEC TRNG SCHOOL,BLACK,10/13/2025,3,215,149,3,
933851,"HODGE, JERMAINE J",JERMAINE,HODGE,J,POLICE OFFICER,7795,1/20/2004,0,693,INTEL CIS FIO PROGRAM,BLACK,7/15/2021,,469,83,141,
975273,"HODGE, TAMEKA E",TAMEKA,HODGE,E,POLICE OFFICER,23234,7/15/2022,0,66,090 PRECINCT,BLACK,2/14/2023,,37,29,,
967112,"HODGES, MATTHEW J",MATTHEW,HODGES,J,POLICE OFFICER,26993,1/3/2019,1,64,COD QUALITY OF LIFE DIVISION,BLACK,4/15/2025,,32,32,,
980597,"HODGES, TYLER A",TYLER,HODGES,A,POLICE OFFICER,3421,10/30/2024,0,4,043 PCT FIELD TRAINING UNIT,BLACK,7/28/2025,,4,,,
944081,"HODOS, EVAN J",EVAN,HODOS,J,SERGEANT,4120,1/23/2007,0,65,BRONX COURT SECTION,WHITE,1/2/2020,5,41,10,9,
960672,"HODZIC, ALEN",ALEN,HODZIC,,POLICE OFFICER,13886,1/6/2016,1,36,078 PRECINCT,WHITE,9/13/2023,1,23,9,3,
958701,"HODZIC, MIRSADA",MIRSADA,HODZIC,,POLICE OFFICER,5927,7/8/2015,1,40,QUEENS STANDARDS & ASSESSMENTS UNIT,WHITE,9/11/2024,,27,13,,
971094,"HODZIC, VAHID",VAHID,HODZIC,,POLICE OFFICER,23017,2/24/2021,3,89,084 PRECINCT,WHITE,8/26/2021,,33,54,2,
949106,"HOE, DENNIS",DENNIS,HOE,,POLICE OFFICER,3915,7/6/2010,26,191,TB SUBWAY SAFETY TASK FORCE,ASIAN,7/28/2022,1,105,76,9,
977956,"HOEH, JOHN N",JOHN,HOEH,N,POLICE OFFICER,16152,10/25/2023,0,29,120 PRECINCT,WHITE,5/7/2024,,23,5,,1
972696,"HOEHING, CONNOR M",CONNOR,HOEHING,M,POLICE OFFICER,3063,10/12/2021,0,49,108 PRECINCT,WHITE,4/14/2022,,36,12,1,
932796,"HOELL, CHRISTIAN J",CHRISTIAN,HOELL,J,DETECTIVE 3RD GRADE,6719,7/1/2003,1,471,073 DET SQUAD,HISPANIC,8/8/2024,,182,275,14,
974923,"HOENSCHEID, PHILIP T",PHILIP,HOENSCHEID,T,POLICE OFFICER,24163,7/13/2022,0,85,115 PRECINCT,WHITE,1/5/2023,,53,32,,
951822,"HOERNEL, RYAN W",RYAN,HOERNEL,W,POLICE OFFICER,18916,1/9/2012,6,104,ESU CANINE TEAM,WHITE,5/3/2025,,78,10,16,
938668,"HOEY, MICHAEL",MICHAEL,HOEY,,LIEUTENANT,,7/11/2005,3,87,TRANSIT DISTRICT 1,WHITE,1/4/2024,,58,23,6,
947081,"HOEY, ROBERT P",ROBERT,HOEY,P,DETECTIVE 3RD GRADE,7164,7/8/2008,21,311,050 DET SQUAD,WHITE,10/14/2018,,179,132,,
948209,"HOEY, RYAN M",RYAN,HOEY,M,DETECTIVE SPECIALIST,3064,7/14/2009,4,58,EMER SERV SQ 03,WHITE,5/13/2020,2,37,13,6,
953969,"HOFF, JUSTIN T",JUSTIN,HOFF,T,DETECTIVE SPECIALIST,3582,1/9/2013,8,161,EMERGENCY SERVICE UNIT,WHITE,11/11/2024,,116,45,,
947939,"HOFF, OLGA",OLGA,HOFF,,SERGEANT,420,1/14/2009,8,225,STRATEGIC TECHNOLOGY DIVISION,WHITE,1/19/2024,,170,48,7,
945824,"HOFFMAN, DONALD F",DONALD,HOFFMAN,F,POLICE OFFICER,26053,1/7/2008,2,84,048 PRECINCT,WHITE,5/11/2009,,68,14,2,
928495,"HOFFMAN, MARC V",MARC,HOFFMAN,V,POLICE OFFICER,10235,7/2/2001,0,22,TARU DRONE TEAM,WHITE,12/23/2024,,17,3,2,
979224,"HOFFMAN, PATRICK W",PATRICK,HOFFMAN,W,POLICE OFFICER,13957,4/24/2024,0,39,106 PRECINCT,WHITE,11/1/2024,,28,11,,
953970,"HOFFMAN, TIMOTHY N",TIMOTHY,HOFFMAN,N,DETECTIVE 3RD GRADE,2203,1/9/2013,3,335,MANHATTAN CHILD ABUSE SQUAD,WHITE,12/20/2024,,225,96,14,
978547,"HOFFMANN, FRANK J",FRANK,HOFFMANN,J,POLICE OFFICER,4222,1/3/2024,0,9,088 PRECINCT,WHITE,7/16/2024,,8,1,,
947082,"HOFFMANN, JAMES A",JAMES,HOFFMANN,A,LIEUTENANT,,7/8/2008,2,100,114 PRECINCT,WHITE,6/25/2021,1,78,19,2,
925466,"HOFFMANN, JOHN A",JOHN,HOFFMANN,A,POLICE OFFICER,23384,3/1/2000,6,169,107 PRECINCT,WHITE,9/5/2002,4,134,30,1,
971773,"HOFFNER, RYAN R",RYAN,HOFFNER,R,POLICE OFFICER,17255,7/13/2016,3,123,075 PRECINCT,WHITE,7/11/2024,,61,61,1,
940267,"HOFSTETTER, CHARLES W",CHARLES,HOFSTETTER,W,DETECTIVE SPECIALIST,4367,1/9/2006,0,203,EMER SERV SQ 05,WHITE,3/21/2024,2,168,13,20,
978548,"HOGAN, EDWARD W",EDWARD,HOGAN,W,POLICE OFFICER,5835,1/3/2024,0,32,044 PRECINCT,WHITE,7/16/2024,,25,7,,
968494,"HOGAN, NYA A",NYA,HOGAN,A,POLICE OFFICER,23564,10/7/2019,3,40,081 PRECINCT,BLACK,3/10/2021,,23,17,,
947922,"HOGAN, ROXANA L",ROXANA,HOGAN,L,LIEUTENANT,,1/14/2009,0,101,028 PRECINCT,WHITE,3/13/2023,1,55,2,43,
966627,"HOGAN, SEAN P",SEAN,HOGAN,P,DETECTIVE 3RD GRADE,6044,10/24/2018,6,217,MTN DET SQUAD,WHITE,6/20/2023,,137,80,,
973472,"HOGAN, SEAN K",SEAN,HOGAN,K,POLICE OFFICER,22941,12/29/2021,0,46,017 DOMESTIC VIOLENCE SQUAD,WHITE,10/20/2025,,29,17,,
978549,"HOGAN, ZACHARY T",ZACHARY,HOGAN,T,POLICE OFFICER,16418,1/3/2024,0,22,014 PCT-MIDTOWN SO. PCT,WHITE,7/16/2024,,16,6,,
977957,"HOGANGARY, BRIAN K",BRIAN,HOGANGARY,K,POLICE OFFICER,13113,10/25/2023,0,34,120 PRECINCT,BLACK,5/7/2024,,24,10,,
938671,"HOGANS, MAURICE K",MAURICE,HOGANS,K,SERGEANT,4571,7/11/2005,5,277,113 PRECINCT,BLACK,3/4/2024,1,115,21,140,
947773,"HOGUE, TYRONE R",TYRONE,HOGUE,R,DETECTIVE 3RD GRADE,844,7/21/2008,3,488,047 DET SQUAD,HISPANIC,5/28/2017,1,255,232,1,
950592,"HOHL, BORIS R",BORIS,HOHL,R,POLICE OFFICER,9265,7/6/2011,1,41,PBMS THEATER DISTRICT UNIT,HISPANIC,4/23/2025,,40,1,,
952855,"HOJNOWSKI, ALEX E",ALEX,HOJNOWSKI,E,DETECTIVE 3RD GRADE,3081,7/11/2012,9,337,103RD DETECTIVE SQUAD,WHITE,11/29/2020,1,136,189,11,
950593,"HOLBERT, BRIAN R",BRIAN,HOLBERT,R,SERGEANT,1461,7/6/2011,4,62,BS CRIME ANALYSIS UNIT,WHITE,12/20/2019,,48,7,7,
978550,"HOLDER, AALIYAH C",AALIYAH,HOLDER,C,POLICE OFFICER,16424,1/3/2024,0,6,HOUSING PSA 1,BLACK,7/16/2024,,3,3,,
951823,"HOLDER, JAMES K",JAMES,HOLDER,K,DETECTIVE 3RD GRADE,6785,1/9/2012,59,231,CEIS VIOLENT GANG TASK FORCE,BLACK,1/27/2025,6,79,131,14,1
982354,"HOLDER, SHELBY E",SHELBY,HOLDER,E,POLICE OFFICER,21418,4/30/2025,0,0,RTS RECRUITS,WHITE,4/30/2025,,,,,
974189,"HOLDER, ZACORI J",ZACORI,HOLDER,J,POLICE OFFICER,13049,4/13/2022,0,26,069 PRECINCT,WHITE,12/26/2022,,19,7,,
972347,"HOLFESTER, RONALD",RONALD,HOLFESTER,,POLICE OFFICER,25849,7/9/2021,1,69,106 PRECINCT,WHITE,10/15/2025,,48,21,,
974190,"HOLGUIN, JAMILET C",JAMILET,HOLGUIN,C,POLICE OFFICER,12516,4/13/2022,0,31,009 DOMESTIC VIOLENCE SQUAD,HISPANIC,10/20/2025,,22,9,,
969795,"HOLGUIN, JONATHAN",JONATHAN,HOLGUIN,,POLICE OFFICER,18982,11/2/2020,1,46,STRATEGIC RESP GRP 4 QUEENS,HISPANIC,1/10/2024,1,30,13,2,
935027,"HOLGUIN, JOSE A",JOSE,HOLGUIN,A,SERGEANT,5495,7/1/2004,0,127,060 PRECINCT,HISPANIC,9/29/2015,,67,1,59,
958703,"HOLGUIN, JOSE L",JOSE,HOLGUIN,L,POLICE OFFICER,18184,7/8/2015,0,89,MILITARY & EXTENDED LEAVE DESK,HISPANIC,1/16/2025,,74,14,1,
966628,"HOLGUIN, LIOSMELY N",LIOSMELY,HOLGUIN,N,DETECTIVE SPECIALIST,301,10/24/2018,8,65,PSB COMMUNITY RESPONSE TEAM,HISPANIC,7/28/2023,,32,32,,1
960674,"HOLGUIN, NAMEL R",NAMEL,HOLGUIN,R,POLICE OFFICER,3109,1/6/2016,4,89,WARRANT SECTION,HISPANIC,3/3/2024,1,67,20,1,
959698,"HOLGUIN, NAMELY N",NAMELY,HOLGUIN,N,DETECTIVE 2ND GRADE,3530,10/7/2015,4,208,FIRST DEPUTY COMMISSIONER,HISPANIC,9/28/2023,,108,99,1,
958704,"HOLGUIN, STEVEN",STEVEN,HOLGUIN,,POLICE OFFICER,19665,7/8/2015,3,80,STRATEGIC RESP GRP 1 MANHATTAN,HISPANIC,11/15/2018,,64,12,4,
978551,"HOLGUINREYES, MILDRE Y",MILDRE,HOLGUINREYES,Y,POLICE OFFICER,22654,1/3/2024,0,15,112 PRECINCT,HISPANIC,7/16/2024,,12,2,1,
980598,"HOLIDAY, CRYSTAL S",CRYSTAL,HOLIDAY,S,POLICE OFFICER,5543,10/30/2024,0,10,PSA 2 FIELD TRAINING UNIT,BLACK,7/28/2025,,4,6,,
978921,"HOLIFIELD, JAYDA A",JAYDA,HOLIFIELD,A,POLICE OFFICER,23763,1/17/2024,0,15,050 PRECINCT,BLACK,7/16/2024,,8,7,,
954939,"HOLIHAN, CHRISTOPHER J",CHRISTOPHER,HOLIHAN,J,DETECTIVE SPECIALIST,5164,7/9/2013,10,73,EMERGENCY SERVICE UNIT,WHITE,3/21/2024,,64,9,,
978552,"HOLIHAN, MICHAEL T",MICHAEL,HOLIHAN,T,POLICE OFFICER,23779,1/3/2024,0,0,106 PRECINCT,WHITE,7/16/2024,,,,,
955984,"HOLLAND, MICHAEL C",MICHAEL,HOLLAND,C,POLICE OFFICER,14664,1/8/2014,1,59,PSA 4 VIPER 6,WHITE,9/18/2024,,54,4,1,
936774,"HOLLAND, RICHARD J",RICHARD,HOLLAND,J,DETECTIVE 2ND GRADE,3686,1/10/2005,11,160,CHIEF OF DEPARTMENT,WHITE,10/9/2025,1,89,61,8,1
941913,"HOLLAND, WILLIAM R",WILLIAM,HOLLAND,R,POLICE OFFICER,12905,7/20/2006,2,119,HOUSING PSA 6,WHITE,6/24/2019,,95,15,9,
949109,"HOLLANDER, STEVEN G",STEVEN,HOLLANDER,G,LIEUTENANT,,7/6/2010,6,192,PATROL BORO QUEENS NORTH,WHITE,2/19/2024,1,116,47,28,
974191,"HOLLENQUEST, RASHAWN",RASHAWN,HOLLENQUEST,,POLICE OFFICER,12814,4/13/2022,0,26,032 PRECINCT,BLACK,12/26/2022,,14,12,,
979225,"HOLLEY, DEJANAE J",DEJANAE,HOLLEY,J,POLICE OFFICER,10004,4/24/2024,0,32,088 PRECINCT,BLACK,11/1/2024,,25,6,1,
960675,"HOLLEY, JUSTIN P",JUSTIN,HOLLEY,P,DETECTIVE 3RD GRADE,1449,1/6/2016,5,124,102ND DET SQUAD,BLACK,1/24/2025,,66,56,1,1
923959,"HOLLEY, LEVON",LEVON,HOLLEY,,DEPUTY CHIEF,,7/7/1999,3,17,DET BORO MANHATTAN SOUTH,BLACK,10/5/2023,,15,,2,
949110,"HOLLEY, TIESHA L",TIESHA,HOLLEY,L,DETECTIVE 3RD GRADE,4362,7/6/2010,0,50,SPEC CANDIDATE ASSESSMENT TEAM,BLACK,7/19/2024,,45,5,,
933856,"HOLLINGSWORTH, BRANDEE N",BRANDEE,HOLLINGSWORTH,N,SERGEANT,1440,1/20/2004,0,36,TB TRAIN PATROL FORCE,BLACK,4/15/2024,,32,2,2,
976714,"HOLLINSJENKINS, MISTY",MISTY,HOLLINSJENKINS,,POLICE OFFICER,18904,4/26/2023,0,6,TRANSIT DISTRICT 2,BLACK,10/31/2023,,3,2,1,
961821,"HOLLIS, BRIAN D",BRIAN,HOLLIS,D,POLICE OFFICER,8265,7/13/2016,16,121,COD QUALITY OF LIFE DIVISION,WHITE,4/15/2025,2,68,49,1,1
979226,"HOLLIS, JUSTIN T",JUSTIN,HOLLIS,T,POLICE OFFICER,26839,4/24/2024,0,42,105 PRECINCT,BLACK,11/1/2024,,31,11,,
941184,"HOLLOMAN, CHARLETTE A",CHARLETTE,HOLLOMAN,A,DETECTIVE SPECIALIST,7722,7/10/2006,0,45,COD QUALITY OF LIFE DIVISION,BLACK,4/15/2025,2,30,6,7,
895104,"HOLLORAN, KEVIN",KEVIN,HOLLORAN,,ASSISTANT CHIEF,,7/3/1989,1,0,MILITARY & EXTENDED LEAVE DESK,WHITE,11/26/2019,,,,,
974924,"HOLLORAN, KRISTEN J",KRISTEN,HOLLORAN,J,POLICE OFFICER,18446,7/13/2022,1,40,107 PRECINCT,WHITE,1/5/2023,,24,16,,
981392,"HOLLOWAY, AALIYAH A",AALIYAH,HOLLOWAY,A,POLICE OFFICER,12451,1/29/2025,0,8,032 PCT FIELD TRAINING UNIT,HISPANIC,8/7/2025,,4,4,,
931735,"HOLLOWAY, SCOTT D",SCOTT,HOLLOWAY,D,DETECTIVE 1ST GRADE,4051,7/22/2002,0,30,NARC BORO BRONX MAJOR CASE UNIT,BLACK,9/30/2020,,23,5,2,
972004,"HOLLOWAYLIEBLICH, AUTUMN M",AUTUMN,HOLLOWAYLIEBLICH,M,POLICE OFFICER,24545,7/7/2021,0,28,DET BORO QUEENS NORTH,BLACK,5/15/2025,,22,6,,
944656,"HOLLY, MONIQUE R",MONIQUE,HOLLY,R,DETECTIVE SPECIALIST,480,7/9/2007,0,120,114 PRECINCT,BLACK,7/14/2008,2,88,16,14,
945825,"HOLLYWOOD, CHRISTOPHER I",CHRISTOPHER,HOLLYWOOD,I,DETECTIVE 3RD GRADE,2865,1/7/2008,4,140,107TH DET SQUAD,WHITE,7/10/2025,2,101,37,,
943373,"HOLLYWOOD, CLIFFORD J",CLIFFORD,HOLLYWOOD,J,POLICE OFFICER,13763,1/10/2007,1,93,HIGHWAY UNIT 1,WHITE,6/17/2014,,69,23,1,
979227,"HOLMAN, LIONEL T",LIONEL,HOLMAN,T,POLICE OFFICER,3896,4/24/2024,0,18,043 PRECINCT,HISPANIC,11/1/2024,,11,7,,
951824,"HOLMAN, MICHAEL J",MICHAEL,HOLMAN,J,POLICE OFFICER,4728,1/9/2012,6,81,001 PRECINCT,BLACK,3/19/2019,3,60,14,4,
952856,"HOLMAN, MILES D",MILES,HOLMAN,D,POLICE OFFICER,31489,7/11/2012,6,157,CRIME PREVENTION DIVISION,BLACK,10/30/2023,1,126,24,6,
950594,"HOLMAN, RASHAWN",RASHAWN,HOLMAN,,POLICE OFFICER,25579,7/6/2011,1,197,TRANSIT DISTRICT 20,HISPANIC,11/26/2012,,76,7,114,
965194,"HOLMBERG, AARON E",AARON,HOLMBERG,E,POLICE OFFICER,30934,1/10/2018,0,15,TRANSIT DISTRICT 20,HISPANIC,6/17/2019,,10,3,2,
941909,"HOLMES, ANDREW R",ANDREW,HOLMES,R,POLICE OFFICER,5104,7/10/2006,6,159,PBSI FERRY SECURITY UNIT,WHITE,3/24/2023,1,113,39,6,
956740,"HOLMES, DIAMOND A",DIAMOND,HOLMES,A,DETECTIVE 2ND GRADE,566,7/9/2014,1,120,CENTRAL ROBBERY DIVISION,BLACK,2/17/2023,,49,71,,
974192,"HOLMES, ELLIS B",ELLIS,HOLMES,B,POLICE OFFICER,12821,4/13/2022,0,9,TRANSIT DISTRICT 4,BLACK,12/26/2022,,7,1,1,
969796,"HOLMES, JAMIE M",JAMIE,HOLMES,M,POLICE OFFICER,25706,11/2/2020,3,16,CRIME PREVENTION DIVISION,WHITE,10/30/2023,,9,7,,
906881,"HOLMES, JANICE L",JANICE,HOLMES,L,DEPUTY CHIEF,,3/3/1994,6,49,PATROL SERVICES BUREAU,BLACK,6/17/2024,1,24,24,,
982355,"HOLMES, KAEL D",KAEL,HOLMES,D,POLICE OFFICER,820,4/30/2025,0,0,RTS RECRUITS,BLACK,4/30/2025,,,,,
936775,"HOLMES, KARIMA",KARIMA,HOLMES,,SERGEANT,1689,1/10/2005,2,81,TRN BUR CMD LVL TRAINING UNIT,BLACK,7/8/2022,,59,14,8,
962479,"HOLMES, PRACIFANIE K",PRACIFANIE,HOLMES,K,DETECTIVE 3RD GRADE,568,10/11/2016,3,60,QUEENS CHILD ABUSE SQUAD,BLACK,1/22/2021,,35,21,4,
954942,"HOLMES, ROBERT I",ROBERT,HOLMES,I,SERGEANT,721,7/9/2013,0,85,020 PRECINCT,BLACK,1/23/2023,,78,6,1,
924815,"HOLMES, SELENA D",SELENA,HOLMES,D,SGT SPECIAL ASSIGN,1678,2/29/2000,0,40,TRAINING BUREAU,BLACK,2/21/2022,,26,11,3,
951825,"HOLMES, SHARON Y",SHARON,HOLMES,Y,POLICE OFFICER,5314,1/9/2012,1,45,QUEENS COURT SECTION,BLACK,8/26/2025,,23,13,9,
976185,"HOLMES, TIANNA",TIANNA,HOLMES,,POLICE OFFICER,1197,1/17/2023,0,39,084 PRECINCT,BLACK,7/26/2023,,30,9,,
950595,"HOLOHAN, SEAN T",SEAN,HOLOHAN,T,DETECTIVE SPECIALIST,5169,7/6/2011,1,66,EMER SERV SQ 10,WHITE,4/21/2023,,47,16,3,
952857,"HOLOVINSKY, ALEXANDRA L",ALEXANDRA,HOLOVINSKY,L,POLICE OFFICER,21962,7/11/2012,0,47,BROOKLYN COURT SECTION,WHITE,1/22/2024,1,27,16,3,
944657,"HOLSHEK, BRIAN M",BRIAN,HOLSHEK,M,LIEUTENANT,,7/9/2007,49,221,OPERATIONS & ANALYSIS SECTION,WHITE,7/18/2025,,144,77,,
954943,"HOLTON, SEAN K",SEAN,HOLTON,K,POLICE OFFICER,27883,7/9/2013,7,153,NARC BORO BRONX,WHITE,11/6/2023,,90,51,12,
977555,"HOLTZ, JOSEPH D",JOSEPH,HOLTZ,D,POLICE OFFICER,27389,7/19/2023,0,30,MANHATTAN COURT SECTION,HISPANIC,3/15/2025,,22,8,,
960676,"HOLTZMAN, ERIC H",ERIC,HOLTZMAN,H,SERGEANT,3312,1/6/2016,0,44,068 PRECINCT,WHITE,5/6/2024,,28,16,,
974033,"HOLUBENKO, IHOR",IHOR,HOLUBENKO,,POLICE OFFICER,13331,4/13/2022,0,54,067 PRECINCT,WHITE,9/9/2024,,38,16,,
941041,"HOLWAY, TED J",TED,HOLWAY,J,POLICE OFFICER,17225,1/31/2006,12,966,079 PRECINCT,WHITE,9/30/2016,,783,177,6,
949111,"HOLZAPFEL, ROBERT J",ROBERT,HOLZAPFEL,J,POLICE OFFICER,5652,7/6/2010,2,98,TRANSIT BORO MANHATTAN,WHITE,10/16/2025,,78,14,6,
975539,"HOLZKNECHT, CHRISTINA",CHRISTINA,HOLZKNECHT,,POLICE OFFICER,5682,10/19/2022,0,12,HOUSING PSA 8,WHITE,4/25/2023,,10,1,1,
940269,"HOM, JONATHAN K",JONATHAN,HOM,K,LIEUTENANT,,1/9/2006,27,243,CRITICAL RESPONSE COMMAND,ASIAN,8/25/2021,4,187,32,20,
951826,"HOM, NICHOLAS",NICHOLAS,HOM,,SGT SPECIAL ASSIGN,3507,1/9/2012,0,31,PATROL BORO BKLYN NORTH,ASIAN,10/9/2025,,20,5,6,
952858,"HOM, NICHOLAS",NICHOLAS,HOM,,SERGEANT,4181,7/11/2012,1,81,QUEENS STANDARDS & ASSESSMENTS UNIT,ASIAN,7/30/2025,,63,13,5,
949112,"HOMER, KASEY J",KASEY,HOMER,J,POLICE OFFICER,9467,7/6/2010,4,104,010 PRECINCT,WHITE,5/7/2012,,76,23,5,
947653,"HOMMEL, ROBERT K",ROBERT,HOMMEL,K,DETECTIVE SPECIALIST,3552,7/8/2008,15,237,EMER SERV SQ 04,WHITE,4/14/2016,3,147,84,3,
952859,"HONEYWELL, DEZERIA A",DEZERIA,HONEYWELL,A,POLICE OFFICER,31762,7/11/2012,6,103,TRANSIT DISTRICT 2,BLACK,1/23/2014,,72,11,20,
953972,"HONG, ANDREW",ANDREW,HONG,,LIEUTENANT,,1/9/2013,1,123,HOUSING PSA 2,ASIAN,10/15/2024,,99,10,14,
962480,"HONG, JENNIFER Y",JENNIFER,HONG,Y,SERGEANT,830,10/11/2016,0,7,MILITARY & EXTENDED LEAVE DESK,ASIAN,10/2/2025,,6,1,,
943375,"HONG, JONG K",JONG,HONG,K,POLICE OFFICER,19281,1/10/2007,0,48,102 PRECINCT,ASIAN,7/7/2008,1,35,9,3,
982356,"HONG, LI",LI,HONG,,POLICE OFFICER,21019,4/30/2025,0,0,RTS RECRUITS,ASIAN,4/30/2025,,,,,
930365,"HONG, MINHCHAU",MINHCHAU,HONG,,CAPTAIN,,7/1/2002,5,41,IAB INVESTIGATIONS UNIT 32,ASIAN,7/31/2024,,32,7,2,
952860,"HONGDILOKKUL, TANONG",TANONG,HONGDILOKKUL,,POLICE OFFICER,12618,7/11/2012,2,44,OPERATIONS UNIT,ASIAN,10/6/2025,,32,8,4,
935029,"HONGTHONG, SANSAI",SANSAI,HONGTHONG,,SERGEANT,388,7/1/2004,0,82,114 PRECINCT,ASIAN,9/11/2024,,65,16,1,
936777,"HONSTETTER, SEAN M",SEAN,HONSTETTER,M,SERGEANT,1699,1/10/2005,2,100,BROOKLYN NORTH OPER NIGHT WATCH,WHITE,9/21/2020,,57,21,22,
968495,"HOOD, CHRISTOPHER M",CHRISTOPHER,HOOD,M,POLICE OFFICER,24486,10/7/2019,1,33,013 PRECINCT,WHITE,3/10/2021,,18,15,,
981393,"HOOD, LIAM Q",LIAM,HOOD,Q,POLICE OFFICER,13249,1/29/2025,0,7,101 PCT FIELD TRAINING UNIT,WHITE,8/7/2025,,3,4,,
951827,"HOOD, SHANITRA",SHANITRA,HOOD,,SERGEANT,1707,1/9/2012,2,130,OFFICE OF PROFESSIONAL DEVELOPMENT,BLACK,2/14/2025,,96,4,30,
936778,"HOOK, CHANTEL M",CHANTEL,HOOK,M,POLICE OFFICER,14034,1/10/2005,0,97,HOUSING PSA 6,BLACK,8/12/2024,,71,17,9,
949113,"HOOKS, QUENEE A",QUENEE,HOOKS,A,POLICE OFFICER,4439,7/6/2010,0,113,DBBX EVIDENCE COLLECTION TEAM,BLACK,8/15/2025,1,81,31,,
963574,"HOOLAS, CHANDRIKA",CHANDRIKA,HOOLAS,,POLICE OFFICER,3738,4/12/2017,2,46,107 PRECINCT,ASIAN,1/31/2023,,35,11,,
980599,"HOONJAN, JAGVIR S",JAGVIR,HOONJAN,S,POLICE OFFICER,6813,10/30/2024,0,1,075 PCT FIELD TRAINING UNIT,ASIAN,7/28/2025,,1,,,
941910,"HOOP, GAVIN S",GAVIN,HOOP,S,LIEUTENANT,,7/10/2006,1,70,HOUSING PSA 7,WHITE,2/23/2022,,61,6,2,1
975540,"HOPE, JANICE M",JANICE,HOPE,M,POLICE OFFICER,17553,10/19/2022,0,9,081 PRECINCT,HISPANIC,9/23/2025,,4,5,,
966103,"HOPKINS, CARMELA E",CARMELA,HOPKINS,E,DETECTIVE SPECIALIST,4022,7/2/2018,3,12,MGMT ORDERS & DIRECTIVES SECTION,BLACK,1/3/2022,,5,7,,
979935,"HOPKINS, CHRISTOPHER J",CHRISTOPHER,HOPKINS,J,POLICE OFFICER,3929,7/3/2024,0,17,105 PRECINCT,WHITE,9/15/2025,,13,3,1,
930367,"HOPKINS, CLARENCE",CLARENCE,HOPKINS,,LIEUTENANT,,7/1/2002,5,72,105 PRECINCT,BLACK,10/7/2020,1,45,17,9,
952861,"HOPKINS, DIANE C",DIANE,HOPKINS,C,DETECTIVE 3RD GRADE,4765,7/11/2012,0,225,BROOKLYN CHILD ABUSE SQUAD,BLACK,3/3/2024,2,149,70,4,
979936,"HOPKINS, JONATHAN B",JONATHAN,HOPKINS,B,POLICE OFFICER,12270,7/3/2024,0,0,RTS RECRUITS,WHITE,7/3/2024,,,,,
950596,"HOPKINS, LEROY",LEROY,HOPKINS,,DETECTIVE SPECIALIST,4330,7/6/2011,2,70,018 PCT-MIDTOWN NO. PCT,BLACK,11/19/2012,1,48,16,4,1
941912,"HOPKINS, MATTHEW V",MATTHEW,HOPKINS,V,SERGEANT,1910,7/10/2006,6,61,QUALITY ASSURANCE SECTION,WHITE,10/11/2016,,35,11,15,
970600,"HOPKINS, TIMOTHY J",TIMOTHY,HOPKINS,J,POLICE OFFICER,10614,12/29/2020,2,173,110 PRECINCT,WHITE,7/1/2021,,142,31,,
965750,"HOPPE, ADAM J",ADAM,HOPPE,J,POLICE OFFICER,9667,4/25/2018,8,133,EMER SERV SQ 06,WHITE,7/8/2025,,82,51,,
960678,"HOPPINTHAL, PAUL S",PAUL,HOPPINTHAL,S,DETECTIVE 3RD GRADE,3712,1/6/2016,0,82,WARRANT SECTION,WHITE,9/9/2019,2,61,15,1,3
979633,"HOQUE, ANAMUL",ANAMUL,HOQUE,,POLICE OFFICER,22918,5/8/2024,0,7,026 PRECINCT,ASIAN,11/1/2024,2,5,,,
963575,"HOQUE, ARIPUL",ARIPUL,HOQUE,,POLICE OFFICER,2998,4/12/2017,5,61,081 PRECINCT,ASIAN,9/10/2018,,36,24,1,
954944,"HOQUE, MOHAMMAD S",MOHAMMAD,HOQUE,S,SERGEANT,100,7/9/2013,1,27,001 PRECINCT,ASIAN,8/29/2024,,14,4,9,
977187,"HOQUE, MOHAMMED A",MOHAMMED,HOQUE,A,POLICE OFFICER,17543,7/5/2023,0,45,067 PRECINCT,ASIAN,1/1/2024,,36,10,,
983314,"HOQUE, MOHAMMED M",MOHAMMED,HOQUE,M,POLICE OFFICER,,8/20/2025,0,0,RTS RECRUITS,ASIAN,8/20/2025,,,,,
982357,"HOQUE, NAZMUL",NAZMUL,HOQUE,,POLICE OFFICER,3761,4/30/2025,0,0,RTS RECRUITS,ASIAN,4/30/2025,,,,,
983315,"HOQUE, TANJIM",TANJIM,HOQUE,,POLICE OFFICER,,8/20/2025,0,0,RTS RECRUITS,ASIAN,8/20/2025,,,,,
982358,"HORAN, CONOR J",CONOR,HORAN,J,POLICE OFFICER,22095,4/30/2025,0,0,RTS RECRUITS,WHITE,4/30/2025,,,,,
956741,"HORAN, MATTHEW P",MATTHEW,HORAN,P,POLICE OFFICER,15001,7/9/2014,1,92,001 PRECINCT,WHITE,8/19/2015,,76,15,1,
972697,"HORGAN, MEGAN K",MEGAN,HORGAN,K,POLICE OFFICER,3071,10/12/2021,1,162,116 DOMESTIC VIOLENCE SQUAD,WHITE,10/20/2025,,113,49,,
947084,"HORKAN, PATRICK J",PATRICK,HORKAN,J,DETECTIVE 3RD GRADE,2375,7/8/2008,2,894,047 DET SQUAD,WHITE,12/6/2016,,711,176,7,
938674,"HORLICK, PETER B",PETER,HORLICK,B,SERGEANT,3056,7/11/2005,0,234,ESU CANINE TEAM,WHITE,1/2/2023,,217,17,,
944659,"HORN, STEVEN M",STEVEN,HORN,M,DETECTIVE 2ND GRADE,4378,7/9/2007,3,127,HWY DIST COLLISION INV SQD,WHITE,12/27/2019,4,75,44,4,
947085,"HORNBERGER, RICHARD E",RICHARD,HORNBERGER,E,SERGEANT,5084,7/8/2008,3,265,LOWER MANHATTAN SECURITY INITIATIVE,WHITE,10/7/2024,,216,7,42,
949115,"HORNE, CRYSTAL J",CRYSTAL,HORNE,J,SERGEANT,2143,7/6/2010,1,360,PATROL BORO BKLYN NORTH,BLACK,12/23/2024,1,215,130,14,
956742,"HORNE, INEZIA S",INEZIA,HORNE,S,POLICE OFFICER,15499,7/9/2014,0,23,SCHOOL SAFETY DIVISION,BLACK,8/28/2023,,17,6,,
954945,"HORNE, LAWRENCE D",LAWRENCE,HORNE,D,SERGEANT,4182,7/9/2013,1,50,PROPERTY CLERK DIVISION,HISPANIC,3/3/2025,,27,17,6,
969797,"HORNE, MATTHEW R",MATTHEW,HORNE,R,POLICE OFFICER,25853,11/2/2020,1,34,078 PRECINCT,WHITE,5/10/2021,,22,12,,
981394,"HORNE, STEVEN W",STEVEN,HORNE,W,POLICE OFFICER,14081,1/29/2025,0,6,044 PCT FIELD TRAINING UNIT,BLACK,8/7/2025,,5,1,,
958706,"HORNER, BRIAN G",BRIAN,HORNER,G,SERGEANT,2904,7/8/2015,0,49,024 PRECINCT,HISPANIC,7/31/2023,2,34,13,,
973101,"HORODECKI, STEVEN M",STEVEN,HORODECKI,M,POLICE OFFICER,3358,10/15/2021,1,58,WARRANT SECTION,ASIAN,10/13/2025,,38,19,1,
981395,"HORSFORD, BRADLEY B",BRADLEY,HORSFORD,B,POLICE OFFICER,14645,1/29/2025,0,3,PSA 5 FIELD TRAINING UNIT,BLACK,8/7/2025,,3,,,
941914,"HORTON, THOMAS L",THOMAS,HORTON,L,LIEUTENANT,,7/10/2006,2,112,047 PRECINCT,WHITE,11/3/2025,,100,11,1,
969798,"HORTON, TOMMY R",TOMMY,HORTON,R,POLICE OFFICER,24196,11/2/2020,7,159,052 PRECINCT,HISPANIC,5/10/2021,,54,105,,
949117,"HORVATH, ROBERT G",ROBERT,HORVATH,G,DETECTIVE SPECIALIST,4345,7/6/2010,0,33,OPERATIONS DIVISION,WHITE,2/2/2021,,28,3,2,
981396,"HOSAIN, MD S",MD,HOSAIN,S,POLICE OFFICER,15276,1/29/2025,0,0,042 PCT FIELD TRAINING UNIT,ASIAN,8/7/2025,,,,,
973474,"HOSANNAH, AARON K",AARON,HOSANNAH,K,POLICE OFFICER,30634,12/29/2021,1,65,009 PRECINCT,HISPANIC,9/15/2025,,44,21,1,
973475,"HOSEAIN, MOHAMMAD F",MOHAMMAD,HOSEAIN,F,POLICE OFFICER,30809,12/29/2021,0,15,HOUSING PSA 2,ASIAN,1/16/2023,,10,4,1,
959417,"HOSEIN, CHRISTOPHER",CHRISTOPHER,HOSEIN,,DETECTIVE 2ND GRADE,3863,7/8/2015,0,48,WARRANT SECTION,ASIAN,11/22/2019,,29,13,4,2
962481,"HOSEIN, KYLE F",KYLE,HOSEIN,F,POLICE OFFICER,24950,10/11/2016,2,46,067 PRECINCT,ASIAN,12/13/2017,,29,17,,
969799,"HOSEIN, SALEEM",SALEEM,HOSEIN,,POLICE OFFICER,23325,11/2/2020,0,22,TRANSIT DISTRICT 4,ASIAN,5/10/2021,,16,5,1,
965195,"HOSEIN, SARA",SARA,HOSEIN,,SERGEANT,3803,1/10/2018,5,19,032 PRECINCT,ASIAN,9/25/2023,,17,2,,
920404,"HOSEK, MICHAEL F",MICHAEL,HOSEK,F,DETECTIVE 1ST GRADE,302,12/8/1997,0,0,EXECUTIVE PROTECTION UNIT,WHITE,12/25/2021,,,,,
974193,"HOSEN, MD I",MD,HOSEN,I,POLICE OFFICER,12166,4/13/2022,0,29,020 PRECINCT,ASIAN,12/26/2022,,18,11,,
972348,"HOSEN, MDAMIR",MDAMIR,HOSEN,,POLICE OFFICER,25930,7/9/2021,0,18,032 PRECINCT,ASIAN,12/30/2021,,12,6,,
936782,"HOSPEDALES, JARED M",JARED,HOSPEDALES,M,LIEUTENANT,,1/10/2005,1,76,LICENSE DIVISION,HISPANIC,11/26/2018,,30,4,42,
981397,"HOSSAIN, ABUSAYED M",ABUSAYED,HOSSAIN,M,POLICE OFFICER,15869,1/29/2025,0,3,PSA 9 FIELD TRAINING UNIT,ASIAN,8/7/2025,,2,1,,
967551,"HOSSAIN, AKMANNUR",AKMANNUR,HOSSAIN,,POLICE OFFICER,5072,4/15/2019,1,5,MANHATTAN COURT SECTION,ASIAN,5/27/2025,,2,3,,
965197,"HOSSAIN, ALAMGIR M",ALAMGIR,HOSSAIN,M,SERGEANT,544,1/10/2018,0,15,BROOKLYN COURT SECTION,ASIAN,5/12/2025,,15,,,
981398,"HOSSAIN, ALOMGIR",ALOMGIR,HOSSAIN,,POLICE OFFICER,16682,1/29/2025,0,2,PSA 5 FIELD TRAINING UNIT,ASIAN,8/7/2025,,1,1,,
978553,"HOSSAIN, EMRAN",EMRAN,HOSSAIN,,POLICE OFFICER,19082,1/3/2024,0,14,HOUSING PSA 2,ASIAN,7/16/2024,,10,4,,
970601,"HOSSAIN, ISMIL",ISMIL,HOSSAIN,,POLICE OFFICER,1367,12/29/2020,0,52,INFO TECHNOLOGY SERVICES DIV,ASIAN,10/27/2025,1,35,14,2,
972005,"HOSSAIN, JAHED",JAHED,HOSSAIN,,POLICE OFFICER,28408,7/7/2021,0,106,006 PRECINCT,ASIAN,12/30/2021,,81,25,,
976186,"HOSSAIN, JAHID",JAHID,HOSSAIN,,POLICE OFFICER,1203,1/17/2023,0,27,TRANSIT DISTRICT 32,ASIAN,7/26/2023,,14,1,12,
967552,"HOSSAIN, JAMSHAD",JAMSHAD,HOSSAIN,,POLICE OFFICER,9712,4/15/2019,2,46,TRANSIT DISTRICT 33,ASIAN,8/12/2020,,37,2,7,
975542,"HOSSAIN, KAMRUL",KAMRUL,HOSSAIN,,POLICE OFFICER,16278,10/19/2022,0,18,TRANSIT DISTRICT 34,ASIAN,11/18/2024,,13,5,,
981399,"HOSSAIN, KAMRUL",KAMRUL,HOSSAIN,,POLICE OFFICER,17573,1/29/2025,0,1,032 PCT FIELD TRAINING UNIT,ASIAN,8/7/2025,,,1,,
971480,"HOSSAIN, KHAN N",KHAN,HOSSAIN,N,POLICE OFFICER,15556,4/28/2021,0,24,023 PRECINCT,ASIAN,10/28/2021,,10,13,1,
978922,"HOSSAIN, KHANDAKER M",KHANDAKER,HOSSAIN,M,POLICE OFFICER,8020,1/17/2024,0,16,TRANSIT DISTRICT 30,ASIAN,7/16/2024,,13,,3,
968497,"HOSSAIN, MD M",MD,HOSSAIN,M,POLICE OFFICER,7718,10/7/2019,0,5,TRANSIT DISTRICT 3,ASIAN,2/24/2025,1,4,,,
974925,"HOSSAIN, MD S",MD,HOSSAIN,S,POLICE OFFICER,23271,7/13/2022,0,10,TB TRAIN PATROL FORCE,ASIAN,4/15/2024,,4,,5,1
976715,"HOSSAIN, MD D",MD,HOSSAIN,D,POLICE OFFICER,26898,4/26/2023,0,35,TRANSIT DISTRICT 33,ASIAN,10/31/2023,,31,,4,
980600,"HOSSAIN, MD S",MD,HOSSAIN,S,POLICE OFFICER,15779,10/30/2024,0,5,PSA 9 FIELD TRAINING UNIT,ASIAN,7/28/2025,,4,2,,
973102,"HOSSAIN, MKANWAR",MKANWAR,HOSSAIN,,POLICE OFFICER,1809,10/15/2021,0,30,043 PRECINCT,ASIAN,4/14/2022,,24,6,,
960680,"HOSSAIN, MOHAMMAD S",MOHAMMAD,HOSSAIN,S,POLICE OFFICER,2679,1/6/2016,0,29,TRANSIT DISTRICT 4,ASIAN,4/15/2022,,21,8,,
971095,"HOSSAIN, MOHAMMAD M",MOHAMMAD,HOSSAIN,M,POLICE OFFICER,24870,2/24/2021,0,15,052 PRECINCT,ASIAN,8/26/2021,,10,5,,
972006,"HOSSAIN, MOHAMMAD I",MOHAMMAD,HOSSAIN,I,POLICE OFFICER,9360,7/7/2021,1,64,040 PRECINCT,ASIAN,7/14/2025,,28,35,,1
974195,"HOSSAIN, MOHAMMAD S",MOHAMMAD,HOSSAIN,S,POLICE OFFICER,12824,4/13/2022,0,19,094 PRECINCT,ASIAN,12/26/2022,,12,7,,
975543,"HOSSAIN, MOHAMMAD F",MOHAMMAD,HOSSAIN,F,POLICE OFFICER,17007,10/19/2022,0,83,109 PRECINCT,ASIAN,10/17/2025,,58,25,,
979937,"HOSSAIN, MOHAMMED T",MOHAMMED,HOSSAIN,T,POLICE OFFICER,3843,7/3/2024,0,23,024 PRECINCT,ASIAN,6/6/2025,1,14,4,4,
967922,"HOSSAIN, MOHD A",MOHD,HOSSAIN,A,POLICE OFFICER,18246,7/1/2019,19,229,TRANSIT DISTRICT 33,ASIAN,9/10/2021,,173,33,23,
981400,"HOSSAIN, MUFAZZAL",MUFAZZAL,HOSSAIN,,POLICE OFFICER,18615,1/29/2025,0,1,046 PCT FIELD TRAINING UNIT,ASIAN,8/7/2025,,1,,,
983316,"HOSSAIN, SHAHEED R",SHAHEED,HOSSAIN,R,POLICE OFFICER,,8/20/2025,0,0,RTS RECRUITS,ASIAN,8/20/2025,,,,,
955986,"HOSSAIN, TALEB J",TALEB,HOSSAIN,J,LIEUTENANT,,1/8/2014,7,94,QUEENS COURT SECTION,ASIAN,9/22/2025,6,63,18,7,
981401,"HOSSAIN, TANIM",TANIM,HOSSAIN,,POLICE OFFICER,14181,1/29/2025,0,1,034 PCT FIELD TRAINING UNIT,ASIAN,8/7/2025,,,1,,
967923,"HOSSAIN, TANVIR",TANVIR,HOSSAIN,,POLICE OFFICER,20922,7/1/2019,0,40,077 PRECINCT,ASIAN,10/22/2020,,25,15,,
968498,"HOSSAIN, TOFAWEL",TOFAWEL,HOSSAIN,,POLICE OFFICER,7729,10/7/2019,0,109,TRANSIT DISTRICT 32,ASIAN,10/22/2020,,89,5,15,
981402,"HOSSAIN, TOUHID",TOUHID,HOSSAIN,,POLICE OFFICER,19634,1/29/2025,0,4,075 PCT FIELD TRAINING UNIT,ASIAN,8/7/2025,,2,2,,
980601,"HOSSAIN, ZAKIR",ZAKIR,HOSSAIN,,POLICE OFFICER,17207,10/30/2024,0,2,075 PCT FIELD TRAINING UNIT,ASIAN,7/28/2025,,2,1,,
972007,"HOSSEN, MILTON",MILTON,HOSSEN,,POLICE OFFICER,11025,7/7/2021,0,10,TRANSIT DISTRICT 4,ASIAN,12/30/2021,,7,3,,
938676,"HOSTETTER, JOHN H",JOHN,HOSTETTER,H,DETECTIVE 2ND GRADE,6672,7/11/2005,6,424,017 DET SQUAD,WHITE,8/22/2015,,218,203,1,2
979228,"HOT, ALEM",ALEM,HOT,,POLICE OFFICER,5628,4/24/2024,0,19,006 PRECINCT,WHITE,11/1/2024,,10,9,,
972008,"HOT, HARIS",HARIS,HOT,,POLICE OFFICER,9438,7/7/2021,2,75,108 PRECINCT,WHITE,12/30/2021,,52,23,,
960681,"HOT, SAJMA",SAJMA,HOT,,POLICE OFFICER,5372,1/6/2016,0,48,TRANSIT BUREAU,WHITE,5/19/2023,,33,14,1,
919187,"HOTALING, MICHAEL A",MICHAEL,HOTALING,A,LIEUTENANT,,4/15/1997,0,2,PATROL BORO STATEN ISLAND,WHITE,12/16/2013,,2,,,
958709,"HOTHI, GURSHARANJIT S",GURSHARANJIT,HOTHI,S,POLICE OFFICER,21148,7/8/2015,0,34,LAB EVIDENCE CTRL & SECURITY,ASIAN,1/30/2023,,24,9,1,
957684,"HOTI, ARTON",ARTON,HOTI,,SERGEANT,1191,1/7/2015,7,53,111 PRECINCT,WHITE,9/27/2025,,40,11,2,
962482,"HOTI, JOEY",JOEY,HOTI,,DETECTIVE 3RD GRADE,4375,10/11/2016,14,134,PUBLIC SECURITY SECTION,WHITE,2/21/2025,,76,58,,
955987,"HOUARI, SAM",SAM,HOUARI,,LIEUTENANT,,1/8/2014,0,39,HOUSING BUREAU,WHITE,8/18/2025,,25,3,11,
925472,"HOULAHAN, DANIEL J",DANIEL,HOULAHAN,J,SGT SPECIAL ASSIGN,821,3/1/2000,8,238,006 PRECINCT,WHITE,10/17/2018,,208,27,3,
966104,"HOULIHAN, DILLON J",DILLON,HOULIHAN,J,POLICE OFFICER,3495,7/2/2018,2,90,101 PRECINCT,WHITE,10/7/2019,,48,39,3,
903024,"HOURICAN, JOHN F",JOHN,HOURICAN,F,DETECTIVE 1ST GRADE,6119,1/19/1993,8,267,NARC BORO MANHATTAN NORTH MAJOR CASE UNIT,WHITE,9/21/2016,1,58,196,2,10
915914,"HOUSEN, PRIMROSE K",PRIMROSE,HOUSEN,K,SGT DET SQUAD,3406,6/30/1995,0,9,IAB INVESTIGATIONS UNIT 53,BLACK,10/1/2023,,,7,,2
962483,"HOUSTON, ROBERT J",ROBERT,HOUSTON,J,SERGEANT,5150,10/11/2016,13,136,INTERNAL AFFAIRS BUREAU,WHITE,11/22/2024,2,85,45,4,
950598,"HOVESTADT, DAVID A",DAVID,HOVESTADT,A,SERGEANT,5107,7/6/2011,3,179,046 PRECINCT,WHITE,9/26/2022,1,111,59,8,
972395,"HOWARD, BRANDON M",BRANDON,HOWARD,M,POLICE OFFICER,23739,7/13/2021,0,43,025 PRECINCT,HISPANIC,12/30/2021,1,27,15,,
945209,"HOWARD, CARL W",CARL,HOWARD,W,POLICE OFFICER,20296,7/18/2007,0,57,WORLD TRADE CENTER COMMAND,WHITE,2/24/2014,,44,11,2,
936783,"HOWARD, CHESTEN M",CHESTEN,HOWARD,M,POLICE OFFICER,30888,1/10/2005,1,166,TRANSIT BUREAU,BLACK,10/14/2021,,112,5,49,
977958,"HOWARD, COLLAH W",COLLAH,HOWARD,W,POLICE OFFICER,16990,10/25/2023,0,30,TRANSIT BORO BROOKLYN,BLACK,10/16/2025,,23,2,5,
940275,"HOWARD, GERARD A",GERARD,HOWARD,A,POLICE OFFICER,11777,1/9/2006,0,48,ESU CANINE TEAM,WHITE,11/2/2017,,40,4,4,
941042,"HOWARD, GREGORY",GREGORY,HOWARD,,DETECTIVE SPECIALIST,706,1/31/2006,1,500,MILITARY & EXTENDED LEAVE DESK,BLACK,7/24/2025,1,381,117,1,
948221,"HOWARD, JANEL A",JANEL,HOWARD,A,DETECTIVE SPECIALIST,3091,7/14/2009,1,97,YOUTH STRATEGIES DIVISION,BLACK,8/4/2023,,83,9,5,
980602,"HOWARD, KYLE M",KYLE,HOWARD,M,POLICE OFFICER,17215,10/30/2024,0,29,101 PCT FIELD TRAINING UNIT,WHITE,7/28/2025,,19,9,2,
948889,"HOWARD, LAUREN M",LAUREN,HOWARD,M,LIEUTENANT,,7/6/2010,0,30,PATROL BORO BKLYN SOUTH,WHITE,3/12/2025,,22,3,5,
933547,"HOWARD, PHILLIP",PHILLIP,HOWARD,,LIEUTENANT,,1/5/1983,1,3,TRANSIT DISTRICT 33,WHITE,12/7/2020,,2,,1,
974926,"HOWARD, QUENTIN F",QUENTIN,HOWARD,F,POLICE OFFICER,18459,7/13/2022,0,50,052 PRECINCT,BLACK,1/5/2023,,29,21,,
940276,"HOWARD, SHANEKA C",SHANEKA,HOWARD,C,POLICE OFFICER,20560,1/9/2006,1,92,063 PRECINCT,BLACK,9/9/2025,,76,11,5,
979938,"HOWARD, TARIK K",TARIK,HOWARD,K,POLICE OFFICER,1009,7/3/2024,0,10,105 PRECINCT,BLACK,9/15/2025,,5,5,,
950599,"HOWARD, TERRENCE",TERRENCE,HOWARD,,LIEUTENANT,,7/6/2011,72,400,TRANSIT DISTRICT 33,BLACK,3/17/2025,,152,238,10,
901711,"HOWARD, THEODORA E",THEODORA,HOWARD,E,POLICE OFFICER,6678,6/30/1992,0,41,077 PRECINCT,BLACK,1/13/1993,1,33,6,1,
966629,"HOWARD, TYREL",TYREL,HOWARD,,POLICE OFFICER,8529,10/24/2018,0,25,TB ANTI TERRORISM 3,BLACK,1/28/2025,,18,7,,
982360,"HOWE, CHRISTOPHER M",CHRISTOPHER,HOWE,M,POLICE OFFICER,23278,4/30/2025,0,0,RTS RECRUITS,WHITE,4/30/2025,,,,,
961822,"HOWE, TYLER A",TYLER,HOWE,A,DETECTIVE 3RD GRADE,3021,7/13/2016,10,191,NARC BORO BROOKLYN NORTH,WHITE,5/16/2023,,52,138,1,
972009,"HOWELL, BRYANT K",BRYANT,HOWELL,K,POLICE OFFICER,26183,7/7/2021,4,63,HOUSING PSA 6,BLACK,12/30/2021,,41,22,,
975544,"HOWELL, CHARLES Q",CHARLES,HOWELL,Q,POLICE OFFICER,1681,10/19/2022,0,121,115 PRECINCT,BLACK,4/25/2023,1,84,36,,
961823,"HOWELL, EDWIN P",EDWIN,HOWELL,P,POLICE OFFICER,3889,7/13/2016,2,33,025 PRECINCT,WHITE,10/9/2017,,22,11,,
944381,"HOWELL, EILEEN",EILEEN,HOWELL,,POLICE OFFICER,28063,7/9/2007,5,75,POLICE ACADEMY,WHITE,10/29/2024,1,64,10,,
944084,"HOWELL, LYUDMILA",LYUDMILA,HOWELL,,DETECTIVE 2ND GRADE,1010,1/23/2007,12,44,JOINT TERRORIST TASK FORCE,HISPANIC,2/8/2016,,24,19,1,
970364,"HOWELL, RYAN L",RYAN,HOWELL,L,POLICE OFFICER,10673,11/16/2020,1,28,023 PRECINCT,BLACK,5/10/2021,,17,11,,
950600,"HOWELL, SEAN M",SEAN,HOWELL,M,DETECTIVE SPECIALIST,2293,7/6/2011,1,123,110 PRECINCT,WHITE,3/10/2025,,111,2,10,
969123,"HOWELL, STEPHAN S",STEPHAN,HOWELL,S,POLICE OFFICER,27451,1/6/2020,1,58,094 PRECINCT,BLACK,9/27/2022,,39,17,2,
981403,"HOWELL, TAJAH L",TAJAH,HOWELL,L,POLICE OFFICER,24066,1/29/2025,0,5,077 PCT FIELD TRAINING UNIT,BLACK,8/7/2025,,3,2,,
945828,"HOWELL, TIFFANY P",TIFFANY,HOWELL,P,SERGEANT,3469,1/7/2008,2,53,CCCS JUVENILE STRATEGIES UNIT,WHITE,7/28/2025,,39,13,1,
941915,"HOWELL, TYRONNE R",TYRONNE,HOWELL,R,POLICE OFFICER,3538,7/10/2006,2,103,BROOKLYN COURT SECTION,BLACK,8/5/2025,,81,13,9,
923964,"HOWIE, JUDD J",JUDD,HOWIE,J,SGT DET SQUAD,3420,7/7/1999,13,74,CRIME SCENE UNIT,WHITE,7/18/2014,,38,32,4,
947775,"HOWIE, ROBERT J",ROBERT,HOWIE,J,POLICE OFFICER,9171,7/21/2008,0,99,MILITARY & EXTENDED LEAVE DESK,WHITE,1/27/2020,,74,21,4,
970603,"HOWLADER, MD M",MD,HOWLADER,M,POLICE OFFICER,1955,12/29/2020,0,35,108 PRECINCT,ASIAN,6/26/2024,,20,15,,
950501,"HOWLEY, DENISE M",DENISE,HOWLEY,M,DETECTIVE SPECIALIST,7968,7/6/2011,0,45,HB SPECIAL OPERATIONS SECTION,WHITE,10/22/2020,1,26,4,14,
978554,"HOWZE, STERLINGOLIJAWON D",STERLINGOLIJAWON,HOWZE,D,POLICE OFFICER,18509,1/3/2024,0,5,079 PRECINCT,BLACK,8/16/2025,,4,1,,
956743,"HOXHA, AUREL",AUREL,HOXHA,,DETECTIVE 3RD GRADE,2886,7/9/2014,18,264,067 DET SQUAD,WHITE,10/11/2020,,94,164,6,
964061,"HOXHA, ENID",ENID,HOXHA,,SERGEANT,1530,7/5/2017,18,135,TRANSIT DISTRICT 34,WHITE,10/28/2024,1,75,57,2,
955988,"HOXHA, MERITA",MERITA,HOXHA,,DETECTIVE 3RD GRADE,1471,1/8/2014,14,175,042 DET SQUAD,WHITE,10/11/2020,,73,101,1,
941916,"HOXHA, MIREL",MIREL,HOXHA,,POLICE OFFICER,17705,7/10/2006,6,199,122 PRECINCT,WHITE,9/26/2011,2,155,27,14,1
949119,"HOXHA, OLSEN",OLSEN,HOXHA,,LIEUTENANT,,7/6/2010,46,253,066 PRECINCT,WHITE,9/19/2024,2,144,77,30,
957686,"HOYDAL, ANDREW",ANDREW,HOYDAL,,POLICE OFFICER,8258,1/7/2015,4,37,BROOKLYN COURT SECTION,WHITE,4/10/2024,1,28,8,,
944055,"HOYDAL, VJOLLCA",VJOLLCA,HOYDAL,,POLICE OFFICER,24725,1/23/2007,0,65,122 PRECINCT,WHITE,9/13/2023,,46,9,10,
950601,"HOYLE, KHARY D",KHARY,HOYLE,D,SERGEANT,604,7/6/2011,1,59,CRIMINAL INTELLIGENCE SECTION,BLACK,3/25/2024,,48,7,4,
950756,"HOYLE, TIFFANY M",TIFFANY,HOYLE,M,POLICE OFFICER,1104,7/6/2011,0,79,PUBLIC SECURITY SECTION,BLACK,7/2/2025,,62,15,2,
948355,"HOYT, DIANA L",DIANA,HOYT,L,POLICE OFFICER,25257,7/14/2009,0,195,TRANSIT DISTRICT 11,WHITE,1/27/2025,,116,11,68,
977188,"HOYT, NICHOLAS R",NICHOLAS,HOYT,R,POLICE OFFICER,14107,7/5/2023,1,12,123 PRECINCT,WHITE,1/1/2024,,9,3,,
966630,"HOZA, PAUL M",PAUL,HOZA,M,POLICE OFFICER,18007,10/24/2018,2,32,023 PRECINCT,ASIAN,11/25/2019,,24,8,,
981404,"HRAZANEK, DEVON J",DEVON,HRAZANEK,J,POLICE OFFICER,6821,1/29/2025,0,4,047 PCT FIELD TRAINING UNIT,WHITE,8/7/2025,,3,1,,
960686,"HSIEH, ALEXANDER",ALEXANDER,HSIEH,,POLICE OFFICER,3120,1/6/2016,1,8,MEDICAL DIVISION,ASIAN,4/15/2024,,4,4,,
971481,"HSU, ALLEN",ALLEN,HSU,,POLICE OFFICER,14897,4/28/2021,0,26,010 PRECINCT,ASIAN,10/28/2021,,21,5,,
972486,"HSU, GEORGE C",GEORGE,HSU,C,SERGEANT,3127,3/1/2000,0,0,QUALITY ASSURANCE SECTION,ASIAN,9/10/2025,,,,,
966632,"HSU, YUANWEI",YUANWEI,HSU,,POLICE OFFICER,1610,10/24/2018,0,5,MILITARY & EXTENDED LEAVE DESK,ASIAN,1/16/2025,,4,,1,
953974,"HTOO, NAY",NAY,HTOO,,POLICE OFFICER,9240,1/9/2013,3,102,102 PRECINCT,ASIAN,1/7/2019,,76,20,6,
943378,"HU, JAMES",JAMES,HU,,POLICE OFFICER,18657,1/10/2007,1,143,111 PRECINCT,ASIAN,9/9/2025,7,84,25,27,
958712,"HU, STEVEN X",STEVEN,HU,X,SERGEANT,3413,7/8/2015,0,11,083 PRECINCT,ASIAN,5/6/2024,,8,2,1,
956744,"HU, SUN",SUN,HU,,SERGEANT,3804,7/9/2014,1,76,TB SUBWAY SAFETY TASK FORCE,ASIAN,9/5/2024,,66,2,8,
955989,"HU, YAOKANG",YAOKANG,HU,,POLICE OFFICER,10325,1/8/2014,1,44,PBSI FERRY SECURITY UNIT,ASIAN,10/13/2021,8,25,5,5,1
961824,"HUA, AUSTIN",AUSTIN,HUA,,POLICE OFFICER,31961,7/13/2016,2,235,MANHATTAN NORTH VICE MODULE,ASIAN,12/20/2024,,142,91,1,1
969124,"HUA, BEN",BEN,HUA,,POLICE OFFICER,22616,1/6/2020,4,66,066 PRECINCT,ASIAN,10/10/2022,,33,33,,
966106,"HUAMAN, RICHARD A",RICHARD,HUAMAN,A,POLICE OFFICER,12922,7/2/2018,3,92,PBBN COMMUNITY RESPONSE TEAM,HISPANIC,8/17/2023,1,44,47,,
938678,"HUANG, ALEX",ALEX,HUANG,,DETECTIVE SPECIALIST,988,7/11/2005,0,95,103 PRECINCT,ASIAN,2/8/2024,,77,17,1,
979939,"HUANG, ANDREW J",ANDREW,HUANG,J,POLICE OFFICER,9310,7/3/2024,0,7,HOUSING PSA 3,ASIAN,9/2/2025,,4,3,,
957687,"HUANG, ANNE",ANNE,HUANG,,SERGEANT,5413,1/7/2015,0,39,076 PRECINCT,ASIAN,1/23/2024,2,25,8,4,
949870,"HUANG, ARES L",ARES,HUANG,L,DETECTIVE SPECIALIST,5886,7/6/2011,1,113,PBQN COMMUNITY AFFAIRS SECTION,ASIAN,3/2/2023,1,92,15,5,
972396,"HUANG, BILLY",BILLY,HUANG,,POLICE OFFICER,23754,7/13/2021,10,106,067 PRECINCT,ASIAN,12/30/2021,,53,52,1,
960831,"HUANG, BRIAN K",BRIAN,HUANG,K,POLICE OFFICER,15035,1/6/2016,1,45,AUTO POUNDS,ASIAN,10/7/2025,,35,,10,
952862,"HUANG, CAN M",CAN,HUANG,M,SERGEANT,261,7/11/2012,0,40,INFO TECHNOLOGY SERVICES DIV,ASIAN,1/19/2024,,24,,16,
960687,"HUANG, CHON",CHON,HUANG,,POLICE OFFICER,17794,1/6/2016,0,55,094 PRECINCT,ASIAN,10/20/2020,,44,11,,
979940,"HUANG, CHUANKAI",CHUANKAI,HUANG,,POLICE OFFICER,755,7/3/2024,0,1,MILITARY & EXTENDED LEAVE DESK,ASIAN,3/17/2025,,1,,,
977189,"HUANG, DAVID",DAVID,HUANG,,POLICE OFFICER,19143,7/5/2023,0,21,062 PRECINCT,ASIAN,8/18/2025,,14,7,,
935030,"HUANG, GEORGE",GEORGE,HUANG,,LIEUTENANT,,7/1/2004,6,110,TRANSIT DISTRICT 20,ASIAN,4/27/2023,,90,17,3,
969802,"HUANG, JACK",JACK,HUANG,,POLICE OFFICER,23682,11/2/2020,0,9,TRANSIT DISTRICT 2,ASIAN,5/10/2021,,4,5,,
965199,"HUANG, JAY J",JAY,HUANG,J,POLICE OFFICER,31783,1/10/2018,2,64,070 PRECINCT,ASIAN,9/8/2025,,41,22,1,
938481,"HUANG, JIAJIA",JIAJIA,HUANG,,LIEUTENANT,,7/11/2005,3,36,QUALITY ASSURANCE SECTION,ASIAN,9/9/2023,1,26,7,2,
962484,"HUANG, JOHN",JOHN,HUANG,,POLICE OFFICER,20294,10/11/2016,10,94,TB ANTI TERRORISM 3,ASIAN,4/15/2024,1,57,25,11,
981405,"HUANG, KAIDI",KAIDI,HUANG,,POLICE OFFICER,24887,1/29/2025,0,3,TIMES SQUARE FIELD TRAINING UNIT,ASIAN,8/7/2025,,3,,,
960688,"HUANG, RYAN",RYAN,HUANG,,POLICE OFFICER,14638,1/6/2016,1,18,HARBOR UNIT,ASIAN,1/3/2025,,11,6,1,
969803,"HUANG, SHIXUN",SHIXUN,HUANG,,POLICE OFFICER,23875,11/2/2020,0,39,107 PRECINCT,ASIAN,4/3/2024,,22,17,,
941918,"HUANG, WILLIAM K",WILLIAM,HUANG,K,LIEUTENANT,,7/10/2006,2,95,CHARACTER ASSESSMENT SECTION,ASIAN,9/28/2022,,69,19,7,
949120,"HUANG, XINPING",XINPING,HUANG,,DETECTIVE SPECIALIST,4220,7/6/2010,1,42,EMER SERV SQ 06,ASIAN,4/27/2018,,34,6,2,
957688,"HUANG, YIMIN",YIMIN,HUANG,,POLICE OFFICER,16380,1/7/2015,1,51,UNIFORMED OPERATIONS UNIT,ASIAN,2/8/2025,,37,14,,
971483,"HUANG, YING",YING,HUANG,,POLICE OFFICER,17037,4/28/2021,0,74,QUEENS COURT SECTION,ASIAN,3/17/2025,,41,15,,18
956745,"HUANG, ZHEN",ZHEN,HUANG,,POLICE OFFICER,10690,7/9/2014,0,59,COMMUNITY OUTREACH DIVISION,ASIAN,6/14/2024,,49,7,3,
949121,"HUBBARD, JAWUAN M",JAWUAN,HUBBARD,M,DETECTIVE 2ND GRADE,44,7/6/2010,13,519,STRIKE FORCE,BLACK,7/20/2023,,318,167,14,20
938679,"HUBBARD, JOHN E",JOHN,HUBBARD,E,LIEUTENANT,,7/11/2005,4,132,OFFICE OF EQUAL EMPLOYMENT OPPORTUNITY,WHITE,4/17/2025,1,99,18,12,2
951829,"HUBBARD, JUSTIN S",JUSTIN,HUBBARD,S,SERGEANT,3508,1/9/2012,9,232,109 PRECINCT,BLACK,6/6/2025,,140,80,12,
973103,"HUBBARD, SHANIA M",SHANIA,HUBBARD,M,POLICE OFFICER,4268,10/15/2021,0,26,HOUSING PSA 3,BLACK,8/7/2024,,20,6,,
952863,"HUBBARD, SHEENA S",SHEENA,HUBBARD,S,POLICE OFFICER,17086,7/11/2012,5,174,108 DOMESTIC VIOLENCE SQUAD,BLACK,10/20/2025,4,108,59,3,
978555,"HUBBARDHOEY, MICHAEL J",MICHAEL,HUBBARDHOEY,J,POLICE OFFICER,8032,1/3/2024,0,6,MILITARY & EXTENDED LEAVE DESK,WHITE,2/19/2025,,5,1,,
962485,"HUBER, DANIEL J",DANIEL,HUBER,J,DETECTIVE 3RD GRADE,1479,10/11/2016,0,355,052 DET SQUAD,HISPANIC,10/11/2020,,142,211,2,
983317,"HUDA, FAIRUZ",FAIRUZ,HUDA,,POLICE OFFICER,,8/20/2025,0,0,RTS RECRUITS,ASIAN,8/20/2025,,,,,
967925,"HUDA, MOHAMMED M",MOHAMMED,HUDA,M,POLICE OFFICER,20052,7/1/2019,1,22,109 PRECINCT,ASIAN,5/5/2025,,14,8,,
947088,"HUDA, SYED N",SYED,HUDA,N,LIEUTENANT,,7/8/2008,1,82,LSSD ELECTRONICS SECTION,ASIAN,6/23/2025,1,65,12,4,
952864,"HUDGENS, DAVID K",DAVID,HUDGENS,K,DETECTIVE 3RD GRADE,7823,7/11/2012,1,46,WARRANT SECTION,WHITE,10/31/2024,2,35,6,2,1
929476,"HUDON, DEVON G",DEVON,HUDON,G,SGT SPECIAL ASSIGN,2654,7/1/2002,22,121,TRAINING BUREAU,WHITE,11/3/2023,2,70,35,14,
953976,"HUDSON, CHARLES T",CHARLES,HUDSON,T,SERGEANT,471,1/9/2013,2,37,DET BORO MANHATTAN NORTH,WHITE,10/27/2025,4,16,3,14,
951830,"HUDSON, DANIEL P",DANIEL,HUDSON,P,SERGEANT,3492,1/9/2012,1,57,INTEL CIS FIO PROGRAM,WHITE,3/24/2023,,38,10,9,
950602,"HUDSON, DAVID",DAVID,HUDSON,,SERGEANT,594,7/6/2011,6,105,071 PRECINCT,BLACK,12/22/2022,,75,20,10,
941280,"HUDSON, DEVON E",DEVON,HUDSON,E,POLICE OFFICER,27620,7/10/2006,10,356,081 PRECINCT,BLACK,8/25/2010,1,213,49,89,4
951831,"HUDSON, HILARY J",HILARY,HUDSON,J,SGT DET SQUAD,2578,1/9/2012,5,66,INTERNAL AFFAIRS BUREAU,WHITE,1/5/2023,,41,18,7,
918232,"HUDSON, JULIUS E",JULIUS,HUDSON,E,DETECTIVE SPECIALIST,5301,7/26/1996,3,40,PBBN COMMUNITY AFFAIRS SECTION,BLACK,9/19/2024,,24,5,10,1
949091,"HUERTA, BRITTANY A",BRITTANY,HUERTA,A,SGT SPECIAL ASSIGN,3288,7/6/2010,1,142,CHIEF OF DEPARTMENT,WHITE,1/25/2025,3,115,13,11,
910828,"HUERTA, JASON S",JASON,HUERTA,S,DEPUTY CHIEF,,4/30/1991,5,0,COUNTERTERRORISM DIVISION,HISPANIC,3/27/2023,,,,,
981406,"HUERTA, JOE H",JOE,HUERTA,H,POLICE OFFICER,25288,1/29/2025,0,3,043 PCT FIELD TRAINING UNIT,HISPANIC,8/7/2025,,2,1,,
966108,"HUERTA, JOHN N",JOHN,HUERTA,N,DETECTIVE 3RD GRADE,74,7/2/2018,6,282,001 DET SQUAD,HISPANIC,3/3/2024,,161,121,,
983318,"HUERTA, KARINA",KARINA,HUERTA,,POLICE OFFICER,,8/20/2025,0,0,RTS RECRUITS,HISPANIC,8/20/2025,,,,,
962486,"HUERTA, KRISTINA A",KRISTINA,HUERTA,A,POLICE OFFICER,22149,10/11/2016,1,35,FLEET SERVICES DIVISION,HISPANIC,8/25/2025,,22,12,1,
943380,"HUERTA, MANUEL R",MANUEL,HUERTA,R,DETECTIVE SPECIALIST,2140,1/10/2007,10,107,AVIATION UNIT,HISPANIC,1/1/2015,,78,14,15,
980603,"HUERTAGUZMAN, ANDERSON G",ANDERSON,HUERTAGUZMAN,G,POLICE OFFICER,6348,10/30/2024,0,1,MANHATTAN COURT SECTION,HISPANIC,7/8/2025,,1,,,
979229,"HUERTAS, GIOVANNI N",GIOVANNI,HUERTAS,N,POLICE OFFICER,4719,4/24/2024,0,34,108 PRECINCT,HISPANIC,11/1/2024,1,25,8,,
945831,"HUERTAS, LUCAS M",LUCAS,HUERTAS,M,DETECTIVE 1ST GRADE,3314,1/7/2008,12,171,CEIS MONEY LAUNDERING UNIT,HISPANIC,10/21/2024,,65,63,18,25
935943,"HUFFORD, MELISSA",MELISSA,HUFFORD,,DETECTIVE SPECIALIST,1121,7/1/2004,4,118,PATROL SERVICES BUREAU,HISPANIC,12/21/2022,,78,36,4,
938682,"HUGEE, EDWARD G",EDWARD,HUGEE,G,POLICE OFFICER,9621,7/11/2005,2,60,WORLD TRADE CENTER COMMAND,BLACK,10/16/2015,,44,15,1,
947089,"HUGGINS, JEFF",JEFF,HUGGINS,,POLICE OFFICER,19201,7/8/2008,1,150,HOUSING PSA 5,BLACK,9/22/2025,,121,19,10,
957689,"HUGGINS, SEAN D",SEAN,HUGGINS,D,DETECTIVE 3RD GRADE,4874,1/7/2015,0,14,TECH. ASSIST. & RESPONSE UNIT,WHITE,12/6/2017,,12,2,,
937823,"HUGGINSWILLIAMS, CINDY C",CINDY,HUGGINSWILLIAMS,C,POLICE OFFICER,5416,7/11/2005,1,103,050 PRECINCT,BLACK,9/11/2024,,66,22,15,
938684,"HUGHES, BRIAN J",BRIAN,HUGHES,J,LIEUTENANT,,7/11/2005,1,28,010 PRECINCT,WHITE,7/22/2019,,19,5,2,2
956746,"HUGHES, BRIAN A",BRIAN,HUGHES,A,DETECTIVE 3RD GRADE,3083,7/9/2014,1,112,POL LAB FIREARMS ANALYSIS SEC,WHITE,12/7/2020,8,81,15,8,
980604,"HUGHES, CHRISTINA M",CHRISTINA,HUGHES,M,POLICE OFFICER,31346,10/30/2024,0,5,083 PCT FIELD TRAINING UNIT,HISPANIC,7/28/2025,,4,1,,
954946,"HUGHES, CHRISTOPHER R",CHRISTOPHER,HUGHES,R,SERGEANT,3808,7/9/2013,1,44,032 PRECINCT,WHITE,2/8/2024,1,29,7,7,
964062,"HUGHES, CHRISTOPHER T",CHRISTOPHER,HUGHES,T,DETECTIVE 3RD GRADE,5982,7/5/2017,8,73,WARRANT SECTION,WHITE,7/18/2021,,32,37,,4
979230,"HUGHES, CONNOR J",CONNOR,HUGHES,J,POLICE OFFICER,17186,4/24/2024,0,26,014 PCT-MIDTOWN SO. PCT,WHITE,8/18/2025,,23,3,,
950603,"HUGHES, CONWAY J",CONWAY,HUGHES,J,DETECTIVE 3RD GRADE,3864,7/6/2011,47,189,DB TRANSIT SPECIAL INV SQUAD,BLACK,7/26/2024,,53,90,45,1
960690,"HUGHES, COREY J",COREY,HUGHES,J,POLICE OFFICER,12911,1/6/2016,1,81,TRANSIT DISTRICT 32,WHITE,1/13/2024,,63,14,4,
966109,"HUGHES, DAVID M",DAVID,HUGHES,M,POLICE OFFICER,13172,7/2/2018,1,85,104 PRECINCT,WHITE,10/7/2019,2,61,22,,
964563,"HUGHES, DOUGLAS A",DOUGLAS,HUGHES,A,POLICE OFFICER,10147,10/18/2017,3,16,INTERNAL AFFAIRS BUREAU,BLACK,7/30/2024,,14,2,,
970604,"HUGHES, DWAYNE A",DWAYNE,HUGHES,A,POLICE OFFICER,8727,12/29/2020,0,38,063 PRECINCT,BLACK,6/24/2024,,25,13,,
954947,"HUGHES, HARRY J",HARRY,HUGHES,J,DETECTIVE 2ND GRADE,4883,7/9/2013,0,93,WARRANT SECTION,WHITE,2/18/2018,,58,28,1,6
969804,"HUGHES, JACLYN E",JACLYN,HUGHES,E,POLICE OFFICER,22744,11/2/2020,0,75,018 PCT-MIDTOWN NO. PCT,WHITE,5/10/2021,,58,16,1,
966110,"HUGHES, JOSEPH T",JOSEPH,HUGHES,T,DETECTIVE 3RD GRADE,3903,7/2/2018,5,66,TECH. ASSIST. & RESPONSE UNIT,WHITE,9/2/2024,,38,28,,
945832,"HUGHES, JUSTIN E",JUSTIN,HUGHES,E,LIEUTENANT,,1/7/2008,1,131,100 PRECINCT,WHITE,2/23/2022,1,90,31,9,
966633,"HUGHES, KRISTIN R",KRISTIN,HUGHES,R,POLICE OFFICER,15121,10/24/2018,1,115,043 PRECINCT,WHITE,2/18/2021,,83,32,,
942900,"HUGHES, MARSHA P",MARSHA,HUGHES,P,SGT SPECIAL ASSIGN,2161,1/10/2007,0,63,BROOKLYN STANDARDS & ASSESSMENTS UNIT,BLACK,5/5/2025,3,34,5,21,
952867,"HUGHES, MATTHEW E",MATTHEW,HUGHES,E,LIEUTENANT,,7/11/2012,0,57,014 PCT-MIDTOWN SO. PCT,WHITE,8/19/2024,1,44,8,4,
960691,"HUGHES, MICHAEL F",MICHAEL,HUGHES,F,POLICE OFFICER,8346,1/6/2016,1,56,121 PRECINCT,WHITE,4/27/2023,,43,11,2,
969125,"HUGHES, MICHAEL G",MICHAEL,HUGHES,G,POLICE OFFICER,17052,1/6/2020,2,40,045 PRECINCT,WHITE,3/10/2021,,32,8,,
944660,"HUGHES, PATRICK A",PATRICK,HUGHES,A,SERGEANT,486,7/9/2007,11,299,INTEL CIS FIO PROGRAM,WHITE,3/24/2023,1,134,141,22,1
954948,"HUGHES, PATRICK D",PATRICK,HUGHES,D,LIEUTENANT,,7/9/2013,13,123,103 PRECINCT,WHITE,2/17/2025,12,47,57,7,
953977,"HUGHES, SCOTT A",SCOTT,HUGHES,A,LIEUTENANT,,1/9/2013,15,223,TRANSIT DISTRICT 23,HISPANIC,4/22/2024,12,138,70,3,
951832,"HUGHES, STEPHEN J",STEPHEN,HUGHES,J,LIEUTENANT,,1/9/2012,2,97,WARRANT SECTION,WHITE,9/4/2025,,67,24,6,
957690,"HUH, ALBERT U",ALBERT,HUH,U,SERGEANT,552,1/7/2015,4,59,114 PRECINCT,ASIAN,12/30/2024,1,46,11,1,
921432,"HUH, CHUNGYOON C",CHUNGYOON,HUH,C,DEPUTY CHIEF,,7/1/1998,0,0,PATROL BORO MAN NORTH,ASIAN,9/3/2024,,,,,
937874,"HUH, SEUNGJI",SEUNGJI,HUH,,POLICE OFFICER,9627,7/11/2005,2,514,110 PRECINCT,ASIAN,1/2/2006,1,445,55,13,
945833,"HUI, BOLUE",BOLUE,HUI,,CAPTAIN,,1/7/2008,7,46,TRAFFIC ENFORCEMENT DISTRICT,ASIAN,8/11/2025,1,30,10,5,
956747,"HUI, JASON",JASON,HUI,,SERGEANT,2816,7/9/2014,5,59,UNIFORMED PROMOTIONS TRN UNIT,ASIAN,10/3/2025,,40,19,,
955991,"HUI, JONATHAN R",JONATHAN,HUI,R,POLICE OFFICER,13328,1/8/2014,3,96,TB SUBWAY SAFETY TASK FORCE,ASIAN,7/28/2022,,56,6,34,
953978,"HUI, SAMUEL S",SAMUEL,HUI,S,LIEUTENANT,,1/9/2013,85,226,069 PRECINCT,ASIAN,1/13/2025,,99,109,18,
967114,"HUILCA, JORGE E",JORGE,HUILCA,E,POLICE OFFICER,25017,1/3/2019,0,5,TRANSIT DISTRICT 3,HISPANIC,2/13/2020,,4,1,,
983319,"HUISA, MATHEW J",MATHEW,HUISA,J,POLICE OFFICER,,8/20/2025,0,0,RTS RECRUITS,HISPANIC,8/20/2025,,,,,
935033,"HUJBER, SCOTT R",SCOTT,HUJBER,R,POLICE OFFICER,1148,7/1/2004,4,84,PATROL BORO MAN NORTH,WHITE,1/7/2015,,57,22,5,
930377,"HULDIE, JOHN M",JOHN,HULDIE,M,SERGEANT,499,7/1/2002,3,173,DET BORO QUEENS SOUTH,WHITE,7/12/2021,,104,65,4,
967553,"HULL, ANDRE M",ANDRE,HULL,M,POLICE OFFICER,9736,4/15/2019,0,14,TRANSIT DISTRICT 32,BLACK,8/12/2020,,8,3,3,
954949,"HULME, PADRAIC E",PADRAIC,HULME,E,POLICE OFFICER,16630,7/9/2013,5,199,TB CITYWIDE VANDALS TASK FORCE,WHITE,3/24/2021,,188,10,1,
977190,"HULSE, CHRISTINE M",CHRISTINE,HULSE,M,POLICE OFFICER,13605,7/5/2023,0,13,072 PRECINCT,HISPANIC,7/14/2025,,8,5,1,
939034,"HULSE, MICKEY K",MICKEY,HULSE,K,POLICE OFFICER,11995,7/11/2005,0,39,120 PRECINCT,WHITE,1/2/2006,,33,4,2,
960692,"HULSE, STACEY L",STACEY,HULSE,L,POLICE OFFICER,10149,1/6/2016,2,114,PROPERTY CLERK DIVISION,HISPANIC,2/12/2024,,55,59,,
976187,"HULSEN, GLEN S",GLEN,HULSEN,S,POLICE OFFICER,526,1/17/2023,1,60,108 PRECINCT,WHITE,7/26/2023,,34,26,,
962487,"HUM, ANDREW",ANDREW,HUM,,POLICE OFFICER,25647,10/11/2016,1,8,114 PRECINCT,ASIAN,3/5/2025,,6,2,,
969805,"HUM, JAMES A",JAMES,HUM,A,POLICE OFFICER,23544,11/2/2020,1,20,TRANSIT DISTRICT 2,WHITE,5/10/2021,,15,4,1,
935034,"HUM, KEITH T",KEITH,HUM,T,LT SPECIAL ASSIGN,,7/1/2004,17,120,EMERGENCY SERVICE UNIT,ASIAN,4/14/2016,,88,28,4,
945834,"HUM, TONY",TONY,HUM,,SERGEANT,744,1/7/2008,1,111,CRITICAL RESPONSE COMMAND,ASIAN,10/4/2021,,88,22,1,
979941,"HUMALA, CARLOS J",CARLOS,HUMALA,J,POLICE OFFICER,2296,7/3/2024,0,8,032 PRECINCT,HISPANIC,4/7/2025,,4,4,,
956749,"HUMANN, ROBERT J",ROBERT,HUMANN,J,DETECTIVE 3RD GRADE,2137,7/9/2014,3,487,010 DET SQUAD,WHITE,1/7/2020,1,197,288,1,
946595,"HUMBER, STEPHEN J",STEPHEN,HUMBER,J,DETECTIVE SPECIALIST,3355,7/8/2008,4,71,AVIATION UNIT,WHITE,9/16/2020,,47,2,22,
977191,"HUMBERT, JAMAHL J",JAMAHL,HUMBERT,J,POLICE OFFICER,14674,7/5/2023,3,52,121 PRECINCT,BLACK,1/1/2024,,32,20,,
957691,"HUMBURG, SAMANTHA M",SAMANTHA,HUMBURG,M,POLICE OFFICER,21750,1/7/2015,2,60,TRANSIT BORO MAN TASK FORCE,WHITE,5/12/2023,,53,6,1,
941920,"HUMBURG, SCOTT M",SCOTT,HUMBURG,M,SERGEANT,2912,7/10/2006,15,163,SCUBA UNIT,WHITE,3/27/2023,,95,65,3,
947090,"HUMBURG, STEVEN J",STEVEN,HUMBURG,J,DETECTIVE 3RD GRADE,2874,7/8/2008,39,245,INTEL CIS FIO PROGRAM,WHITE,7/15/2021,2,126,106,11,
950604,"HUMMEL, MARC D",MARC,HUMMEL,D,POLICE OFFICER,23029,7/6/2011,0,102,PSA 6 VIPER 1,WHITE,1/7/2025,1,79,15,7,
953979,"HUMPF, JAMES A",JAMES,HUMPF,A,POLICE OFFICER,20489,1/9/2013,4,39,HOUSING PSA 2,WHITE,7/27/2015,,25,9,5,
969269,"HUMPHREYS, HEATHER M",HEATHER,HUMPHREYS,M,POLICE OFFICER,27813,1/6/2020,1,36,040 PRECINCT,WHITE,4/21/2025,,21,15,,
982361,"HUMPHRIES, DELWIN A",DELWIN,HUMPHRIES,A,POLICE OFFICER,29083,4/30/2025,0,0,RTS RECRUITS,HISPANIC,4/30/2025,,,,,
979233,"HUMPHRIES, JOATAN J",JOATAN,HUMPHRIES,J,POLICE OFFICER,22935,4/24/2024,0,17,084 PRECINCT,HISPANIC,8/18/2025,,13,4,,
965201,"HUN, JAMES",JAMES,HUN,,POLICE OFFICER,12252,1/10/2018,0,78,094 PRECINCT,ASIAN,5/8/2019,2,45,29,2,
936787,"HUN, NEWTON N",NEWTON,HUN,N,POLICE OFFICER,24803,1/10/2005,0,161,CCCS JUVENILE STRATEGIES UNIT,ASIAN,5/5/2025,5,131,21,4,
976716,"HUN, PHILIP",PHILIP,HUN,,POLICE OFFICER,30258,4/26/2023,0,24,TRANSIT BORO MAN TASK FORCE,ASIAN,5/31/2024,,13,10,1,
964063,"HUNG, KAYIK",KAYIK,HUNG,,POLICE OFFICER,19903,7/5/2017,5,29,081 PRECINCT,ASIAN,1/9/2019,,19,7,3,
952869,"HUNG, WILSON",WILSON,HUNG,,POLICE OFFICER,18432,7/11/2012,2,123,TB ANTI TERRORISM 3,ASIAN,4/15/2024,,92,4,27,
978556,"HUNGCEN, OSCAR",OSCAR,HUNGCEN,,POLICE OFFICER,20000,1/3/2024,0,3,HOUSING PSA 1,ASIAN,7/16/2024,,2,1,,
963576,"HUNKER, MATTHEW P",MATTHEW,HUNKER,P,SERGEANT,1521,4/12/2017,0,36,TRANSIT DISTRICT 23,WHITE,10/28/2024,,18,18,,
952870,"HUNSUCKER, MATTHEW F",MATTHEW,HUNSUCKER,F,POLICE OFFICER,10120,7/11/2012,0,53,PUBLIC SECURITY SECTION,WHITE,1/20/2025,,37,9,7,
941921,"HUNT, ANDREW",ANDREW,HUNT,,DETECTIVE 3RD GRADE,416,7/10/2006,7,500,088 DET SQUAD,WHITE,6/19/2014,2,193,299,5,1
930378,"HUNT, DONOVAN J",DONOVAN,HUNT,J,SERGEANT,2162,7/1/2002,5,262,PATROL BORO BKLYN NORTH,BLACK,12/18/2024,,218,35,9,
935035,"HUNT, JEAN C",JEAN,HUNT,C,DETECTIVE SPECIALIST,5391,7/1/2004,3,210,EMER SERV SQ 02,WHITE,4/14/2016,1,167,35,7,
953980,"HUNT, JEREMY J",JEREMY,HUNT,J,SERGEANT,5543,1/9/2013,25,136,TRANSIT DISTRICT 20,BLACK,6/30/2025,,58,61,16,1
967115,"HUNT, JOSEPH D",JOSEPH,HUNT,D,POLICE OFFICER,25560,1/3/2019,0,76,025 PRECINCT,WHITE,10/15/2020,,48,28,,
936790,"HUNT, VICTORIA",VICTORIA,HUNT,,POLICE OFFICER,31906,1/10/2005,0,48,MILITARY & EXTENDED LEAVE DESK,WHITE,5/1/2011,4,29,13,2,
955992,"HUNTE, ALVIN",ALVIN,HUNTE,,SERGEANT,1213,1/8/2014,21,299,073 DET SQUAD,ASIAN,1/27/2025,,140,120,39,
936072,"HUNTE, EUSTACE",EUSTACE,HUNTE,,DETECTIVE 1ST GRADE,6798,1/10/2005,0,53,FIRST DEPUTY COMMISSIONER,BLACK,9/28/2023,,40,6,7,
956750,"HUNTER, CHANNELLE S",CHANNELLE,HUNTER,S,POLICE OFFICER,12607,7/9/2014,0,26,043 PRECINCT,BLACK,9/11/2024,,19,6,1,
952871,"HUNTER, GINGER C",GINGER,HUNTER,C,POLICE OFFICER,24677,7/11/2012,0,78,020 PRECINCT,ASIAN,5/6/2014,,68,8,2,
954951,"HUNTER, KEVIN A",KEVIN,HUNTER,A,DETECTIVE 3RD GRADE,1485,7/9/2013,3,294,067 DET SQUAD,BLACK,10/11/2020,,125,161,9,
933861,"HUNTER, KRAIG R",KRAIG,HUNTER,R,POLICE OFFICER,23684,1/20/2004,12,278,DBQS EVIDENCE COLLECTION TEAM,WHITE,8/15/2025,,166,95,17,
944085,"HUNTER, MARK T",MARK,HUNTER,T,POLICE OFFICER,28095,1/23/2007,11,129,090 PRECINCT,WHITE,4/26/2016,1,82,43,3,
981407,"HUNTER, NICHOLAS J",NICHOLAS,HUNTER,J,POLICE OFFICER,27419,1/29/2025,0,12,101 PCT FIELD TRAINING UNIT,WHITE,8/7/2025,,7,4,1,
958714,"HUNTER, RICHARD P",RICHARD,HUNTER,P,POLICE OFFICER,18602,7/8/2015,0,66,090 PRECINCT,WHITE,11/16/2022,,34,32,,
983320,"HUNTER, RICKNEY S",RICKNEY,HUNTER,S,POLICE OFFICER,,8/20/2025,0,0,RTS RECRUITS,BLACK,8/20/2025,,,,,
962488,"HUNTER, ROBERT O",ROBERT,HUNTER,O,POLICE OFFICER,21769,10/11/2016,0,149,BROOKLYN ADULT SEX CRIMES SQUAD,BLACK,3/5/2025,,87,62,,
971096,"HUNTER, TYLER J",TYLER,HUNTER,J,POLICE OFFICER,26139,2/24/2021,6,55,PBBS COMMUNITY AFFAIRS SECTION,WHITE,7/23/2025,,36,19,,
938689,"HUO, DONALD Q",DONALD,HUO,Q,SERGEANT,2630,7/11/2005,0,175,TRANSIT DISTRICT 23,ASIAN,2/26/2021,,144,9,22,
951833,"HUOT, HENRY",HENRY,HUOT,,POLICE OFFICER,17962,1/9/2012,0,41,PBMS SCOOTER TASK FORCE,ASIAN,1/28/2016,,33,5,3,
960693,"HUQ, MAHMUDUL",MAHMUDUL,HUQ,,POLICE OFFICER,12496,1/6/2016,1,26,111 PRECINCT,ASIAN,10/2/2024,,20,6,,
980605,"HUQUE, RIDUANUL",RIDUANUL,HUQUE,,POLICE OFFICER,18828,10/30/2024,0,6,079 PCT FIELD TRAINING UNIT,ASIAN,7/28/2025,1,2,3,,
960694,"HURCHEY, VICTORIA A",VICTORIA,HURCHEY,A,SERGEANT,1460,1/6/2016,2,89,060 PRECINCT,WHITE,12/30/2024,,47,37,5,
960695,"HURLEY, RYAN P",RYAN,HURLEY,P,DETECTIVE 3RD GRADE,7352,1/6/2016,1,24,POL LAB FIREARMS ANALYSIS SEC,WHITE,3/15/2021,,17,7,,
944661,"HURLEYYEARWOOD, SHALESSE J",SHALESSE,HURLEYYEARWOOD,J,SERGEANT,5086,7/9/2007,0,181,MILITARY & EXTENDED LEAVE DESK,BLACK,11/4/2024,2,108,26,1,44
903282,"HURSON, TERENCE",TERENCE,HURSON,,DEPUTY CHIEF,,8/27/1993,13,0,PATROL BORO STATEN ISLAND,WHITE,5/27/2022,,,,,
952872,"HURST, KYLE A",KYLE,HURST,A,SERGEANT,3602,7/11/2012,7,172,WARRANT SECTION,WHITE,11/14/2022,,107,55,9,1
964564,"HURTADO, ANGELO",ANGELO,HURTADO,,POLICE OFFICER,12967,10/18/2017,3,25,MANHATTAN COURT SECTION,HISPANIC,10/23/2025,,18,7,,
966634,"HURWITZ, MATTHEW C",MATTHEW,HURWITZ,C,POLICE OFFICER,19626,10/24/2018,38,154,113 PRECINCT,WHITE,11/25/2019,,46,107,,1
981408,"HUSAIN, ALI H",ALI,HUSAIN,H,POLICE OFFICER,25769,1/29/2025,0,0,048 PCT FIELD TRAINING UNIT,ASIAN,8/7/2025,,,,,
960696,"HUSAIN, ELIASH M",ELIASH,HUSAIN,M,SERGEANT,3468,1/6/2016,1,23,006 PRECINCT,ASIAN,5/6/2024,1,13,8,1,
947689,"HUSAIN, REZA N",REZA,HUSAIN,N,POLICE OFFICER,19215,7/8/2008,2,173,083 PRECINCT,HISPANIC,9/12/2011,,118,50,5,
958715,"HUSBAND, KEVON G",KEVON,HUSBAND,G,POLICE OFFICER,18913,7/8/2015,2,32,116 PRECINCT,BLACK,1/29/2025,,22,6,4,
965752,"HUSBANDS, AARON L",AARON,HUSBANDS,L,SERGEANT,3802,4/25/2018,40,127,101 PRECINCT,BLACK,5/27/2024,,37,76,12,2
981409,"HUSBANDS, VALERIE K",VALERIE,HUSBANDS,K,POLICE OFFICER,26362,1/29/2025,0,2,023 PCT FIELD TRAINING UNIT,BLACK,8/7/2025,,2,,,
967116,"HUSCH, RICHARD G",RICHARD,HUSCH,G,DETECTIVE SPECIALIST,3214,1/3/2019,3,67,COD QUALITY OF LIFE DIVISION,WHITE,4/15/2025,1,37,29,,
973478,"HUSEINOVIC, ZACHARY",ZACHARY,HUSEINOVIC,,POLICE OFFICER,27400,12/29/2021,11,179,PBQS JAMAICA AVE BID,WHITE,12/21/2022,,112,67,1,
935036,"HUSIC, RAMIZ",RAMIZ,HUSIC,,LIEUTENANT,,7/1/2004,6,21,068 PRECINCT,WHITE,11/2/2021,,12,7,2,
975545,"HUSSAIN, ADIL A",ADIL,HUSSAIN,A,POLICE OFFICER,17554,10/19/2022,0,16,PBMS THEATER DISTRICT UNIT,ASIAN,3/3/2025,,14,2,,
961531,"HUSSAIN, ADNAN",ADNAN,HUSSAIN,,SERGEANT,1316,4/6/2016,15,138,TRANSIT STANDARDS & ASSESSMENTS UNIT,WHITE,5/5/2025,,78,55,5,
972699,"HUSSAIN, ADNAN",ADNAN,HUSSAIN,,POLICE OFFICER,8014,10/12/2021,14,104,069 PRECINCT,ASIAN,4/14/2022,,35,69,,
979235,"HUSSAIN, AJMAL",AJMAL,HUSSAIN,,POLICE OFFICER,5648,4/24/2024,0,13,048 PRECINCT,ASIAN,11/18/2024,,12,1,,
977192,"HUSSAIN, ALAM",ALAM,HUSSAIN,,POLICE OFFICER,20636,7/5/2023,0,27,075 PRECINCT,ASIAN,1/1/2024,,24,4,,
967927,"HUSSAIN, ALAUDDIN",ALAUDDIN,HUSSAIN,,POLICE OFFICER,18550,7/1/2019,0,24,TRANSIT DISTRICT 32,ASIAN,8/12/2020,,13,7,4,
976188,"HUSSAIN, ALEEM",ALEEM,HUSSAIN,,POLICE OFFICER,1570,1/17/2023,0,26,100 PRECINCT,ASIAN,9/9/2025,,19,8,,
960697,"HUSSAIN, ALI",ALI,HUSSAIN,,POLICE OFFICER,17006,1/6/2016,0,43,PBMS THEATER DISTRICT UNIT,ASIAN,2/20/2025,,40,3,,
960698,"HUSSAIN, AMIR",AMIR,HUSSAIN,,POLICE OFFICER,11495,1/6/2016,2,63,069 PRECINCT,ASIAN,5/12/2025,,39,24,,
952873,"HUSSAIN, FUHAD",FUHAD,HUSSAIN,,SERGEANT,4778,7/11/2012,1,227,TRANSIT DISTRICT 20,ASIAN,6/2/2023,2,174,44,7,
952874,"HUSSAIN, GULZAR",GULZAR,HUSSAIN,,POLICE OFFICER,29085,7/11/2012,1,150,BROOKLYN COURT SECTION,ASIAN,2/25/2021,,120,21,9,
962489,"HUSSAIN, HAMMAD",HAMMAD,HUSSAIN,,POLICE OFFICER,21779,10/11/2016,1,41,070 PRECINCT,ASIAN,9/10/2018,,31,9,1,
972012,"HUSSAIN, HAROON",HAROON,HUSSAIN,,POLICE OFFICER,27720,7/7/2021,0,190,013 PRECINCT,ASIAN,12/30/2021,2,99,89,,
983321,"HUSSAIN, HASSAN",HASSAN,HUSSAIN,,POLICE OFFICER,,8/20/2025,0,0,RTS RECRUITS,ASIAN,8/20/2025,,,,,
962490,"HUSSAIN, IZHAR",IZHAR,HUSSAIN,,POLICE OFFICER,23050,10/11/2016,3,74,OPERATIONS & ANALYSIS SECTION,ASIAN,6/24/2024,,56,13,5,
965203,"HUSSAIN, JAVAID",JAVAID,HUSSAIN,,POLICE OFFICER,31794,1/10/2018,3,68,113 PRECINCT,ASIAN,3/7/2022,,50,18,,
974197,"HUSSAIN, MD J",MD,HUSSAIN,J,POLICE OFFICER,13053,4/13/2022,0,19,HOUSING PSA 8,ASIAN,12/26/2022,,14,5,,
980606,"HUSSAIN, MD K",MD,HUSSAIN,K,POLICE OFFICER,20276,10/30/2024,0,17,040 PCT FIELD TRAINING UNIT,ASIAN,7/28/2025,,12,7,,
942784,"HUSSAIN, MOHAMMED A",MOHAMMED,HUSSAIN,A,DETECTIVE 2ND GRADE,3546,7/20/2006,0,44,INTERNAL AFFAIRS BUREAU,ASIAN,10/24/2022,2,32,5,5,
961826,"HUSSAIN, MOHAMMED A",MOHAMMED,HUSSAIN,A,SERGEANT,2905,7/13/2016,7,41,INTERNAL AFFAIRS BUREAU,WHITE,5/7/2024,,23,17,1,
964565,"HUSSAIN, MOHAMMED K",MOHAMMED,HUSSAIN,K,POLICE OFFICER,16916,10/18/2017,3,90,MANHATTAN COURT SECTION,ASIAN,3/17/2025,,55,34,1,
976526,"HUSSAIN, MOHAMMED",MOHAMMED,HUSSAIN,,POLICE OFFICER,1606,1/31/2023,0,60,032 PRECINCT,ASIAN,6/10/2025,,40,19,1,
960699,"HUSSAIN, MONJUR",MONJUR,HUSSAIN,,DETECTIVE SPECIALIST,4485,1/6/2016,0,61,TRANSIT DISTRICT 23,ASIAN,2/14/2017,,54,4,3,
983322,"HUSSAIN, MUAZZEM",MUAZZEM,HUSSAIN,,POLICE OFFICER,,8/20/2025,0,0,RTS RECRUITS,ASIAN,8/20/2025,,,,,
974927,"HUSSAIN, NABEEL",NABEEL,HUSSAIN,,POLICE OFFICER,24168,7/13/2022,2,22,076 PRECINCT,ASIAN,1/5/2023,,17,5,,
967117,"HUSSAIN, SHAHRIAR",SHAHRIAR,HUSSAIN,,POLICE OFFICER,26768,1/3/2019,0,25,SSD YOUTH RESPONSE TEAM,ASIAN,4/1/2024,,18,7,,
969807,"HUSSAIN, SHAHZAD",SHAHZAD,HUSSAIN,,POLICE OFFICER,24380,11/2/2020,0,9,TRANSIT DISTRICT 30,ASIAN,5/10/2021,,7,,2,
982363,"HUSSAIN, SYED T",SYED,HUSSAIN,T,POLICE OFFICER,31097,4/30/2025,0,0,RTS RECRUITS,ASIAN,4/30/2025,,,,,
976717,"HUSSAIN, SYEDA F",SYEDA,HUSSAIN,F,POLICE OFFICER,30259,4/26/2023,0,32,041 PRECINCT,ASIAN,10/31/2023,,24,8,,
981411,"HUSSAIN, ZIBAN",ZIBAN,HUSSAIN,,POLICE OFFICER,27432,1/29/2025,0,7,025 PCT FIELD TRAINING UNIT,ASIAN,8/7/2025,,4,3,,
944271,"HUSSEIN, ABDULLRAHA",ABDULLRAHA,HUSSEIN,,CAPTAIN,,7/9/2007,2,71,063 PRECINCT,WHITE,5/17/2024,1,52,14,4,
969808,"HUSSEIN, AYAH",AYAH,HUSSEIN,,POLICE OFFICER,11624,11/2/2020,1,137,018 PCT-MIDTOWN NO. PCT,WHITE,5/10/2021,,89,48,,
982364,"HUSSEIN, OBEDA H",OBEDA,HUSSEIN,H,POLICE OFFICER,31824,4/30/2025,0,0,RTS RECRUITS,WHITE,4/30/2025,,,,,
972700,"HUSSEIN, SHAMYAA E",SHAMYAA,HUSSEIN,E,POLICE OFFICER,3376,10/12/2021,0,29,060 PRECINCT,WHITE,4/14/2022,,9,20,,
946420,"HUSSEINY, HASSAN E",HASSAN,HUSSEINY,E,DETECTIVE 3RD GRADE,5730,1/7/2008,0,12,QUARTERMASTER SECTION,WHITE,6/23/2025,,6,,6,
967118,"HUSSEY, STEVEN M",STEVEN,HUSSEY,M,POLICE OFFICER,11464,1/3/2019,3,106,033 PRECINCT,WHITE,10/15/2020,,51,55,,
951835,"HUSSEY, TANISHA N",TANISHA,HUSSEY,N,SERGEANT,4710,1/9/2012,0,107,HOUSING PSA 9,BLACK,7/29/2024,1,63,19,23,1
945420,"HUTCHINSON, ANASSA T",ANASSA,HUTCHINSON,T,LIEUTENANT,,1/7/2008,0,138,BRONX COURT SECTION,BLACK,9/28/2021,,111,1,26,
981412,"HUTCHINSON, OMAR D",OMAR,HUTCHINSON,D,POLICE OFFICER,28432,1/29/2025,0,6,079 PCT FIELD TRAINING UNIT,BLACK,8/7/2025,,4,2,,
954952,"HUTCHINSON, WARREN R",WARREN,HUTCHINSON,R,DETECTIVE 3RD GRADE,3135,7/9/2013,26,229,NARC BORO BROOKLYN NORTH,WHITE,5/16/2023,1,111,107,10,
950607,"HUTCHISON, JONATHAN D",JONATHAN,HUTCHISON,D,SERGEANT,4386,7/6/2011,0,115,044 PRECINCT,WHITE,6/30/2025,,108,3,4,
977556,"HUTSON, MATTHEW J",MATTHEW,HUTSON,J,POLICE OFFICER,29056,7/19/2023,0,49,001 PRECINCT,WHITE,1/1/2024,,26,23,,
957693,"HUYNH, HAO V",HAO,HUYNH,V,DETECTIVE SPECIALIST,7689,1/7/2015,7,62,109 PRECINCT,ASIAN,1/7/2023,,46,16,,
977193,"HUYNH, MATTHEW",MATTHEW,HUYNH,,POLICE OFFICER,14681,7/5/2023,0,41,066 PRECINCT,ASIAN,1/1/2024,,29,13,,
963074,"HUYNH, PHILIP",PHILIP,HUYNH,,POLICE OFFICER,21011,1/4/2017,19,134,068 PRECINCT,ASIAN,2/7/2018,3,81,46,4,
969809,"HUYUK, CEYDA",CEYDA,HUYUK,,POLICE OFFICER,22503,11/2/2020,6,64,112 PRECINCT,WHITE,5/10/2021,,40,24,,
900399,"HWANG, ALEXANDER O",ALEXANDER,HWANG,O,LIEUTENANT,,1/13/1992,1,0,009 PRECINCT,ASIAN,1/25/2021,,,,,
981413,"HWANG, DEUKHYUN",DEUKHYUN,HWANG,,POLICE OFFICER,354,1/29/2025,0,2,034 PCT FIELD TRAINING UNIT,ASIAN,8/7/2025,,1,1,,
954953,"HWANG, DIANE",DIANE,HWANG,,SERGEANT,3515,7/9/2013,1,82,TRANSIT BORO MAN TASK FORCE,ASIAN,5/8/2023,,58,2,22,
977959,"HWANG, RAYMOND",RAYMOND,HWANG,,POLICE OFFICER,14430,10/25/2023,0,15,120 PRECINCT,ASIAN,5/7/2024,,8,7,,
976718,"HWANG, SHIRLEY",SHIRLEY,HWANG,,POLICE OFFICER,22857,4/26/2023,0,30,112 PRECINCT,ASIAN,9/9/2025,,26,4,,
930385,"HWANG, SUK C",SUK,HWANG,C,SERGEANT,2975,7/1/2002,1,85,LICENSE DIVISION,ASIAN,3/16/2018,,62,20,3,
957694,"HYACINTHE, JAMES",JAMES,HYACINTHE,,POLICE OFFICER,24418,1/7/2015,0,50,TRANSIT DISTRICT 34,BLACK,4/3/2023,,44,2,4,
914576,"HYDE, RICHARD J",RICHARD,HYDE,J,DETECTIVE 1ST GRADE,7677,2/28/1994,38,631,STRIKE FORCE,WHITE,8/2/2013,,194,237,,200
915928,"HYLAND, CHARLES K",CHARLES,HYLAND,K,LT DET COMMANDER,,6/30/1995,7,4,CEIS FRAUD COLLISION INV SQUAD,WHITE,2/1/2021,,4,,,
895568,"HYLAND, MATTHEW M",MATTHEW,HYLAND,M,INSPECTOR,,7/5/1989,13,0,CRIMINAL ENTERPRISE INVEST SEC,WHITE,12/30/2019,,,,,
951836,"HYLAND, ROBERT T",ROBERT,HYLAND,T,SERGEANT,3268,1/9/2012,1,102,112 PRECINCT,WHITE,6/18/2018,,71,2,29,
945836,"HYLAND, STEVEN J",STEVEN,HYLAND,J,CAPTAIN,,1/7/2008,2,84,BROOKLYN COURT SECTION,WHITE,3/18/2025,2,49,28,5,
958678,"HYLAND, TAMISHA L",TAMISHA,HYLAND,L,POLICE OFFICER,18165,7/8/2015,0,26,TRANSIT DISTRICT 4,BLACK,5/20/2024,,24,2,,
957695,"HYLTON, ALICIA D",ALICIA,HYLTON,D,POLICE OFFICER,23100,1/7/2015,2,44,TRANSIT DISTRICT 34,BLACK,9/5/2017,,38,1,5,
965205,"HYLTON, NEVILLE M",NEVILLE,HYLTON,M,POLICE OFFICER,514,1/10/2018,0,6,TRANSIT DISTRICT 3,HISPANIC,6/17/2019,,5,1,,
950608,"HYMAN, DAVID A",DAVID,HYMAN,A,LIEUTENANT,,7/6/2011,1,286,009 PRECINCT,WHITE,9/19/2024,11,121,137,17,
948222,"HYMAN, VARNISHA N",VARNISHA,HYMAN,N,SERGEANT,1725,7/14/2009,0,86,DBBX EVIDENCE COLLECTION TEAM,BLACK,5/19/2025,,80,6,,
922530,"HYNES, JAMES F",JAMES,HYNES,F,CAPTAIN,,8/31/1998,3,30,IAB GROUP 26,WHITE,7/5/2024,,17,13,,
960700,"HYNES, JAMES R",JAMES,HYNES,R,POLICE OFFICER,1380,1/6/2016,0,20,TRANSIT DISTRICT 1,WHITE,2/14/2017,,19,,1,
940279,"HYNES, MATTHEW J",MATTHEW,HYNES,J,LIEUTENANT,,1/9/2006,0,186,024 PRECINCT,WHITE,2/23/2022,2,111,64,9,
943385,"HYNES, SEAN P",SEAN,HYNES,P,DETECTIVE 3RD GRADE,1486,1/10/2007,6,747,114TH DET SQUAD,WHITE,12/17/2021,3,436,294,14,
965206,"HYNES, TRISTAN P",TRISTAN,HYNES,P,POLICE OFFICER,29262,1/10/2018,2,11,TRANSIT DISTRICT 4,WHITE,11/21/2022,,6,5,,
967554,"HYPPOLITE, BERSON",BERSON,HYPPOLITE,,POLICE OFFICER,13668,4/15/2019,4,80,WARRANT SECTION,BLACK,10/3/2024,,38,41,1,
952875,"HYPPOLITE, BERVENS",BERVENS,HYPPOLITE,,SERGEANT,1540,7/11/2012,0,83,TRANSIT DISTRICT 20,BLACK,10/28/2024,1,51,10,21,
977557,"HYPPOLITE, EINSCHTEIN",EINSCHTEIN,HYPPOLITE,,POLICE OFFICER,13616,7/19/2023,0,4,TRANSIT DISTRICT 4,BLACK,1/1/2024,,3,1,,
938691,"HYPPOLITE, JHON C",JHON,HYPPOLITE,C,DETECTIVE 1ST GRADE,2763,7/11/2005,2,75,CRIMINAL ENTERPRISE INVEST SEC,BLACK,2/12/2024,,54,10,9,2
978557,"HYPPOLITE, SCHNEIDER",SCHNEIDER,HYPPOLITE,,POLICE OFFICER,19090,1/3/2024,0,10,042 PRECINCT,BLACK,7/16/2024,,8,2,,
971098,"HYSKO, MEGI",MEGI,HYSKO,,POLICE OFFICER,24088,2/24/2021,2,8,CENTRAL PARK PRECINCT,WHITE,8/26/2021,,5,3,,
968500,"HYSON, DOMINIQUE A",DOMINIQUE,HYSON,A,POLICE OFFICER,25571,10/7/2019,8,132,114 PRECINCT,BLACK,3/10/2021,,81,51,,
948545,"HYUN, DAVID C",DAVID,HYUN,C,POLICE OFFICER,6587,1/11/2010,0,248,PBMS BID TEAM,ASIAN,6/26/2022,,169,5,74,
954956,"IABONI, JOSEPH A",JOSEPH,IABONI,A,DETECTIVE 3RD GRADE,7340,7/9/2013,4,99,DA SQUAD QUEENS,WHITE,7/1/2023,5,54,36,3,1
966636,"IACONO, VINCENT J",VINCENT,IACONO,J,POLICE OFFICER,8536,10/24/2018,5,61,103 PRECINCT,HISPANIC,11/25/2019,,35,26,,
979237,"IACOVETTA, JESSE J",JESSE,IACOVETTA,J,POLICE OFFICER,2297,4/24/2024,0,26,115 PRECINCT,ASIAN,11/1/2024,,24,2,,
947092,"IACOVIDES, CHRISTOPHER",CHRISTOPHER,IACOVIDES,,POLICE OFFICER,11871,7/8/2008,0,273,CRITICAL RESPONSE COMMAND,WHITE,12/5/2015,2,244,23,3,1
935038,"IACOVIDES, DANIEL T",DANIEL,IACOVIDES,T,POLICE OFFICER,10412,7/1/2004,4,702,CRITICAL RESPONSE COMMAND,WHITE,9/15/2018,2,669,29,2,
975546,"IACOVIELLO, VITO",VITO,IACOVIELLO,,POLICE OFFICER,2850,10/19/2022,0,30,121 PRECINCT,WHITE,4/25/2023,,22,8,,
952876,"IACOVINO, PHILIP A",PHILIP,IACOVINO,A,DETECTIVE 3RD GRADE,4916,7/11/2012,6,89,CRIME SCENE UNIT,WHITE,1/16/2021,,53,34,2,
982365,"IADANZA, MICHAEL V",MICHAEL,IADANZA,V,POLICE OFFICER,22046,4/30/2025,0,0,RTS RECRUITS,WHITE,4/30/2025,,,,,
952877,"IAKOVLEV, YEVGENIY",YEVGENIY,IAKOVLEV,,SERGEANT,3519,7/11/2012,0,242,INTERNAL AFFAIRS BUREAU,WHITE,6/19/2024,,205,6,31,
935039,"IALLONARDI, JOSEPH",JOSEPH,IALLONARDI,,POLICE OFFICER,28495,7/1/2004,1,163,122 PRECINCT,WHITE,1/10/2005,,135,27,1,
944664,"IAN, CHIKEI",CHIKEI,IAN,,LIEUTENANT,,7/9/2007,5,84,043 PRECINCT,ASIAN,1/5/2021,,59,16,9,
969127,"IANCU, VALENTIN I",VALENTIN,IANCU,I,POLICE OFFICER,8585,1/6/2020,6,89,084 PRECINCT,WHITE,3/10/2021,,54,33,2,
977960,"IANNELLO, JOSEPH H",JOSEPH,IANNELLO,H,POLICE OFFICER,6721,10/25/2023,0,6,017 PRECINCT,WHITE,5/7/2024,,5,1,,
970606,"IANNETTA, APRIL L",APRIL,IANNETTA,L,POLICE OFFICER,20881,12/29/2020,0,49,108 PRECINCT,WHITE,7/1/2021,,27,22,,
956751,"IANNIELLI, DONALD C",DONALD,IANNIELLI,C,SERGEANT,2406,7/9/2014,2,67,STRATEGIC RESP GRP 4 QUEENS,WHITE,9/9/2025,,43,23,1,
944665,"IANNO, CHRISTOPHER J",CHRISTOPHER,IANNO,J,POLICE OFFICER,13581,7/9/2007,3,258,TRANSIT DISTRICT 2,WHITE,5/20/2022,2,190,60,6,
935040,"IANNO, JASON",JASON,IANNO,,POLICE OFFICER,12849,7/1/2004,10,281,CRIME PREVENTION DIVISION,WHITE,10/30/2023,1,173,61,46,
953982,"IANNUCCI, NICHOLAS C",NICHOLAS,IANNUCCI,C,POLICE OFFICER,6427,1/9/2013,4,60,HOUSING PSA 8,WHITE,11/20/2013,,48,10,2,
974198,"IANNUZZI, MATTHEW G",MATTHEW,IANNUZZI,G,POLICE OFFICER,13055,4/13/2022,0,18,TIMES SQUARE UNIT,HISPANIC,12/26/2022,,15,3,,
948048,"IANNUZZI, MICHAEL",MICHAEL,IANNUZZI,,LIEUTENANT,,1/14/2009,7,84,084 PRECINCT,WHITE,3/18/2020,1,69,10,4,
955996,"IANUALE, PAUL M",PAUL,IANUALE,M,LIEUTENANT,,1/8/2014,0,26,078 PRECINCT,WHITE,9/19/2024,,19,1,6,
926976,"IAQUINTO, THOMAS G",THOMAS,IAQUINTO,G,SGT DET SQUAD,2253,9/29/2000,14,54,TECH. ASSIST. & RESPONSE UNIT,WHITE,2/28/2011,,28,26,,
966113,"IBASAN, MICHAELEVANS L",MICHAELEVANS,IBASAN,L,POLICE OFFICER,13189,7/2/2018,0,21,AVIATION UNIT,ASIAN,4/5/2023,,16,4,1,
967555,"IBO, NAHOUNOU A",NAHOUNOU,IBO,A,POLICE OFFICER,15379,4/15/2019,0,13,CITYWIDE TRAFFIC TF,BLACK,9/11/2023,,10,3,,
964567,"IBRAGIMOV, JOVDAT",JOVDAT,IBRAGIMOV,,POLICE OFFICER,10706,10/18/2017,0,16,TRANSIT DISTRICT 12,WHITE,12/6/2018,,11,4,1,
981414,"IBRAHIM, BESHOY S",BESHOY,IBRAHIM,S,POLICE OFFICER,1289,1/29/2025,0,8,120 PCT FIELD TRAINING UNIT,WHITE,8/7/2025,,5,3,,
975547,"IBRAHIM, FARED",FARED,IBRAHIM,,POLICE OFFICER,20899,10/19/2022,0,16,007 PRECINCT,WHITE,4/25/2023,,12,4,,
974199,"IBRAHIM, KHONDOKAR M",KHONDOKAR,IBRAHIM,M,POLICE OFFICER,13333,4/13/2022,0,5,TRANSIT DISTRICT 4,ASIAN,12/26/2022,,3,,2,
950610,"IBRAHIM, MAGED S",MAGED,IBRAHIM,S,LIEUTENANT,,7/6/2011,20,192,QUALITY ASSURANCE SECTION,WHITE,10/17/2024,1,115,64,12,
969128,"IBRAHIM, MUHAMMAD",MUHAMMAD,IBRAHIM,,POLICE OFFICER,16614,1/6/2020,0,31,HOUSING PSA 1,ASIAN,3/8/2021,,22,8,1,
963075,"IBRAHIM, OMAR",OMAR,IBRAHIM,,DETECTIVE 3RD GRADE,2750,1/4/2017,3,124,INTEL CIS FIO PROGRAM,HISPANIC,3/24/2023,,63,61,,
970608,"IBRAHIM, PHILEP F",PHILEP,IBRAHIM,F,POLICE OFFICER,12399,12/29/2020,0,31,121 PRECINCT,WHITE,9/8/2025,,20,10,1,
976189,"IBRAHIM, WAFFAA A",WAFFAA,IBRAHIM,A,POLICE OFFICER,7043,1/17/2023,0,103,060 PRECINCT,HISPANIC,7/26/2023,,60,43,,
950611,"IBRAHIM, WALID",WALID,IBRAHIM,,SERGEANT,2165,7/6/2011,0,73,077 PRECINCT,WHITE,10/4/2021,1,51,15,6,
973480,"IBRAHIM, YOUSF A",YOUSF,IBRAHIM,A,POLICE OFFICER,28634,12/29/2021,1,10,HOUSING PSA 1,WHITE,12/21/2022,,6,4,,
977961,"IBRAHIM, YOUSSEF S",YOUSSEF,IBRAHIM,S,POLICE OFFICER,14757,10/25/2023,0,27,071 PRECINCT,WHITE,5/7/2024,,23,4,,
963076,"IBRAHIMAGIC, ANES",ANES,IBRAHIMAGIC,,POLICE OFFICER,23973,1/4/2017,1,27,109 PRECINCT,WHITE,2/7/2022,,20,7,,
975548,"IBRAHIMI, KASTRIOT",KASTRIOT,IBRAHIMI,,POLICE OFFICER,17558,10/19/2022,0,23,TRANSIT DISTRICT 11,WHITE,4/25/2023,,23,,,
972349,"IBRAHIMKHAIL, HAMID W",HAMID,IBRAHIMKHAIL,W,POLICE OFFICER,26194,7/9/2021,0,23,010 PRECINCT,ASIAN,12/30/2021,,18,5,,
982042,"IBROCI, RAMO",RAMO,IBROCI,,POLICE OFFICER,26382,2/12/2025,0,1,077 PCT FIELD TRAINING UNIT,WHITE,8/7/2025,,1,,,
969811,"IDOWU, ADESINA",ADESINA,IDOWU,,POLICE OFFICER,10651,11/2/2020,0,72,028 PRECINCT,BLACK,5/10/2021,,57,15,,
952878,"IDOWU, KENNY A",KENNY,IDOWU,A,POLICE OFFICER,12385,7/11/2012,0,43,HOUSING PSA 3,BLACK,2/17/2025,3,21,5,14,
981415,"IDREES, ABDULLAH",ABDULLAH,IDREES,,POLICE OFFICER,3578,1/29/2025,0,4,PSA 2 FIELD TRAINING UNIT,ASIAN,8/7/2025,,3,1,,
983324,"IDRIS, SARAH D",SARAH,IDRIS,D,POLICE OFFICER,,8/20/2025,0,0,RTS RECRUITS,WHITE,8/20/2025,,,,,
932999,"IEMMA, THERESA H",THERESA,IEMMA,H,POLICE OFFICER,28662,7/1/2003,1,53,AVIATION UNIT,WHITE,8/14/2017,,41,12,,
959703,"IERACI, JOSEPH",JOSEPH,IERACI,,POLICE OFFICER,21610,10/7/2015,1,54,122 PRECINCT,WHITE,11/18/2016,,37,17,,
941924,"IERARDI, CHRISTOPHER A",CHRISTOPHER,IERARDI,A,POLICE OFFICER,14555,7/10/2006,1,44,FIREARMS & TACTICS SECTION,WHITE,10/5/2014,,31,6,7,
950612,"IERNA, JOSEPH A",JOSEPH,IERNA,A,DETECTIVE 3RD GRADE,7209,7/6/2011,7,252,DRUG ENFORCEMENT TASK FORCE,WHITE,2/17/2025,1,163,62,8,18
948342,"IERVASI, VIRGINIA",VIRGINIA,IERVASI,,POLICE OFFICER,27128,7/14/2009,0,67,076 PRECINCT,HISPANIC,5/23/2022,,52,15,,
980607,"IFAZ, FARHAN A",FARHAN,IFAZ,A,POLICE OFFICER,21885,10/30/2024,0,5,077 PCT FIELD TRAINING UNIT,ASIAN,7/28/2025,,4,1,,
980608,"IFAZ, MDTHAMIDARIF",MDTHAMIDARIF,IFAZ,,POLICE OFFICER,27189,10/30/2024,0,2,PSA 8 FIELD TRAINING UNIT,ASIAN,7/28/2025,,2,,,
949125,"IFTEKHER, MASHFIQ",MASHFIQ,IFTEKHER,,DETECTIVE 2ND GRADE,3650,7/6/2010,0,137,MUNICIPAL SECURITY SECTION,ASIAN,6/28/2022,2,88,37,9,1
948356,"IFTIKHAR, KASHIF",KASHIF,IFTIKHAR,,POLICE OFFICER,27438,7/14/2009,2,116,CT OPERATIONAL SUPPORT SECTION,ASIAN,3/31/2025,3,92,20,1,
979942,"IFTIKHAR, SHARJEEL",SHARJEEL,IFTIKHAR,,POLICE OFFICER,8579,7/3/2024,0,19,107 PRECINCT,ASIAN,9/15/2025,,15,4,,
960702,"IFTIKHAR, ZAGUM",ZAGUM,IFTIKHAR,,POLICE OFFICER,14647,1/6/2016,1,32,TRANSIT DISTRICT 33,ASIAN,2/14/2017,,24,4,4,
950613,"IGITYAN, GAREN",GAREN,IGITYAN,,LIEUTENANT,,7/6/2011,14,195,TRANSIT BORO MAN TASK FORCE,WHITE,5/13/2024,,178,4,13,
960703,"IGLESIAS, ANTHONY L",ANTHONY,IGLESIAS,L,DETECTIVE 2ND GRADE,6225,1/6/2016,0,156,JFK TASK FORCE,HISPANIC,8/4/2022,2,65,73,4,12
941925,"IGLESIAS, EDWIN E",EDWIN,IGLESIAS,E,DETECTIVE 3RD GRADE,5706,7/10/2006,0,160,DBQS EVIDENCE COLLECTION TEAM,HISPANIC,5/19/2025,,47,3,110,
949126,"IGLESIAS, FRANKIE G",FRANKIE,IGLESIAS,G,POLICE OFFICER,2559,7/6/2010,0,50,YOUTH STRATEGIES DIVISION,HISPANIC,10/16/2023,,35,6,9,
941926,"IGLESIAS, MIGUEL J",MIGUEL,IGLESIAS,J,INSPECTOR,,7/10/2006,9,495,DET BORO BRONX,HISPANIC,5/7/2021,,444,51,,
969812,"IGLESIAS, SHAWN A",SHAWN,IGLESIAS,A,DETECTIVE 3RD GRADE,2573,11/2/2020,0,57,BKLYN ROBBERY SQ,BLACK,6/14/2023,1,34,22,,
941927,"IGNATZ, MICHAEL A",MICHAEL,IGNATZ,A,DETECTIVE SPECIALIST,6067,7/10/2006,0,192,090 PRECINCT,WHITE,11/21/2007,,134,23,35,
975550,"IGNESGONZALEZ, MIGUEL A",MIGUEL,IGNESGONZALEZ,A,POLICE OFFICER,23047,10/19/2022,1,79,032 PRECINCT,HISPANIC,4/25/2023,,44,34,1,
923970,"IGOE, PATRICK J",PATRICK,IGOE,J,LT SPECIAL ASSIGN,,7/7/1999,2,101,QUALITY ASSURANCE SECTION,WHITE,1/23/2012,2,61,29,8,1
976190,"IGUINA, MICHAEL P",MICHAEL,IGUINA,P,POLICE OFFICER,11016,1/17/2023,0,61,019 PRECINCT,HISPANIC,7/26/2023,,46,15,,
981416,"IJAZ, ALI",ALI,IJAZ,,POLICE OFFICER,25309,1/29/2025,0,6,070 PCT FIELD TRAINING UNIT,ASIAN,8/7/2025,,4,2,,
982366,"IJAZ, UMAR",UMAR,IJAZ,,POLICE OFFICER,22298,4/30/2025,0,0,RTS RECRUITS,ASIAN,4/30/2025,,,,,
975551,"IKBAL, MOHAMMAD",MOHAMMAD,IKBAL,,POLICE OFFICER,23078,10/19/2022,0,23,TRANSIT DISTRICT 4,ASIAN,4/25/2023,,18,5,,
954959,"ILAHI, KHALID",KHALID,ILAHI,,DETECTIVE 3RD GRADE,7600,7/9/2013,0,47,INTERNAL AFFAIRS BUREAU,ASIAN,2/26/2022,1,41,5,,
950614,"ILAO, MAURICE C",MAURICE,ILAO,C,SERGEANT,562,7/6/2011,2,43,081 PRECINCT,ASIAN,12/30/2024,2,25,5,11,
974930,"ILDEFONSO, MARKEE",MARKEE,ILDEFONSO,,POLICE OFFICER,17361,7/13/2022,1,30,109 PRECINCT,HISPANIC,2/27/2023,,25,5,,
953984,"ILLESCA, JOSEPH A",JOSEPH,ILLESCA,A,SERGEANT,3521,1/9/2013,6,73,044 PRECINCT,HISPANIC,10/31/2022,,58,14,1,
960704,"ILLIANO, ANTHONY S",ANTHONY,ILLIANO,S,SERGEANT,3070,1/6/2016,7,94,UNIFORMED PROMOTIONS TRN UNIT,WHITE,10/3/2025,,50,42,2,
944667,"ILUSTRE, ROMAN L",ROMAN,ILUSTRE,L,DETECTIVE 3RD GRADE,1262,7/9/2007,4,390,JOINT TERRORIST TASK FORCE,ASIAN,11/15/2021,1,232,147,10,
979634,"ILYAS, MOHAMMAD",MOHAMMAD,ILYAS,,POLICE OFFICER,5649,5/8/2024,0,28,006 PRECINCT,HISPANIC,11/1/2024,,23,5,,
969129,"ILYAS, SHAHEER",SHAHEER,ILYAS,,POLICE OFFICER,7509,1/6/2020,8,142,QN AUTO LARCENY UNIT,ASIAN,8/9/2023,2,62,77,1,
972397,"IMAM, HASAN",HASAN,IMAM,,POLICE OFFICER,24148,7/13/2021,1,33,HOUSING PSA 2,ASIAN,12/30/2021,,17,16,,
968501,"IMBEMBO, SAMANTHA N",SAMANTHA,IMBEMBO,N,POLICE OFFICER,27276,10/7/2019,1,76,LICENSE DIVISION,WHITE,2/20/2024,,57,19,,
980609,"IMBERT, BERMA L",BERMA,IMBERT,L,POLICE OFFICER,18851,10/30/2024,0,6,073 PCT FIELD TRAINING UNIT,BLACK,7/28/2025,,6,,,
940281,"IMBERT, CESAR E",CESAR,IMBERT,E,CAPTAIN,,1/9/2006,13,138,052 PRECINCT,HISPANIC,10/13/2025,,72,65,1,
979943,"IMBRIANO, ANDREW",ANDREW,IMBRIANO,,POLICE OFFICER,769,7/3/2024,0,7,068 PRECINCT,WHITE,6/23/2025,,7,,,
955997,"IMMENDORFER, ROBERT C",ROBERT,IMMENDORFER,C,POLICE OFFICER,15936,1/8/2014,1,70,DBQS EVIDENCE COLLECTION TEAM,WHITE,8/15/2025,5,55,6,4,
943386,"IMPERATO, ADAM L",ADAM,IMPERATO,L,DETECTIVE SPECIALIST,2991,1/10/2007,5,106,EMER SERV SQ 02,WHITE,6/15/2018,,94,9,3,
927243,"IMPERATO, MICHAEL J",MICHAEL,IMPERATO,J,POLICE OFFICER,24617,10/10/2000,1,108,PATROL BORO QUEENS NORTH,WHITE,3/26/2013,2,86,17,3,
949127,"IMPERATO, NICHOLAS C",NICHOLAS,IMPERATO,C,SERGEANT,847,7/6/2010,1,71,109 PRECINCT,WHITE,10/17/2025,,59,5,7,
940282,"IMPERATRICE, JOSEPH V",JOSEPH,IMPERATRICE,V,SERGEANT,3504,1/9/2006,31,261,DET BORO STATEN ISLAND,WHITE,4/24/2023,4,182,55,20,
956756,"IMPERIAL, CHRISTOPHER J",CHRISTOPHER,IMPERIAL,J,POLICE OFFICER,12617,7/9/2014,2,42,AVIATION UNIT,HISPANIC,7/23/2024,,31,8,3,
945421,"IMPROTA, SALVATOR",SALVATOR,IMPROTA,,DETECTIVE 3RD GRADE,5112,1/7/2008,0,458,120 DETECTIVE SQUAD,WHITE,7/29/2016,1,207,250,1,
982367,"IMRAN, MOHAMMAD A",MOHAMMAD,IMRAN,A,POLICE OFFICER,22696,4/30/2025,0,0,RTS RECRUITS,ASIAN,4/30/2025,,,,,
974931,"IMRAN, MUHAMMAD J",MUHAMMAD,IMRAN,J,POLICE OFFICER,25127,7/13/2022,2,67,106 PRECINCT,ASIAN,1/5/2023,,53,14,,
981417,"IMRAN, MUHAMMAD H",MUHAMMAD,IMRAN,H,POLICE OFFICER,6833,1/29/2025,0,0,046 PCT FIELD TRAINING UNIT,ASIAN,8/7/2025,,,,,
973481,"IMTIAZ, ADEEL",ADEEL,IMTIAZ,,POLICE OFFICER,30638,12/29/2021,1,13,TRANSIT DISTRICT 2,ASIAN,12/21/2022,,12,,1,
960705,"IMTIAZ, ATTIQ",ATTIQ,IMTIAZ,,SERGEANT,2822,1/6/2016,1,51,UNIFORMED PROMOTIONS TRN UNIT,ASIAN,10/3/2025,,42,1,8,
962493,"INCANTALUPO, ANDREW P",ANDREW,INCANTALUPO,P,POLICE OFFICER,19516,10/11/2016,1,101,104 PRECINCT,WHITE,12/13/2017,,76,25,,
965209,"INCE, BRIAN A",BRIAN,INCE,A,POLICE OFFICER,29270,1/10/2018,0,28,101 PRECINCT,BLACK,5/8/2019,,15,13,,
965754,"INCLE, KRISTEN T",KRISTEN,INCLE,T,POLICE OFFICER,8989,4/25/2018,9,83,030 PRECINCT,HISPANIC,5/23/2019,,46,37,,
972013,"INCORVAIA, NICHOLAS G",NICHOLAS,INCORVAIA,G,POLICE OFFICER,25224,7/7/2021,0,37,120 PRECINCT,WHITE,12/30/2021,,26,11,,
967556,"INCORVAIA, PAUL N",PAUL,INCORVAIA,N,SERGEANT,3844,4/15/2019,3,75,063 PRECINCT,WHITE,5/27/2024,1,42,31,1,
950616,"INDELICATO, JAMES J",JAMES,INDELICATO,J,POLICE OFFICER,13208,7/6/2011,6,160,113 PRECINCT,WHITE,11/19/2012,,98,57,5,
980610,"INDERDEO, BRANDON",BRANDON,INDERDEO,,POLICE OFFICER,29845,10/30/2024,0,4,044 PCT FIELD TRAINING UNIT,ASIAN,7/28/2025,,3,1,,
961827,"INDIVIGLIA, ALFIO J",ALFIO,INDIVIGLIA,J,POLICE OFFICER,3909,7/13/2016,3,165,042 DOMESTIC VIOLENCE SQUAD,WHITE,10/20/2025,,123,40,2,
979238,"INDIVIGLIO, DOMINICK C",DOMINICK,INDIVIGLIO,C,POLICE OFFICER,30307,4/24/2024,0,26,109 PRECINCT,HISPANIC,11/1/2024,,18,8,,
975552,"INDIVIGLIO, JOSHUA C",JOSHUA,INDIVIGLIO,C,POLICE OFFICER,16280,10/19/2022,1,64,073 PRECINCT,HISPANIC,5/29/2025,,33,31,,
957697,"INDIVIGLIO, MARK J",MARK,INDIVIGLIO,J,POLICE OFFICER,16047,1/7/2015,1,80,HOUSING PSA 3,WHITE,7/3/2015,,70,5,5,
958716,"INDOVINO, CHRISTOPHER M",CHRISTOPHER,INDOVINO,M,SERGEANT,1324,7/8/2015,4,110,109 PRECINCT,WHITE,8/28/2023,1,73,36,,
972014,"INFANTE, CLAIRE",CLAIRE,INFANTE,,POLICE OFFICER,26956,7/7/2021,1,32,041 PRECINCT,HISPANIC,12/30/2021,,20,12,,
983325,"INFANTE, GAVINO J",GAVINO,INFANTE,J,POLICE OFFICER,,8/20/2025,0,0,RTS RECRUITS,WHITE,8/20/2025,,,,,
941928,"INFANTE, JUAN C",JUAN,INFANTE,C,DETECTIVE 2ND GRADE,6495,7/10/2006,2,547,CIVILIAN HIRING UNIT,HISPANIC,3/28/2024,,395,109,43,
957698,"INFANTE, JUNIOR A",JUNIOR,INFANTE,A,POLICE OFFICER,8274,1/7/2015,0,172,NARC BORO BRONX,HISPANIC,7/24/2025,,137,33,1,1
971485,"INFANZON, JIMMY A",JIMMY,INFANZON,A,POLICE OFFICER,12930,4/28/2021,3,77,032 PRECINCT,HISPANIC,10/28/2021,,33,43,,1
964065,"INGA, CYNTHIA T",CYNTHIA,INGA,T,POLICE OFFICER,26025,7/5/2017,2,33,TRANSIT DISTRICT 30,HISPANIC,6/26/2023,,25,1,7,
944668,"INGA, SABRINA L",SABRINA,INGA,L,DETECTIVE 3RD GRADE,2223,7/9/2007,12,412,101ST DET SQUAD,WHITE,10/22/2020,,217,185,10,
940283,"INGBER, DANIEL C",DANIEL,INGBER,C,POLICE OFFICER,5331,1/9/2006,2,160,075 PRECINCT,WHITE,9/9/2025,,90,66,4,
950617,"INGEBRETHSEN, FRANCIS J",FRANCIS,INGEBRETHSEN,J,POLICE OFFICER,23037,7/6/2011,5,61,PBBS COMMUNITY AFFAIRS SECTION,WHITE,3/2/2023,1,47,9,4,
950618,"INGENITO, FRANK J",FRANK,INGENITO,J,DETECTIVE 3RD GRADE,2927,7/6/2011,29,128,WARRANT SECTION,WHITE,11/4/2016,,55,51,19,3
930394,"INGIGNERI, GREGORY R",GREGORY,INGIGNERI,R,SGT SPECIAL ASSIGN,2325,7/1/2002,6,101,CHIEF OF DEPARTMENT,WHITE,5/16/2023,2,88,5,6,
940284,"INGLES, PEDRO",PEDRO,INGLES,,SERGEANT,3149,1/9/2006,2,78,TRANSIT DISTRICT 4,HISPANIC,7/15/2020,,67,10,1,
956759,"INGOGLIA, FRANCESCO B",FRANCESCO,INGOGLIA,B,DETECTIVE 3RD GRADE,7603,7/9/2014,36,103,INTEL CIS FIO PROGRAM,WHITE,9/14/2022,,60,37,6,
932809,"INGOGLIO, RONALD M",RONALD,INGOGLIO,M,POLICE OFFICER,11171,7/1/2003,0,24,PATROL BORO BRONX,WHITE,3/8/2019,,20,4,,
963077,"INGRAM, BROOKS",BROOKS,INGRAM,,POLICE OFFICER,22859,1/4/2017,0,311,PSA 2 VIPER 2,BLACK,9/5/2024,,113,198,,
945189,"INGRAM, DIANA M",DIANA,INGRAM,M,LIEUTENANT,,7/18/2007,2,114,IAB INVESTIGATIONS UNIT 22,HISPANIC,8/19/2024,1,85,25,3,
978558,"INGRAM, FRANCES A",FRANCES,INGRAM,A,POLICE OFFICER,8079,1/3/2024,0,15,023 PRECINCT,BLACK,7/16/2024,,11,4,,
945838,"INGRAM, JAMES L",JAMES,INGRAM,L,DETECTIVE 3RD GRADE,1512,1/7/2008,1,47,AC ZONE II BRONX/ MANHATTAN,BLACK,8/19/2024,,39,6,2,
977558,"INGRAM, JORDAN B",JORDAN,INGRAM,B,POLICE OFFICER,28615,7/19/2023,0,39,IN-SERVICE TRAINING SECTION,HISPANIC,10/21/2025,,31,8,,
970610,"INGRAM, RYAN J",RYAN,INGRAM,J,POLICE OFFICER,1378,12/29/2020,0,29,HOUSING PSA 2,WHITE,7/1/2021,,14,15,,
935564,"INGRAM, SHALONDA L",SHALONDA,INGRAM,L,DETECTIVE SPECIALIST,5708,7/9/2004,0,57,PATROL BORO MAN NORTH,BLACK,2/5/2024,,42,12,3,
946495,"INGRAO, FRANK D",FRANK,INGRAO,D,POLICE OFFICER,31014,1/17/2008,16,200,MILITARY & EXTENDED LEAVE DESK,WHITE,1/21/2025,2,98,95,4,1
960706,"INGRASSIA, VITO A",VITO,INGRASSIA,A,POLICE OFFICER,14177,1/6/2016,1,248,121 PRECINCT,WHITE,9/8/2018,,187,61,,
956760,"INGUA, RAYMOND J",RAYMOND,INGUA,J,POLICE OFFICER,3931,7/9/2014,0,6,MILITARY & EXTENDED LEAVE DESK,ASIAN,4/20/2015,,4,1,1,
936794,"INGULLI, MATTHEW J",MATTHEW,INGULLI,J,DETECTIVE 3RD GRADE,5273,1/10/2005,1,65,BOMB SQUAD,WHITE,11/6/2019,2,53,9,1,
935044,"INIRIO, DENNY M",DENNY,INIRIO,M,CAPTAIN,,7/1/2004,0,52,DET BORO BROOKLYN ZONE #34,HISPANIC,2/10/2025,,44,6,2,
979944,"INMAN, TAYLAH R",TAYLAH,INMAN,R,POLICE OFFICER,3618,7/3/2024,0,55,TRANSIT DISTRICT 32,BLACK,1/1/2025,,44,6,5,
982793,"INNISS, BRANDON D",BRANDON,INNISS,D,POLICE OFFICER,23116,5/14/2025,0,0,RTS RECRUITS,BLACK,5/14/2025,,,,,
979239,"INNISS, KESHIA N",KESHIA,INNISS,N,POLICE OFFICER,10019,4/24/2024,0,16,073 PRECINCT,BLACK,11/1/2024,,11,5,,
960708,"INNISS, TIFFANY T",TIFFANY,INNISS,T,DETECTIVE 3RD GRADE,4962,1/6/2016,0,210,SVU TRANSIT SPECIAL VICTIMS SQUAD,ASIAN,3/3/2024,3,147,50,10,
945210,"INNOCENT, JEAN H",JEAN,INNOCENT,H,DETECTIVE 3RD GRADE,2907,7/18/2007,15,371,INTEL CIS FIO PROGRAM,BLACK,7/15/2021,1,194,126,50,
948546,"INNOCENT, JEAN M",JEAN,INNOCENT,M,POLICE OFFICER,8089,1/11/2010,1,382,TB ANTI TERRORISM 3,BLACK,4/15/2024,,289,6,87,
974201,"INNOCENT, MATTHEW D",MATTHEW,INNOCENT,D,POLICE OFFICER,13351,4/13/2022,1,33,079 PRECINCT,BLACK,12/26/2022,,18,15,,
936795,"INNOCENT, NASSON",NASSON,INNOCENT,,DETECTIVE 2ND GRADE,2271,1/10/2005,54,999,BKLYN NORTH VICE MODULE,BLACK,10/18/2016,2,755,214,28,
956761,"INNOCENTE, JOSEPH T",JOSEPH,INNOCENTE,T,DETECTIVE 3RD GRADE,2474,7/9/2014,2,154,115TH DET SQUAD,WHITE,11/4/2021,,74,80,,
960709,"INOA, HINOLITO",HINOLITO,INOA,,DETECTIVE 3RD GRADE,6070,1/6/2016,26,245,077 DET SQUAD,HISPANIC,3/10/2023,,69,175,1,
966542,"INOA, JOSELINE",JOSELINE,INOA,,POLICE OFFICER,5109,10/24/2018,1,20,HOUSING PSA 1,HISPANIC,11/18/2019,,14,6,,
947094,"INOA, JUAN C",JUAN,INOA,C,DETECTIVE 3RD GRADE,318,7/8/2008,11,329,NARC BORO MANHATTAN SOUTH,HISPANIC,4/9/2025,1,193,84,51,
951839,"INOA, SANTIAGO",SANTIAGO,INOA,,DETECTIVE 3RD GRADE,4550,1/9/2012,3,128,INTERNAL AFFAIRS BUREAU,HISPANIC,9/8/2018,1,112,8,7,
983327,"INOADUARTE, RICHARD",RICHARD,INOADUARTE,,POLICE OFFICER,,8/20/2025,0,0,RTS RECRUITS,HISPANIC,8/20/2025,,,,,
977962,"INOAMARTINEZ, SAYURI E",SAYURI,INOAMARTINEZ,E,POLICE OFFICER,13116,10/25/2023,0,29,TRANSIT DISTRICT 12,HISPANIC,5/7/2024,,27,2,,
961828,"INSALACO, LEONARD F",LEONARD,INSALACO,F,SERGEANT,4781,7/13/2016,26,90,094 DOMESTIC VIOLENCE SQUAD,WHITE,10/20/2025,,50,37,3,
958461,"INSIGNARES, ORLANDO J",ORLANDO,INSIGNARES,J,POLICE OFFICER,17830,7/8/2015,3,72,105 PRECINCT,HISPANIC,12/30/2015,1,42,29,,
969815,"INSUASTI, GIOVANNI",GIOVANNI,INSUASTI,,POLICE OFFICER,25027,11/2/2020,0,95,001 PRECINCT,HISPANIC,5/10/2021,,60,36,,
968502,"INSUASTI, IMANI M",IMANI,INSUASTI,M,POLICE OFFICER,11473,10/7/2019,0,135,081 DOMESTIC VIOLENCE SQUAD,HISPANIC,10/20/2025,,70,65,,
925501,"INTERDONATI, MICHAEL C",MICHAEL,INTERDONATI,C,DETECTIVE 1ST GRADE,3868,3/1/2000,44,554,CEIS BORDER ENFORCEMENT SEC TASK FORCE,WHITE,5/17/2023,,111,425,1,17
944087,"INTRANUOVO, MICHAEL",MICHAEL,INTRANUOVO,,POLICE OFFICER,27427,1/23/2007,0,80,DBSI EVIDENCE COLLECTION TEAM,WHITE,8/15/2025,,64,15,1,
953986,"INTRIAGO, RAYMOND B",RAYMOND,INTRIAGO,B,POLICE OFFICER,9900,1/9/2013,0,30,HOUSING BUREAU,HISPANIC,5/16/2022,,16,3,11,
964066,"INZERILLO, JACK A",JACK,INZERILLO,A,POLICE OFFICER,23489,7/5/2017,3,149,094 PRECINCT,WHITE,1/9/2019,2,47,99,1,
973482,"IOANNOU, PHILIP H",PHILIP,IOANNOU,H,POLICE OFFICER,14867,12/29/2021,0,149,001 PRECINCT,WHITE,12/21/2022,,92,57,,
964067,"IOBBI, JOSEPH L",JOSEPH,IOBBI,L,DETECTIVE 3RD GRADE,5099,7/5/2017,22,102,INTEL CIS FIO PROGRAM,WHITE,3/24/2023,,50,51,1,
941931,"IOCCO, ADAM N",ADAM,IOCCO,N,POLICE OFFICER,20784,7/10/2006,0,117,107 PRECINCT,WHITE,9/5/2007,3,108,4,2,
975553,"IOCCO, CONSTANCE",CONSTANCE,IOCCO,,POLICE OFFICER,20973,10/19/2022,0,18,HOUSING PSA 2,WHITE,4/25/2023,,14,4,,
947095,"IOCCO, ERIC M",ERIC,IOCCO,M,DETECTIVE SPECIALIST,2914,7/8/2008,14,320,111 PRECINCT,WHITE,2/3/2022,8,253,47,11,1
951840,"IODICE, JOHN A",JOHN,IODICE,A,POLICE OFFICER,17511,1/9/2012,2,140,040 PRECINCT,WHITE,9/27/2014,3,121,13,3,
938869,"IOELE, ANSELMO",ANSELMO,IOELE,,LIEUTENANT,,7/11/2005,11,110,HOUSING PSA 7,WHITE,7/3/2018,1,72,28,9,
